Year_Birth,Education,Marital_Status,Income,Kidhome,Teenhome,Dt_Customer,Recency,MntWines,MntFruits,MntMeatProducts,MntFishProducts,MntSweetProducts,MntGoldProds,NumDealsPurchases,NumWebPurchases,NumCatalogPurchases,NumStorePurchases,NumWebVisitsMonth,AcceptedCmp3,AcceptedCmp4,AcceptedCmp5,AcceptedCmp1,AcceptedCmp2,Complain,Z_CostContact,Z_Revenue,Response,Age,Total_Spending,Total_Purchases,Children_In_Home,Campaign_Accepted,Education_Encoded,Marital_Status_Encoded,Customer_Since,Labels
1957,Graduation,Alone,58138.0,0,0,2012-09-04,58,635,88,546,172,88,88,3,8,10,4,7,0,0,0,0,0,0,3,11,1,69,1617,25,0,0,1,0,5100,0
1954,Graduation,Alone,46344.0,1,1,2014-03-08,38,11,1,6,2,1,6,2,1,1,2,5,0,0,0,0,0,0,3,11,0,72,27,6,2,0,1,0,4550,0
1965,Graduation,With_Partner,71613.0,0,0,2013-08-21,26,426,49,127,111,21,42,1,8,2,10,4,0,0,0,0,0,0,3,11,0,61,776,21,0,0,1,2,4749,0
1984,Graduation,With_Partner,26646.0,1,0,2014-02-10,26,11,4,20,10,3,5,2,2,0,4,6,0,0,0,0,0,0,3,11,0,42,53,8,1,0,1,2,4576,0
1981,PhD,With_Partner,58293.0,1,0,2014-01-19,94,173,43,118,46,27,15,5,5,3,6,5,0,0,0,0,0,0,3,11,0,45,422,19,1,0,3,2,4598,0
1967,Master,With_Partner,62513.0,0,1,2013-09-09,16,520,42,98,0,42,14,2,6,4,10,6,0,0,0,0,0,0,3,11,0,59,716,22,1,0,2,2,4730,0
1971,Graduation,Alone,55635.0,0,1,2012-11-13,34,235,65,164,50,49,27,4,7,3,7,6,0,0,0,0,0,0,3,11,0,55,590,21,1,0,1,0,5030,0
1985,PhD,With_Partner,33454.0,1,0,2013-05-08,32,76,10,56,3,1,23,2,4,0,4,8,0,0,0,0,0,0,3,11,0,41,169,10,1,0,3,2,4854,0
1974,PhD,With_Partner,30351.0,1,0,2013-06-06,19,14,0,24,3,3,2,1,3,0,2,9,0,0,0,0,0,0,3,11,1,52,46,6,1,0,3,2,4825,0
1950,PhD,With_Partner,5648.0,1,1,2014-03-13,68,28,0,6,1,1,13,1,1,0,0,20,1,0,0,0,0,0,3,11,0,76,49,2,2,1,3,2,4545,0
1983,Graduation,With_Partner,,1,0,2013-11-15,11,5,5,6,0,2,1,1,1,0,2,7,0,0,0,0,0,0,3,11,0,43,19,4,1,0,1,2,4663,0
1976,Basic,With_Partner,7500.0,0,0,2012-11-13,59,6,16,11,11,1,16,1,2,0,3,8,0,0,0,0,0,0,3,11,0,50,61,6,0,0,0,2,5030,0
1959,Graduation,Alone,63033.0,0,0,2013-11-15,82,194,61,480,225,112,30,1,3,4,8,2,0,0,0,0,0,0,3,11,0,67,1102,16,0,0,1,0,4663,0
1952,Master,Alone,59354.0,1,1,2013-11-15,53,233,2,53,3,5,14,3,6,1,5,6,0,0,0,0,0,0,3,11,0,74,310,15,2,0,2,0,4663,0
1987,Graduation,With_Partner,17323.0,0,0,2012-10-10,38,3,14,17,6,1,5,1,1,0,3,8,0,0,0,0,0,0,3,11,0,39,46,5,0,0,1,2,5064,0
1946,PhD,Alone,82800.0,0,0,2012-11-24,23,1006,22,115,59,68,45,1,7,6,12,3,0,0,1,1,0,0,3,11,1,80,1315,26,0,2,3,0,5019,0
1980,Graduation,With_Partner,41850.0,1,1,2012-12-24,51,53,5,19,2,13,4,3,3,0,3,8,0,0,0,0,0,0,3,11,0,46,96,9,2,0,1,2,4989,0
1946,Graduation,With_Partner,37760.0,0,0,2012-08-31,20,84,5,38,150,12,28,2,4,1,6,7,0,0,0,0,0,0,3,11,0,80,317,13,0,0,1,2,5104,0
1949,Master,With_Partner,76995.0,0,1,2013-03-28,91,1012,80,498,0,16,176,2,11,4,9,5,0,0,0,1,0,0,3,11,0,77,1782,26,1,1,2,2,4895,0
1985,Basic,Alone,33812.0,1,0,2012-11-03,86,4,17,19,30,24,39,2,2,1,3,6,0,0,0,0,0,0,3,11,0,41,133,8,1,0,0,0,5040,0
1982,Graduation,With_Partner,37040.0,0,0,2012-08-08,41,86,2,73,69,38,48,1,4,2,5,8,0,0,0,0,0,0,3,11,0,44,316,12,0,0,1,2,5127,0
1979,Graduation,With_Partner,2447.0,1,0,2013-01-06,42,1,1,1725,1,1,1,15,0,28,0,1,0,0,0,0,0,0,3,11,0,47,1730,43,1,0,1,2,4976,0
1949,PhD,With_Partner,58607.0,0,1,2012-12-23,63,867,0,86,0,0,19,3,2,3,9,8,0,1,0,0,0,0,3,11,0,77,972,17,1,1,3,2,4990,0
1954,PhD,With_Partner,65324.0,0,1,2014-01-11,0,384,0,102,21,32,5,3,6,2,9,4,0,0,0,0,0,0,3,11,0,72,544,20,1,0,3,2,4606,0
1951,Graduation,With_Partner,40689.0,0,1,2013-03-18,69,270,3,27,39,6,99,7,7,1,5,8,0,0,0,0,0,0,3,11,0,75,444,20,1,0,1,2,4905,0
1969,Graduation,Alone,18589.0,0,0,2013-01-02,89,6,4,25,15,12,13,2,2,1,3,7,0,0,0,0,0,0,3,11,0,57,75,8,0,0,1,0,4980,0
1976,Graduation,With_Partner,53359.0,1,1,2013-05-27,4,173,4,30,3,6,41,4,5,1,4,7,0,0,0,0,0,0,3,11,0,50,257,14,2,0,1,2,4835,0
1986,Graduation,Alone,,1,0,2013-02-20,19,5,1,3,3,263,362,0,27,0,0,1,0,0,0,0,0,0,3,11,0,40,637,27,1,0,1,0,4931,0
1989,Graduation,With_Partner,38360.0,1,0,2013-05-31,26,36,2,42,20,21,10,2,2,1,4,3,0,0,0,0,0,0,3,11,0,37,131,9,1,0,1,2,4831,0
1965,PhD,With_Partner,84618.0,0,0,2013-11-22,96,684,100,801,21,66,0,1,6,9,10,2,0,0,1,0,0,0,3,11,0,61,1672,26,0,1,3,2,4656,0
1989,Master,Alone,10979.0,0,0,2014-05-22,34,8,4,10,2,2,4,2,3,0,3,5,0,0,0,0,0,0,3,11,0,37,30,8,0,0,2,0,4475,0
1963,Master,With_Partner,38620.0,0,0,2013-05-11,56,112,17,44,34,22,89,1,2,5,3,3,0,0,0,0,0,0,3,11,0,63,318,11,0,0,2,2,4851,0
1970,Graduation,With_Partner,40548.0,0,1,2012-10-10,31,110,0,5,2,0,3,2,2,1,4,5,0,1,0,0,0,0,3,11,0,56,120,9,1,1,1,2,5064,0
1952,PhD,Alone,46610.0,0,2,2012-10-29,8,96,12,96,33,22,43,6,4,1,6,6,0,0,0,0,0,0,3,11,1,74,302,17,2,0,3,0,5045,0
1946,Master,With_Partner,68657.0,0,0,2013-02-20,4,482,34,471,119,68,22,1,3,5,9,7,0,0,0,0,0,0,3,11,0,80,1196,18,0,0,2,2,4931,0
1951,Master,Alone,49389.0,1,1,2013-08-29,55,40,0,19,2,1,3,1,2,0,3,7,0,0,0,0,0,0,3,11,0,75,65,6,2,0,2,0,4741,0
1970,PhD,With_Partner,67353.0,0,1,2013-12-31,37,702,17,151,0,8,35,5,5,6,12,2,0,0,0,0,0,0,3,11,0,56,913,28,1,0,3,2,4617,0
1976,Basic,With_Partner,23718.0,1,0,2013-09-02,76,6,3,14,15,7,36,3,3,1,2,7,0,0,0,0,0,0,3,11,0,50,81,9,1,0,0,2,4737,0
1973,Graduation,Alone,42429.0,0,1,2014-02-11,99,55,0,6,2,0,4,2,1,1,3,5,0,0,0,0,0,0,3,11,0,53,67,7,1,0,1,0,4575,0
1943,PhD,Alone,48948.0,0,0,2013-02-01,53,437,8,206,160,49,42,2,7,10,5,6,1,0,0,0,0,0,3,11,1,83,902,24,0,1,3,0,4950,0
1980,Graduation,With_Partner,80011.0,0,1,2013-04-29,3,421,76,536,82,178,102,2,8,6,5,4,0,0,0,0,0,0,3,11,0,46,1395,21,1,0,1,2,4863,0
1985,Master,With_Partner,20559.0,1,0,2013-03-12,88,13,1,29,3,0,7,2,2,0,3,8,0,0,0,0,0,0,3,11,0,41,53,7,1,0,2,2,4911,0
1957,Graduation,With_Partner,21994.0,0,1,2012-12-24,4,9,0,6,3,1,3,1,0,0,3,5,0,0,0,0,0,0,3,11,0,69,22,4,1,0,1,2,4989,0
1959,PhD,Alone,,0,0,2013-11-05,80,81,11,50,3,2,39,1,1,3,4,2,0,0,0,0,0,0,3,11,0,67,186,9,0,0,3,0,4673,0
1975,Master,With_Partner,7500.0,1,0,2013-10-02,19,3,1,10,3,2,12,3,2,0,3,5,0,0,0,0,0,0,3,11,0,51,31,8,1,0,2,2,4707,0
1976,Graduation,Alone,79941.0,0,0,2014-06-28,72,123,164,266,227,30,174,1,2,4,9,1,0,0,0,0,0,0,3,11,0,50,984,16,0,0,1,0,4438,0
1996,Basic,With_Partner,7500.0,0,0,2012-11-09,24,3,18,14,15,22,50,3,3,1,3,9,0,0,0,0,0,0,3,11,1,30,122,10,0,0,0,2,5034,0
1968,Graduation,With_Partner,41728.0,1,0,2013-05-24,92,13,6,15,3,5,13,1,2,0,2,10,0,0,0,0,0,0,3,11,0,58,55,5,1,0,1,2,4838,0
1951,Graduation,Alone,,2,1,2014-01-01,96,48,5,48,6,10,7,3,2,1,4,6,0,0,0,0,0,0,3,11,0,75,124,10,3,0,1,0,4616,0
1954,PhD,With_Partner,72550.0,1,1,2012-11-08,39,826,50,317,50,38,38,9,5,2,12,8,0,0,0,0,0,0,3,11,0,72,1319,28,2,0,3,2,5035,0
1957,Graduation,Alone,65486.0,0,1,2014-05-12,29,245,19,125,37,67,14,1,4,2,10,2,0,0,0,0,0,0,3,11,0,69,507,17,1,0,1,0,4485,0
1964,Master,With_Partner,79143.0,0,0,2012-08-11,2,650,37,780,27,167,32,1,6,9,13,3,0,0,0,0,0,0,3,11,0,62,1693,29,0,0,2,2,5124,0
1977,Graduation,Alone,35790.0,1,0,2013-01-02,54,12,6,20,30,1,3,2,2,0,3,7,0,0,0,0,0,0,3,11,0,49,72,7,1,0,1,0,4980,0
1977,Graduation,Alone,82582.0,0,0,2014-06-07,54,510,120,550,156,40,241,1,4,9,7,1,1,0,0,1,0,0,3,11,1,49,1617,21,0,2,1,0,4459,0
1978,Graduation,With_Partner,66373.0,1,1,2013-06-12,57,328,9,124,12,24,109,7,4,2,10,3,0,0,0,0,0,0,3,11,0,48,606,23,2,0,1,2,4819,0
1955,Master,With_Partner,82384.0,0,0,2012-11-19,55,984,51,432,180,120,190,1,3,10,13,1,0,0,1,0,0,0,3,11,1,71,1957,27,0,1,2,2,5024,0
1966,Graduation,Alone,70287.0,0,0,2013-04-02,30,295,35,482,121,120,40,1,5,5,10,3,0,0,0,0,0,0,3,11,1,60,1093,21,0,0,1,0,4890,0
1988,Graduation,Alone,27938.0,1,0,2014-04-28,31,13,0,8,2,1,5,1,1,0,4,3,0,0,0,0,0,0,3,11,0,38,29,6,1,0,1,0,4499,0
1982,Graduation,Alone,,1,0,2013-06-17,57,11,3,22,2,2,6,2,2,0,3,6,0,0,0,0,0,0,3,11,0,44,46,7,1,0,1,0,4814,0
1968,PhD,With_Partner,55954.0,0,1,2014-03-03,63,447,0,28,0,0,43,3,8,2,6,7,0,0,0,0,0,0,3,11,0,58,518,19,1,0,3,2,4555,0
1982,Master,Alone,75777.0,0,0,2013-07-04,12,712,26,538,69,13,80,1,3,6,11,1,0,1,1,0,0,0,3,11,1,44,1438,21,0,2,2,0,4797,0
1975,Graduation,With_Partner,66653.0,1,1,2012-09-07,18,452,18,102,16,18,6,4,4,2,12,3,0,0,0,0,0,0,3,11,0,51,612,22,2,0,1,2,5097,0
1952,Graduation,Alone,61823.0,0,1,2013-02-18,26,523,7,134,37,14,169,4,8,2,10,7,0,0,0,0,0,0,3,11,0,74,884,24,1,0,1,0,4933,0
1951,PhD,Alone,67680.0,0,1,2013-06-11,8,546,0,48,0,6,6,1,7,3,8,5,0,0,0,0,0,0,3,11,0,75,606,19,1,0,3,0,4820,0
1948,Graduation,With_Partner,70666.0,0,0,2013-12-06,29,398,40,367,119,122,30,1,7,4,4,4,0,0,0,0,0,0,3,11,0,78,1076,16,0,0,1,2,4642,0
1971,Graduation,With_Partner,25721.0,1,0,2013-05-21,75,1,3,6,3,6,15,1,1,1,2,7,0,0,0,0,0,0,3,11,1,55,34,5,1,0,1,2,4841,0
1967,Graduation,With_Partner,32474.0,1,1,2014-05-11,0,10,0,1,0,0,0,1,1,0,2,7,0,0,0,0,0,0,3,11,0,59,11,4,2,0,1,2,4486,0
1979,Basic,Alone,88194.0,0,1,2014-03-19,19,688,14,309,201,24,38,1,11,10,10,5,1,0,0,1,0,0,3,11,1,47,1274,32,1,2,0,0,4539,0
1958,Graduation,With_Partner,69096.0,0,1,2013-09-27,4,247,49,159,7,82,109,1,5,2,10,4,0,0,0,0,0,0,3,11,0,68,653,18,1,0,1,2,4712,0
1970,Graduation,With_Partner,74854.0,1,2,2013-04-08,90,856,59,487,58,29,73,7,2,5,5,5,0,0,0,0,0,0,3,11,0,56,1562,19,3,0,1,2,4884,0
1954,Master,With_Partner,66991.0,0,0,2012-09-11,1,496,36,460,189,60,12,3,4,8,6,3,0,0,0,0,0,0,3,11,0,72,1253,21,0,0,2,2,5093,0
1973,Basic,With_Partner,,1,0,2012-09-14,25,25,3,43,17,4,17,3,3,0,3,8,0,0,0,0,0,0,3,11,0,53,109,9,1,0,0,2,5090,0
1959,Graduation,With_Partner,65031.0,0,1,2013-03-17,29,258,107,291,84,37,86,4,10,3,13,7,0,0,0,0,0,0,3,11,0,67,863,30,1,0,1,2,4906,0
1975,PhD,With_Partner,60631.0,1,1,2013-04-05,88,565,6,65,0,6,19,5,9,2,8,7,0,1,0,0,0,0,3,11,0,51,661,24,2,1,3,2,4887,0
1952,Graduation,With_Partner,28332.0,0,0,2014-04-30,58,14,10,13,4,15,9,1,2,1,4,2,0,0,0,0,0,0,3,11,0,74,65,8,0,0,1,2,4497,0
1977,Graduation,Alone,40246.0,1,0,2012-12-19,68,2,1,6,2,1,1,1,1,0,2,6,0,0,0,0,0,0,3,11,0,49,13,4,1,0,1,0,4994,0
1972,Master,With_Partner,75251.0,0,0,2012-08-27,34,721,111,925,97,18,18,1,7,6,5,5,0,0,0,0,0,0,3,11,1,54,1890,19,0,0,2,2,5108,0
1976,Graduation,Alone,75825.0,0,0,2012-10-12,40,1032,105,779,137,105,51,0,5,8,9,4,1,0,0,0,0,0,3,11,1,50,2209,22,0,1,1,0,5062,0
1976,Basic,With_Partner,26326.0,0,0,2013-09-04,12,1,0,5,0,3,9,1,0,0,3,3,0,0,0,0,0,1,3,11,0,50,18,4,0,0,0,2,4735,1
1965,Graduation,With_Partner,56046.0,0,0,2013-01-02,9,577,0,64,0,0,51,2,10,1,8,8,1,0,0,0,0,0,3,11,1,61,692,21,0,1,1,2,4980,0
1985,Graduation,Alone,29760.0,1,0,2012-08-29,87,64,4,68,7,5,17,4,3,1,4,8,0,0,0,0,0,0,3,11,0,41,165,12,1,0,1,0,5106,0
1969,Graduation,With_Partner,26304.0,1,0,2013-06-23,5,4,1,5,2,0,4,1,1,0,2,7,0,0,0,0,0,0,3,11,0,57,16,4,1,0,1,2,4808,0
1973,Basic,With_Partner,23559.0,1,0,2013-07-03,87,25,5,19,7,0,23,3,3,0,3,7,0,0,0,0,0,0,3,11,0,53,79,9,1,0,0,2,4798,0
1987,Graduation,Alone,81361.0,0,0,2014-02-25,18,163,23,424,27,65,76,1,3,10,13,1,0,0,0,0,0,0,3,11,0,39,778,27,0,0,1,0,4561,0
1960,Graduation,With_Partner,29440.0,1,1,2013-08-11,95,17,8,14,10,4,3,2,1,0,4,7,0,0,0,0,0,0,3,11,0,66,56,7,2,0,1,2,4759,0
1970,Master,With_Partner,36138.0,1,1,2013-07-16,48,130,0,16,0,0,5,5,3,1,4,7,0,1,0,0,0,0,3,11,0,56,151,13,2,1,2,2,4785,0
1957,Graduation,Alone,50388.0,0,1,2014-05-28,3,292,6,37,0,3,34,4,6,1,6,7,0,1,0,1,0,0,3,11,1,69,372,17,1,2,1,0,4469,0
1973,Graduation,With_Partner,79593.0,0,0,2014-05-12,70,350,60,568,110,133,145,1,5,6,7,2,0,0,1,0,0,0,3,11,0,53,1366,19,0,1,1,2,4485,0
1967,Graduation,With_Partner,54178.0,0,1,2014-01-21,79,135,9,39,4,0,7,1,2,2,5,2,0,0,0,0,0,0,3,11,0,59,194,10,1,0,1,2,4596,0
1957,PhD,With_Partner,,2,1,2012-11-19,4,230,42,192,49,37,53,12,7,2,8,9,0,0,0,0,0,0,3,11,0,69,603,29,3,0,3,2,5024,0
1957,Graduation,Alone,,1,1,2014-05-27,45,7,0,8,2,0,1,1,1,0,2,7,0,0,0,0,0,0,3,11,0,69,18,4,2,0,1,0,4470,0
1973,Master,With_Partner,,0,0,2013-11-23,87,445,37,359,98,28,18,1,2,4,8,1,0,0,0,0,0,0,3,11,0,53,985,15,0,0,2,2,4655,0
1972,Master,Alone,42394.0,1,0,2014-03-23,69,15,2,10,0,1,4,1,1,0,3,7,0,0,0,0,0,0,3,11,0,54,32,5,1,0,2,0,4535,0
1970,PhD,With_Partner,23626.0,1,0,2014-05-24,84,27,2,14,0,0,0,3,3,1,3,5,0,0,0,0,0,0,3,11,0,56,43,10,1,0,3,2,4473,0
1983,Graduation,With_Partner,30096.0,1,0,2014-05-22,30,5,3,11,12,5,9,1,2,0,3,6,0,0,0,0,0,0,3,11,0,43,45,6,1,0,1,2,4475,0
1960,Graduation,Alone,47916.0,0,1,2012-11-22,72,505,0,26,0,0,75,5,7,4,6,6,0,1,0,0,0,0,3,11,0,66,606,22,1,1,1,0,5021,0
1972,Graduation,Alone,51813.0,1,1,2013-04-11,37,51,2,7,0,1,2,2,2,0,3,7,0,0,0,0,0,0,3,11,0,54,63,7,2,0,1,0,4881,0
1951,Basic,With_Partner,78497.0,0,0,2013-12-01,44,207,26,447,75,0,223,1,5,7,12,2,0,0,0,1,0,0,3,11,0,75,978,25,0,1,0,2,4647,0
1983,PhD,With_Partner,50150.0,0,0,2013-06-20,32,135,46,92,65,61,11,2,5,2,7,5,0,0,0,0,0,0,3,11,0,43,410,16,0,0,3,2,4811,0
1960,Basic,Alone,47823.0,0,1,2013-07-23,0,53,1,5,2,1,10,2,2,0,3,8,0,0,0,0,0,0,3,11,0,66,72,7,1,0,0,0,4778,0
1959,PhD,Alone,34554.0,0,1,2014-03-30,43,41,1,6,2,0,5,2,2,0,3,6,0,0,0,0,0,0,3,11,0,67,55,7,1,0,3,0,4528,0
1979,Graduation,With_Partner,85693.0,0,1,2013-04-20,59,386,172,183,185,132,111,2,9,5,11,5,0,0,0,0,0,0,3,11,0,47,1169,27,1,0,1,2,4872,0
1945,PhD,With_Partner,65846.0,0,0,2013-05-17,68,562,81,276,80,40,81,1,6,3,6,4,0,0,0,0,0,0,3,11,0,81,1120,16,0,0,3,2,4845,0
1959,Graduation,With_Partner,87195.0,0,0,2014-05-08,35,217,76,690,50,26,38,1,3,11,5,1,0,0,0,0,0,0,3,11,1,67,1097,20,0,0,1,2,4489,0
1979,Basic,With_Partner,24594.0,1,0,2013-12-10,94,1,3,6,10,0,9,1,1,0,3,5,0,0,0,0,0,0,3,11,0,47,29,5,1,0,0,2,4638,0
1964,Graduation,With_Partner,49096.0,1,1,2013-09-24,15,144,1,32,2,1,7,4,4,1,4,7,0,0,0,0,0,0,3,11,0,62,187,13,2,0,1,2,4715,0
1969,Graduation,With_Partner,52413.0,0,2,2013-02-02,56,295,106,271,75,98,65,4,6,4,12,6,0,0,0,0,0,0,3,11,0,57,910,26,2,0,1,2,4949,0
1978,Graduation,Alone,38557.0,1,0,2012-12-19,17,76,3,31,4,4,27,2,3,1,3,7,0,0,0,0,0,0,3,11,0,48,145,9,1,0,1,0,4994,0
1960,Master,With_Partner,89058.0,0,0,2012-12-07,18,454,194,106,31,22,43,1,5,4,4,2,0,0,0,0,0,0,3,11,0,66,850,14,0,0,2,2,5006,0
1979,Graduation,With_Partner,77298.0,0,1,2013-11-02,46,425,115,292,23,35,79,1,6,6,11,3,0,0,0,0,0,0,3,11,0,47,969,24,1,0,1,2,4676,0
1991,PhD,Alone,68126.0,0,0,2012-11-10,40,1332,17,311,23,51,86,1,7,4,5,9,0,1,0,0,0,0,3,11,1,35,1820,17,0,1,3,0,5033,0
1963,Master,With_Partner,57288.0,0,1,2014-06-25,27,527,0,21,0,0,60,3,8,1,8,6,0,1,0,0,0,0,3,11,0,63,608,20,1,1,2,2,4441,0
1991,Graduation,Alone,86037.0,0,0,2013-01-02,95,490,44,125,29,20,22,1,6,7,11,3,0,1,1,0,0,0,3,11,1,35,730,25,0,2,1,0,4980,0
1980,PhD,With_Partner,43974.0,1,0,2012-12-12,19,378,0,101,0,0,72,5,6,4,6,7,0,0,0,0,0,0,3,11,0,46,551,21,1,0,3,2,5001,0
1962,Graduation,Alone,50785.0,1,1,2013-09-10,27,64,1,21,0,1,27,2,2,1,3,6,0,0,0,0,0,0,3,11,0,64,114,8,2,0,1,0,4729,0
1970,Graduation,With_Partner,90765.0,0,0,2014-01-24,25,547,99,812,151,82,33,0,4,6,5,1,0,0,1,1,0,0,3,11,0,56,1724,15,0,2,1,2,4593,0
1978,Basic,With_Partner,36550.0,1,0,2013-02-19,74,47,90,94,123,103,120,5,9,1,5,9,0,0,0,0,0,0,3,11,0,48,577,20,1,0,0,2,4932,0
1967,Basic,With_Partner,30753.0,1,1,2013-07-11,85,12,5,25,0,9,30,2,1,1,3,5,0,0,0,0,0,0,3,11,0,59,81,7,2,0,0,2,4790,0
1969,Graduation,With_Partner,21918.0,1,0,2013-11-14,37,1,6,7,11,5,3,2,2,0,3,6,0,0,0,0,0,0,3,11,0,57,33,7,1,0,1,2,4664,0
1953,Master,With_Partner,56129.0,0,1,2013-06-20,65,320,48,133,39,72,48,4,6,2,10,4,0,0,0,0,0,0,3,11,0,73,660,22,1,0,2,2,4811,0
1967,Master,Alone,32557.0,1,0,2014-02-24,13,34,3,29,0,4,10,3,2,1,3,5,0,0,0,0,0,0,3,11,1,59,80,9,1,0,2,0,4562,0
1985,Master,With_Partner,19510.0,2,0,2013-09-04,63,9,0,7,3,4,7,2,1,0,3,7,0,0,0,0,0,0,3,11,0,41,30,6,2,0,2,2,4735,0
1976,Graduation,Alone,30992.0,1,0,2013-04-22,83,17,0,14,7,3,2,1,1,0,3,7,0,0,0,0,0,0,3,11,0,50,43,5,1,0,1,0,4870,0
1983,Graduation,Alone,101970.0,0,0,2013-03-12,69,722,27,102,44,72,168,0,6,8,13,2,0,1,1,1,0,0,3,11,1,43,1135,27,0,3,1,0,4911,0
1965,Basic,With_Partner,71488.0,0,0,2013-02-18,87,162,33,124,40,28,172,2,3,4,7,1,0,0,0,0,0,0,3,11,0,61,559,16,0,0,0,2,4933,0
1984,Graduation,Alone,79607.0,0,0,2013-04-21,37,450,133,951,173,0,216,1,3,6,6,1,0,0,0,0,0,0,3,11,1,42,1923,16,0,0,1,0,4871,0
1953,Master,With_Partner,54348.0,1,1,2014-06-08,51,70,0,16,0,0,4,2,2,0,4,6,0,0,0,0,0,0,3,11,0,73,90,8,2,0,2,2,4458,0
1961,PhD,With_Partner,,0,1,2013-07-11,23,352,0,27,10,0,15,3,6,1,7,6,0,0,0,0,0,0,3,11,0,65,404,17,1,0,3,2,4790,0
1956,PhD,With_Partner,77376.0,1,1,2014-05-10,72,492,19,110,16,12,12,4,6,3,10,4,0,0,0,0,0,0,3,11,0,70,661,23,2,0,3,2,4487,0
1952,Graduation,With_Partner,62998.0,0,1,2013-09-30,10,120,58,73,65,89,58,5,5,4,5,5,0,0,0,0,0,0,3,11,0,74,463,19,1,0,1,2,4709,0
1958,Master,Alone,61331.0,1,1,2013-03-10,42,534,5,47,0,5,41,5,11,1,6,8,0,0,0,0,0,0,3,11,0,68,632,23,2,0,2,0,4913,0
1969,Graduation,With_Partner,73448.0,0,0,2014-02-10,10,236,106,189,23,41,130,1,7,2,9,4,0,0,0,0,0,0,3,11,0,57,725,19,0,0,1,2,4576,0
1963,Graduation,With_Partner,,0,1,2013-08-11,96,231,65,196,38,71,124,1,6,5,7,4,0,0,0,0,0,0,3,11,0,63,725,19,1,0,1,2,4759,0
1964,PhD,With_Partner,41551.0,1,1,2013-08-14,51,220,0,33,3,0,23,5,5,1,5,8,0,0,0,0,0,0,3,11,0,62,279,16,2,0,3,2,4756,0
1967,PhD,With_Partner,62981.0,0,0,2013-03-17,21,796,14,590,38,44,0,1,4,5,13,3,0,1,0,0,0,0,3,11,0,59,1482,23,0,1,3,2,4906,0
1976,Basic,Alone,9548.0,1,0,2012-08-08,31,0,1,3,10,6,9,2,1,0,3,8,0,0,0,0,0,0,3,11,0,50,29,6,1,0,0,0,5127,0
1959,PhD,With_Partner,33762.0,2,1,2013-07-07,61,53,1,34,2,0,16,3,2,2,2,8,0,0,0,0,0,0,3,11,0,67,106,9,3,0,3,2,4794,0
1973,PhD,Alone,35860.0,1,1,2014-05-19,37,15,0,8,4,2,20,2,1,1,2,5,1,0,0,0,0,0,3,11,1,53,49,6,2,1,3,0,4478,0
1965,PhD,Alone,36921.0,1,1,2013-07-28,74,17,1,12,3,1,4,2,2,0,3,7,0,0,0,0,0,0,3,11,0,61,38,7,2,0,3,0,4773,0
1992,Master,Alone,92859.0,0,0,2012-10-19,46,962,61,921,52,61,20,1,5,4,12,2,0,0,0,0,0,0,3,11,0,34,2077,22,0,0,2,0,5055,0
1976,Master,With_Partner,65104.0,0,1,2013-11-14,4,738,0,232,13,20,50,2,3,5,7,7,0,0,0,0,0,0,3,11,1,50,1053,17,1,0,2,2,4664,0
1962,Graduation,With_Partner,86111.0,0,0,2013-04-19,73,399,28,756,36,40,126,1,5,7,10,2,0,0,0,0,0,0,3,11,0,64,1385,23,0,0,1,2,4873,0
1974,PhD,Alone,68352.0,0,1,2013-08-28,47,614,16,132,43,33,33,3,8,5,9,6,0,0,0,0,0,0,3,11,0,52,871,25,1,0,3,0,4742,0
1988,Graduation,With_Partner,41883.0,1,0,2013-03-19,13,32,34,41,73,16,116,3,4,2,3,7,0,0,0,0,0,0,3,11,0,38,312,12,1,0,1,2,4904,0
1976,Graduation,With_Partner,59809.0,0,2,2012-10-18,36,598,16,141,32,41,49,3,3,3,6,8,0,0,0,0,0,0,3,11,0,50,877,15,2,0,1,2,5056,0
1975,Graduation,With_Partner,23957.0,1,0,2012-10-28,47,2,1,18,20,11,16,1,2,0,3,6,0,0,0,0,0,0,3,11,1,51,68,6,1,0,1,2,5046,0
1981,Graduation,With_Partner,38547.0,1,0,2013-08-28,49,6,1,10,0,1,4,1,1,0,2,8,0,0,0,0,0,1,3,11,0,45,22,4,1,0,1,2,4742,1
1973,Basic,With_Partner,35688.0,2,1,2012-08-22,94,73,3,90,12,1,32,7,4,1,4,8,0,0,0,0,0,0,3,11,0,53,211,16,3,0,0,2,5113,0
1966,Master,With_Partner,49605.0,0,0,2014-06-21,65,42,16,29,12,20,8,1,2,1,4,3,0,0,0,0,0,0,3,11,0,60,127,8,0,0,2,2,4445,0
1953,Master,With_Partner,59354.0,0,2,2014-04-24,59,295,21,78,39,13,13,1,4,4,7,3,0,0,0,0,0,0,3,11,0,73,459,16,2,0,2,2,4503,0
1969,Graduation,With_Partner,65747.0,0,1,2014-03-07,96,346,17,48,23,13,13,4,8,1,6,6,0,1,0,0,0,0,3,11,0,57,460,19,1,1,1,2,4551,0
1972,Basic,With_Partner,46344.0,0,1,2012-12-14,28,233,20,57,8,20,91,4,7,1,5,7,0,0,0,0,0,0,3,11,0,54,429,17,1,0,0,2,4999,0
1988,Graduation,Alone,34176.0,1,0,2014-05-12,12,5,7,24,19,14,20,4,3,0,4,6,0,0,0,0,0,0,3,11,0,38,89,11,1,0,1,0,4485,0
1952,PhD,With_Partner,61010.0,0,1,2012-10-09,57,888,0,57,0,0,76,2,8,5,11,5,0,0,0,0,0,0,3,11,0,74,1021,26,1,0,3,2,5065,0
1949,Graduation,With_Partner,69372.0,0,0,2013-02-19,10,997,26,269,34,13,42,1,10,4,6,4,0,1,1,0,0,0,3,11,1,77,1381,21,0,2,1,2,4932,0
1958,Graduation,Alone,49967.0,0,1,2013-07-08,4,212,6,69,4,12,3,3,6,1,5,7,0,0,0,0,0,0,3,11,0,68,306,15,1,0,1,0,4793,0
1978,Graduation,Alone,60199.0,1,2,2013-09-12,49,8,1,7,2,0,0,1,0,0,3,4,0,0,0,0,0,0,3,11,0,48,18,4,3,0,1,0,4727,0
1977,Graduation,With_Partner,55375.0,0,1,2013-10-17,3,42,11,57,10,28,14,1,1,1,6,2,0,0,0,0,0,0,3,11,0,49,162,9,1,0,1,2,4692,0
1955,Graduation,Alone,80317.0,0,0,2013-08-20,64,536,11,387,149,91,57,1,3,4,10,1,0,0,0,0,0,0,3,11,0,71,1231,18,0,0,1,0,4750,0
1958,Master,Alone,30523.0,2,1,2013-07-01,0,5,0,3,0,0,5,1,1,0,2,7,0,0,0,0,0,0,3,11,0,68,13,4,3,0,2,0,4800,0
1945,PhD,With_Partner,70356.0,0,0,2012-11-05,20,1349,16,249,43,16,33,2,10,6,9,6,0,0,0,0,0,0,3,11,0,81,1706,27,0,0,3,2,5038,0
1984,Graduation,With_Partner,23228.0,1,0,2014-01-05,91,53,3,49,7,4,5,4,3,0,4,8,0,0,0,0,0,0,3,11,0,42,121,11,1,0,1,2,4612,0
1975,PhD,Alone,74165.0,0,0,2013-05-01,9,1001,12,240,16,12,12,1,5,4,10,2,0,0,0,0,0,0,3,11,0,51,1293,20,0,0,3,0,4861,0
1973,PhD,With_Partner,157243.0,0,1,2014-03-01,98,20,2,1582,1,2,1,15,0,22,0,0,0,0,0,0,0,0,3,11,0,53,1608,37,1,0,3,2,4557,0
1966,Graduation,With_Partner,43482.0,2,1,2013-11-13,83,18,1,32,6,3,28,3,2,0,4,6,0,0,0,0,0,0,3,11,0,60,88,9,3,0,1,2,4665,0
1953,Graduation,Alone,62551.0,0,0,2013-11-18,27,125,16,98,134,21,27,1,6,7,4,3,1,0,0,0,0,0,3,11,0,73,421,18,0,1,1,0,4660,0
1959,Graduation,Alone,52332.0,0,0,2013-08-28,63,212,5,33,7,0,2,1,3,2,6,4,0,1,0,0,0,0,3,11,0,67,259,12,0,1,1,0,4742,0
1988,Graduation,Alone,66951.0,0,0,2013-11-02,46,277,162,305,173,76,124,1,3,4,7,1,0,0,0,0,0,0,3,11,0,38,1117,15,0,0,1,0,4676,0
1957,Graduation,With_Partner,26091.0,1,1,2014-02-25,84,15,10,19,8,17,20,3,2,1,3,5,0,0,0,0,0,0,3,11,0,69,89,9,2,0,1,2,4561,0
1965,Graduation,With_Partner,33456.0,1,1,2014-04-21,58,7,3,10,8,1,7,2,1,0,3,7,0,0,0,0,0,0,3,11,0,61,36,6,2,0,1,2,4506,0
1982,Graduation,With_Partner,28718.0,1,0,2013-07-13,78,12,4,6,11,8,16,2,2,0,3,8,0,0,0,0,0,0,3,11,0,44,57,7,1,0,1,2,4788,0
1970,Graduation,With_Partner,50447.0,2,0,2014-04-21,4,85,7,24,2,3,27,1,3,1,3,6,0,0,0,0,0,0,3,11,0,56,148,8,2,0,1,2,4506,0
1959,PhD,With_Partner,53537.0,1,1,2014-01-30,17,81,0,6,0,0,6,2,2,1,3,5,0,0,0,0,0,0,3,11,0,67,93,8,2,0,3,2,4587,0
1967,Graduation,Alone,52074.0,0,1,2014-04-04,77,59,0,12,0,0,48,1,2,2,2,4,1,0,0,0,0,0,3,11,0,59,119,7,1,1,1,0,4523,0
1975,PhD,With_Partner,80427.0,0,1,2012-09-12,56,1149,71,449,69,71,26,1,11,8,8,5,0,0,0,0,0,0,3,11,0,51,1835,28,1,0,3,2,5092,0
1948,PhD,With_Partner,83837.0,0,0,2012-12-16,79,847,66,119,86,89,111,1,9,10,5,4,0,1,0,1,0,0,3,11,1,78,1318,25,0,2,3,2,4997,0
1970,PhD,With_Partner,38853.0,1,1,2014-05-23,90,29,0,14,0,0,2,2,2,0,3,7,0,0,0,0,0,0,3,11,0,56,45,7,2,0,3,2,4474,0
1959,Graduation,With_Partner,38285.0,2,1,2014-06-24,96,2,0,5,2,0,1,1,0,0,3,2,0,0,0,0,0,0,3,11,0,67,10,4,3,0,1,2,4442,0
1976,PhD,With_Partner,51650.0,0,1,2014-05-11,81,152,3,22,2,5,7,1,4,1,4,5,0,0,0,0,0,0,3,11,0,50,191,10,1,0,3,2,4486,0
1988,Basic,With_Partner,16248.0,1,0,2014-05-10,77,12,11,10,3,12,9,3,2,1,3,6,0,0,0,0,0,0,3,11,0,38,57,9,1,0,0,2,4487,0
1946,Master,With_Partner,66835.0,0,0,2013-09-28,21,620,26,195,34,17,141,1,6,4,13,2,0,0,0,0,0,0,3,11,0,80,1033,24,0,0,2,2,4711,0
1984,Master,With_Partner,30477.0,1,0,2014-01-22,16,47,1,6,0,0,12,1,1,1,3,6,0,0,0,0,0,0,3,11,0,42,66,6,1,0,2,2,4595,0
1961,Basic,With_Partner,28249.0,0,0,2014-06-15,80,1,9,7,2,14,10,1,2,0,3,6,0,0,0,0,0,0,3,11,0,65,43,6,0,0,0,2,4451,0
1983,Graduation,With_Partner,25271.0,1,0,2012-12-05,45,10,1,18,10,4,7,1,1,1,2,9,0,0,0,0,0,0,3,11,0,43,50,5,1,0,1,2,5008,0
1970,PhD,Alone,32303.0,0,1,2014-03-08,63,35,0,2,0,0,2,2,1,0,4,5,0,0,0,0,0,0,3,11,0,56,39,7,1,0,3,0,4550,0
1966,Graduation,With_Partner,61286.0,0,1,2013-08-02,34,356,0,107,19,9,117,2,7,1,8,5,0,0,0,0,0,0,3,11,0,60,608,18,1,0,1,2,4768,0
1976,Graduation,With_Partner,74068.0,0,0,2013-03-19,14,783,30,537,140,76,15,1,4,10,9,2,0,0,0,0,0,0,3,11,0,50,1581,24,0,0,1,2,4904,0
1964,PhD,With_Partner,45759.0,1,1,2013-02-23,13,42,1,18,3,0,4,2,2,0,3,7,0,0,0,0,0,0,3,11,0,62,68,7,2,0,3,2,4928,0
1978,Basic,With_Partner,24882.0,1,0,2012-09-09,52,1,4,10,29,0,36,1,1,1,2,6,1,0,0,0,0,0,3,11,0,48,80,5,1,1,0,2,5095,0
1989,PhD,With_Partner,66973.0,0,0,2013-05-17,98,466,22,432,147,113,102,1,8,7,12,3,0,0,0,0,0,0,3,11,0,37,1282,28,0,0,3,2,4845,0
1900,Basic,Alone,36640.0,1,0,2013-09-26,99,15,6,8,7,4,25,1,2,1,2,5,0,0,0,0,0,1,3,11,0,126,65,6,1,0,0,0,4713,1
1988,Graduation,With_Partner,38872.0,1,0,2013-05-30,93,23,3,21,3,19,22,2,3,0,3,8,0,0,0,0,0,0,3,11,0,38,91,8,1,0,1,2,4832,0
1973,Graduation,With_Partner,51148.0,1,1,2013-02-18,38,235,6,45,8,9,12,4,5,1,6,6,0,0,0,0,0,0,3,11,0,53,315,16,2,0,1,2,4933,0
1977,Graduation,With_Partner,31353.0,1,1,2013-12-29,24,10,0,10,3,1,7,2,1,1,2,8,0,0,0,0,0,0,3,11,0,49,31,6,2,0,1,2,4619,0
1980,Master,With_Partner,69661.0,0,0,2014-05-13,80,656,16,106,32,16,8,1,7,3,12,3,0,0,0,0,0,0,3,11,0,46,834,23,0,0,2,2,4484,0
1954,Graduation,With_Partner,80067.0,0,0,2013-09-19,82,519,17,813,27,173,51,1,4,6,6,2,0,0,1,0,0,0,3,11,0,72,1600,17,0,1,1,2,4720,0
1954,Graduation,With_Partner,86718.0,0,0,2013-01-17,20,344,189,482,50,33,172,1,5,6,5,2,0,0,0,0,0,0,3,11,0,72,1270,17,0,0,1,2,4965,0
1973,PhD,Alone,46854.0,1,1,2014-03-31,81,96,1,79,7,1,79,6,5,1,3,8,1,0,0,0,0,0,3,11,1,53,263,15,2,1,3,0,4527,0
1952,Graduation,Alone,69142.0,0,1,2014-06-29,50,448,4,34,6,4,39,3,8,1,7,5,0,1,0,0,0,0,3,11,0,74,535,19,1,1,1,0,4437,0
1968,Graduation,Alone,75922.0,0,0,2013-12-09,60,265,138,553,224,23,92,1,4,4,9,1,0,0,0,0,0,0,3,11,0,58,1295,18,0,0,1,0,4639,0
1978,Graduation,Alone,63693.0,0,1,2013-10-14,63,587,43,337,42,87,54,3,11,6,9,6,0,0,0,0,0,0,3,11,0,48,1150,29,1,0,1,0,4695,0
1977,PhD,With_Partner,102160.0,0,0,2012-11-02,54,763,29,138,76,176,58,0,7,9,10,4,0,1,1,1,0,0,3,11,1,49,1240,26,0,3,3,2,5041,0
1965,PhD,Alone,40637.0,1,1,2013-07-17,72,22,0,13,0,0,3,2,1,0,3,7,0,0,0,0,0,0,3,11,0,61,38,6,2,0,3,0,4784,0
1984,Master,Alone,18890.0,0,0,2012-11-10,5,6,4,1,7,2,15,1,0,1,2,6,1,0,0,0,0,0,3,11,1,42,35,4,0,1,2,0,5033,0
1988,Graduation,With_Partner,29604.0,1,0,2013-12-08,88,7,6,13,7,6,14,1,1,0,3,9,1,0,0,0,0,0,3,11,0,38,53,5,1,1,1,2,4640,0
1963,Master,Alone,48721.0,1,1,2013-05-13,50,81,18,113,47,13,21,6,4,2,5,6,0,0,0,0,0,0,3,11,0,63,293,17,2,0,2,0,4849,0
1966,Graduation,With_Partner,44794.0,0,1,2014-06-08,99,54,0,7,0,0,4,1,2,0,3,6,0,0,0,0,0,0,3,11,0,60,65,6,1,0,1,2,4458,0
1954,Graduation,Alone,64497.0,0,1,2012-09-10,17,1170,48,320,42,32,192,5,11,4,9,8,1,0,0,0,0,0,3,11,1,72,1804,29,1,1,1,0,5094,0
1956,Graduation,With_Partner,46097.0,0,1,2013-03-31,11,72,24,68,65,4,8,5,3,1,6,4,0,0,0,0,0,0,3,11,0,70,241,15,1,0,1,2,4892,0
1954,Graduation,With_Partner,77972.0,0,0,2014-03-18,18,613,22,319,33,102,12,1,4,6,9,1,0,0,0,0,0,0,3,11,0,72,1101,20,0,0,1,2,4540,0
1968,PhD,With_Partner,44377.0,1,1,2012-10-05,70,224,0,30,0,0,10,8,5,1,5,8,0,0,0,0,0,0,3,11,0,58,264,19,2,0,3,2,5069,0
1974,Master,With_Partner,46014.0,1,1,2013-01-21,21,410,0,59,19,9,44,10,7,1,8,7,0,0,0,0,0,0,3,11,0,52,541,26,2,0,2,2,4961,0
1985,Graduation,With_Partner,70951.0,0,0,2013-05-04,66,239,10,554,254,87,54,1,3,4,9,1,0,0,0,0,0,0,3,11,0,41,1198,17,0,0,1,2,4858,0
1977,Graduation,With_Partner,41443.0,1,0,2014-04-01,79,171,7,171,25,19,89,6,8,1,5,8,0,0,0,0,0,0,3,11,0,49,482,20,1,0,1,2,4526,0
1978,Basic,Alone,52195.0,2,1,2014-05-12,2,12,0,4,0,0,1,1,1,0,2,8,0,0,0,0,0,0,3,11,0,48,17,4,3,0,0,0,4485,0
1948,Master,With_Partner,83790.0,0,0,2013-11-15,81,1076,16,417,42,48,16,1,8,10,6,3,0,1,1,0,0,0,3,11,0,78,1615,25,0,2,2,2,4663,0
1954,Master,Alone,44551.0,0,1,2013-08-31,24,182,4,33,0,0,66,2,4,1,5,7,0,0,0,0,0,0,3,11,0,72,285,12,1,0,2,0,4739,0
1980,Graduation,With_Partner,69508.0,1,0,2012-11-14,48,824,32,162,42,32,43,2,11,4,11,6,0,0,0,0,0,0,3,11,0,46,1135,28,1,0,1,2,5029,0
1988,Basic,With_Partner,45204.0,1,0,2014-04-11,93,30,11,25,29,1,18,1,1,1,4,3,0,0,0,0,0,0,3,11,0,38,114,7,1,0,0,2,4516,0
1969,Graduation,With_Partner,72460.0,0,0,2013-11-14,56,377,10,540,80,30,10,1,3,5,7,1,0,0,0,0,0,0,3,11,0,57,1047,16,0,0,1,2,4664,0
1970,PhD,With_Partner,77622.0,0,2,2014-04-14,3,520,7,154,19,0,14,2,6,3,11,3,0,0,0,0,0,0,3,11,0,56,714,22,2,0,3,2,4513,0
1980,PhD,With_Partner,30732.0,1,0,2013-01-05,44,155,1,25,0,1,3,4,4,1,4,8,0,0,0,0,0,0,3,11,0,46,185,13,1,0,3,2,4977,0
1962,Graduation,Alone,63887.0,0,1,2012-09-08,38,897,23,207,15,11,92,5,9,6,12,6,0,0,0,0,0,0,3,11,0,64,1245,32,1,0,1,0,5096,0
1978,Graduation,With_Partner,42011.0,1,0,2013-03-26,46,131,0,16,2,1,39,4,3,1,4,8,0,0,0,0,0,0,3,11,0,48,189,12,1,0,1,2,4897,0
1976,Graduation,With_Partner,51369.0,0,1,2012-10-25,84,297,7,79,0,11,182,2,8,2,4,8,0,0,0,0,0,0,3,11,0,50,576,16,1,0,1,2,5049,0
1952,Graduation,Alone,51537.0,0,1,2012-12-09,27,787,20,204,0,0,92,3,2,2,11,8,0,0,0,0,0,0,3,11,0,74,1103,18,1,0,1,0,5004,0
1972,PhD,With_Partner,79930.0,0,0,2012-08-08,72,792,86,740,67,51,17,1,3,5,8,2,0,0,0,0,0,0,3,11,0,54,1753,17,0,0,3,2,5127,0
1986,PhD,With_Partner,34320.0,1,0,2014-02-16,66,4,1,9,3,0,0,1,1,0,2,8,0,0,0,0,0,0,3,11,0,40,17,4,1,0,3,2,4570,0
1966,Graduation,Alone,37070.0,1,1,2013-03-20,30,231,7,137,4,15,39,9,5,1,8,7,0,0,0,0,0,0,3,11,1,60,433,23,2,0,1,0,4903,0
1962,Basic,Alone,81975.0,0,1,2013-01-05,2,983,76,184,180,138,27,1,6,3,4,7,0,0,1,0,0,0,3,11,0,64,1588,14,1,1,0,0,4977,0
1971,Graduation,With_Partner,38590.0,1,0,2013-05-15,65,3,1,8,4,3,3,1,1,0,2,8,0,0,0,0,0,0,3,11,0,55,22,4,1,0,1,2,4847,0
1951,Graduation,Alone,15033.0,0,0,2014-04-16,37,0,4,5,6,0,4,1,1,0,3,3,0,0,0,0,0,0,3,11,0,75,19,5,0,0,1,0,4511,0
1965,PhD,With_Partner,62745.0,0,1,2013-03-23,89,562,21,464,28,10,32,3,7,8,11,5,0,0,0,0,0,0,3,11,0,61,1117,29,1,0,3,2,4900,0
1975,Basic,With_Partner,22212.0,1,0,2013-12-09,49,5,9,20,6,8,21,2,2,0,4,6,0,0,0,0,0,0,3,11,0,51,69,8,1,0,0,2,4639,0
1982,Master,With_Partner,23661.0,1,0,2013-12-04,46,18,0,4,0,0,1,1,1,0,3,7,0,0,0,0,0,0,3,11,0,44,23,5,1,0,2,2,4644,0
1958,PhD,Alone,79761.0,0,1,2013-10-04,32,415,5,124,15,35,11,1,5,2,11,3,0,0,0,0,0,0,3,11,0,68,605,19,1,0,3,0,4705,0
1973,Graduation,Alone,7500.0,1,0,2013-12-26,54,5,3,10,12,7,20,4,3,1,3,7,0,0,0,0,0,0,3,11,0,53,57,11,1,0,1,0,4622,0
1893,Basic,Alone,60182.0,0,1,2014-05-17,23,8,0,5,7,0,2,1,1,0,2,4,0,0,0,0,0,0,3,11,0,133,22,4,1,0,0,0,4480,0
1968,Graduation,Alone,73455.0,0,0,2013-10-28,98,901,61,757,186,163,20,1,6,5,10,3,0,1,0,0,0,0,3,11,0,58,2088,22,0,1,1,0,4681,0
1958,Graduation,With_Partner,64961.0,0,1,2012-12-23,97,382,114,276,75,124,38,2,6,4,4,3,0,0,0,0,0,0,3,11,0,68,1009,16,1,0,1,2,4990,0
1971,Graduation,Alone,22804.0,1,0,2013-07-31,75,14,1,7,2,1,1,1,2,0,2,9,0,0,0,0,0,0,3,11,0,55,26,5,1,0,1,0,4770,0
1990,Graduation,With_Partner,73687.0,0,0,2013-11-28,8,559,153,503,218,13,181,1,3,9,9,2,0,0,0,1,0,0,3,11,1,36,1627,22,0,1,1,2,4650,0
1958,Graduation,With_Partner,61074.0,0,1,2012-08-17,37,789,0,133,0,28,152,7,11,5,8,7,0,0,0,0,0,0,3,11,0,68,1102,31,1,0,1,2,5118,0
1964,PhD,With_Partner,31686.0,1,1,2014-06-05,31,11,0,5,0,0,1,2,1,0,3,6,0,0,0,0,0,0,3,11,0,62,17,6,2,0,3,2,4461,0
1972,Graduation,With_Partner,80134.0,1,0,2013-05-20,40,1218,16,272,104,0,80,2,5,3,6,6,0,1,1,1,0,0,3,11,1,54,1690,16,1,3,1,2,4842,0
1953,Graduation,With_Partner,75027.0,0,1,2013-01-09,74,925,64,179,133,12,77,2,9,4,6,5,0,0,0,0,0,0,3,11,0,73,1390,21,1,0,1,2,4973,0
1988,PhD,With_Partner,67546.0,0,0,2012-08-31,90,864,134,768,150,38,172,1,4,10,5,3,0,0,0,0,0,0,3,11,0,38,2126,20,0,0,3,2,5104,0
1969,Master,With_Partner,65176.0,0,1,2012-10-29,57,960,28,183,220,70,70,4,9,6,6,6,0,0,0,0,0,0,3,11,0,57,1531,25,1,0,2,2,5045,0
1975,Master,Alone,31160.0,1,0,2013-09-16,59,16,3,25,6,1,13,2,2,0,3,8,0,0,0,0,0,0,3,11,0,51,64,7,1,0,2,0,4723,0
1985,Graduation,Alone,29938.0,1,0,2013-10-27,52,3,3,7,0,2,11,2,1,0,3,6,0,0,0,0,0,0,3,11,0,41,26,6,1,0,1,0,4682,0
1974,Graduation,Alone,102692.0,0,0,2013-04-05,5,168,148,444,32,172,148,1,6,9,13,2,0,1,1,1,1,0,3,11,1,52,1112,29,0,4,1,0,4887,0
1958,Basic,With_Partner,26490.0,0,0,2012-09-22,92,45,47,52,21,20,25,2,3,1,5,6,0,0,0,0,0,0,3,11,0,68,210,11,0,0,0,2,5082,0
1967,Graduation,With_Partner,75702.0,1,1,2012-08-29,77,650,28,353,45,42,30,5,4,6,11,8,0,0,0,0,0,0,3,11,0,59,1148,26,2,0,1,2,5106,0
1974,PhD,Alone,30899.0,1,0,2012-10-13,35,24,0,8,0,0,1,2,1,0,3,6,0,0,0,0,0,0,3,11,0,52,33,6,1,0,3,0,5061,0
1961,PhD,With_Partner,63342.0,0,1,2012-10-16,48,918,21,118,13,10,21,3,8,3,5,6,0,1,0,0,0,0,3,11,0,65,1101,19,1,1,3,2,5058,0
1964,Graduation,Alone,45989.0,0,1,2012-10-22,97,138,33,87,28,24,12,4,3,2,7,3,0,0,0,0,0,0,3,11,0,62,322,16,1,0,1,0,5052,0
1964,Graduation,Alone,18701.0,1,1,2013-06-04,95,12,4,2,10,6,10,4,2,0,4,5,0,0,0,0,0,0,3,11,0,62,44,10,2,0,1,0,4827,0
1957,PhD,Alone,40737.0,2,1,2013-12-08,24,11,0,4,0,0,2,1,1,0,2,8,0,0,0,0,0,0,3,11,0,69,17,4,3,0,3,0,4640,0
1979,Graduation,Alone,15287.0,1,0,2012-10-10,60,1,2,8,4,3,13,2,1,1,2,7,1,0,0,0,0,0,3,11,1,47,31,6,1,1,1,0,5064,0
1968,PhD,Alone,69674.0,0,2,2013-05-22,46,554,41,215,11,0,24,3,10,2,10,5,0,0,0,0,0,0,3,11,0,58,845,25,2,0,3,0,4840,0
1970,Master,With_Partner,44159.0,1,0,2014-06-17,85,167,2,62,24,13,7,4,4,1,6,5,0,0,0,0,0,0,3,11,0,56,275,15,1,0,2,2,4449,0
1978,PhD,With_Partner,37717.0,1,0,2012-11-23,31,9,0,6,4,1,5,1,1,0,2,9,0,0,0,0,0,0,3,11,0,48,25,4,1,0,3,2,5020,0
1952,Master,With_Partner,43776.0,1,1,2013-02-03,9,177,2,71,3,2,20,6,5,2,4,8,0,0,0,0,0,0,3,11,1,74,275,17,2,0,2,2,4948,0
1966,Master,With_Partner,38179.0,1,1,2013-03-14,30,38,4,22,4,2,20,4,3,1,3,7,0,0,0,0,0,0,3,11,0,60,90,11,2,0,2,2,4909,0
1963,Graduation,With_Partner,80124.0,0,0,2014-06-26,47,483,84,398,205,84,241,1,3,7,8,1,1,0,0,0,0,0,3,11,0,63,1495,19,0,1,1,2,4440,0
1970,PhD,With_Partner,38097.0,1,1,2012-10-15,70,77,2,35,0,1,69,4,3,2,2,7,1,0,0,0,0,0,3,11,1,56,184,11,2,1,3,2,5059,0
1970,Graduation,With_Partner,72940.0,0,0,2013-06-19,13,182,74,298,162,149,116,1,3,3,6,1,0,0,0,0,0,0,3,11,0,56,981,13,0,0,1,2,4812,0
1970,Graduation,With_Partner,22070.0,1,0,2013-10-04,11,10,7,19,8,2,21,2,2,2,2,6,0,0,0,0,0,0,3,11,0,56,67,8,1,0,1,2,4705,0
1953,Graduation,Alone,69267.0,0,0,2012-09-22,31,778,44,499,95,73,146,2,3,4,5,7,0,0,0,0,0,0,3,11,1,73,1635,14,0,0,1,0,5082,0
1983,Master,Alone,31788.0,1,0,2014-03-20,15,16,7,23,0,8,6,3,3,0,4,5,0,0,0,0,0,1,3,11,0,43,60,10,1,0,2,0,4538,1
1975,PhD,With_Partner,61905.0,0,1,2014-02-04,2,167,0,43,6,2,13,2,4,2,4,5,0,0,0,0,0,0,3,11,0,51,231,12,1,0,3,2,4582,0
1960,Graduation,With_Partner,29315.0,1,1,2014-04-06,55,13,2,14,8,7,4,4,2,0,4,6,0,0,0,0,0,0,3,11,0,66,48,10,2,0,1,2,4521,0
1963,Graduation,Alone,33378.0,1,1,2013-02-06,38,33,6,40,3,7,10,3,2,0,4,7,0,0,0,0,0,0,3,11,0,63,99,9,2,0,1,0,4945,0
1963,PhD,With_Partner,66313.0,0,1,2013-09-16,86,625,7,99,10,22,7,2,6,3,12,4,0,0,0,0,0,0,3,11,0,63,770,23,1,0,3,2,4723,0
1956,Graduation,Alone,60714.0,0,0,2013-01-17,56,216,162,224,101,92,162,2,7,4,10,5,0,0,0,0,0,0,3,11,1,70,957,23,0,0,1,0,4965,0
1981,Master,With_Partner,77882.0,0,0,2014-04-30,29,68,129,396,188,22,15,1,3,3,5,1,0,0,0,0,0,0,3,11,0,45,818,12,0,0,2,2,4497,0
1986,PhD,Alone,69867.0,0,0,2013-04-02,30,196,0,512,33,130,54,1,3,5,8,1,0,0,0,1,0,0,3,11,1,40,925,17,0,1,3,0,4890,0
1968,Master,Alone,63841.0,0,1,2013-04-21,64,635,15,100,20,7,131,1,9,3,9,6,0,0,0,0,0,0,3,11,0,58,908,22,1,0,2,0,4871,0
1981,Basic,With_Partner,24480.0,1,0,2013-02-11,46,4,19,9,28,25,17,3,3,0,4,7,0,0,0,0,0,0,3,11,0,45,102,10,1,0,0,2,4940,0
1974,PhD,With_Partner,65640.0,0,1,2014-03-01,74,204,7,149,20,15,66,1,5,1,8,2,0,0,0,0,0,0,3,11,0,52,461,15,1,0,3,2,4557,0
1975,Master,With_Partner,44319.0,1,1,2014-04-17,18,26,0,8,0,0,3,2,2,0,3,5,0,0,0,0,0,0,3,11,0,51,37,7,2,0,2,2,4510,0
1974,Graduation,With_Partner,30631.0,1,0,2013-07-12,75,15,6,20,4,5,20,1,3,1,2,7,0,0,0,0,0,0,3,11,0,52,70,7,1,0,1,2,4789,0
1952,Graduation,With_Partner,75278.0,0,0,2013-01-29,17,304,98,230,150,74,74,1,6,3,13,3,0,0,0,0,0,0,3,11,0,74,930,23,0,0,1,2,4953,0
1956,Master,With_Partner,50898.0,1,1,2013-01-08,88,285,28,242,55,114,135,13,6,2,12,5,0,0,0,0,0,0,3,11,0,70,859,33,2,0,2,2,4974,0
1966,Graduation,Alone,79946.0,0,0,2014-05-12,19,395,183,565,166,141,28,1,5,11,5,3,0,0,0,0,0,0,3,11,0,60,1478,22,0,0,1,0,4485,0
1949,Master,Alone,35416.0,0,0,2013-06-13,62,248,3,81,4,3,51,3,7,1,5,8,0,0,0,0,0,0,3,11,0,77,390,16,0,0,2,0,4818,0
1984,Basic,With_Partner,32414.0,0,0,2013-07-04,11,20,6,5,0,9,12,1,1,0,3,7,1,0,0,0,0,0,3,11,0,42,52,5,0,1,0,2,4797,0
1969,Graduation,With_Partner,38361.0,1,0,2013-12-27,74,39,0,56,20,8,14,3,3,1,3,7,0,0,0,0,0,0,3,11,0,57,137,10,1,0,1,2,4621,0
1980,Graduation,With_Partner,82497.0,0,0,2012-10-31,32,777,129,573,216,21,203,1,2,7,9,4,0,0,1,0,0,0,3,11,0,46,1919,19,0,1,1,2,5043,0
1971,Graduation,With_Partner,16626.0,2,0,2014-01-15,76,8,3,22,21,1,13,3,3,0,3,9,0,0,0,0,0,0,3,11,0,55,68,9,2,0,1,2,4602,0
1965,Graduation,With_Partner,29672.0,1,1,2013-03-12,6,9,1,3,0,4,8,1,0,0,3,6,0,0,0,0,0,0,3,11,0,61,25,4,2,0,1,2,4911,0
1952,Master,With_Partner,55951.0,0,1,2012-08-23,62,1241,0,80,0,13,40,3,3,6,11,8,0,1,0,0,1,0,3,11,0,74,1374,23,1,2,2,2,5112,0
1988,Basic,Alone,35388.0,1,0,2013-03-07,20,6,4,7,4,3,8,1,1,0,3,7,0,0,0,0,0,0,3,11,0,38,32,5,1,0,0,0,4916,0
1986,Master,With_Partner,42386.0,1,0,2013-01-13,43,65,4,16,0,4,11,1,3,0,3,8,0,0,0,0,0,0,3,11,0,40,100,7,1,0,2,2,4969,0
1982,Graduation,Alone,68627.0,0,0,2013-01-12,45,395,15,263,60,54,38,1,2,3,6,1,0,0,0,0,0,0,3,11,0,44,825,12,0,0,1,0,4970,0
1965,PhD,Alone,57912.0,0,1,2014-03-17,34,801,0,80,0,0,35,5,8,3,12,5,0,1,0,0,0,0,3,11,0,61,916,28,1,1,3,0,4541,0
1958,Graduation,Alone,35246.0,1,1,2014-04-16,53,36,0,12,2,2,10,4,3,1,3,5,0,0,0,0,0,0,3,11,0,68,62,11,2,0,1,0,4511,0
1956,Basic,With_Partner,58821.0,0,1,2013-10-12,44,513,14,154,19,0,28,1,9,2,9,6,0,0,0,0,0,0,3,11,0,70,728,21,1,0,0,2,4697,0
1978,PhD,With_Partner,46377.0,1,0,2014-03-01,89,37,0,46,4,3,0,1,2,1,3,4,0,0,0,0,0,0,3,11,0,48,90,7,1,0,3,2,4557,0
1988,Graduation,Alone,39747.0,1,0,2014-04-13,43,80,15,93,20,13,52,3,5,1,4,8,0,0,0,0,0,0,3,11,0,38,273,13,1,0,1,0,4514,0
1984,Graduation,With_Partner,23976.0,1,0,2013-12-27,68,14,1,21,2,3,25,3,3,1,3,7,0,0,0,0,0,0,3,11,0,42,66,10,1,0,1,2,4621,0
1961,Master,With_Partner,80950.0,0,0,2013-03-28,44,525,147,112,219,147,63,1,6,7,9,2,0,0,0,1,0,0,3,11,0,65,1213,23,0,1,2,2,4895,0
1966,Graduation,Alone,27038.0,0,0,2012-09-18,64,1,26,25,17,23,15,1,3,0,3,9,0,0,0,0,0,0,3,11,1,60,107,7,0,0,1,0,5086,0
1947,Graduation,Alone,77457.0,0,0,2014-03-05,85,675,11,400,15,45,11,1,2,5,10,1,0,0,1,0,0,0,3,11,0,79,1157,18,0,1,1,0,4553,0
1964,Master,With_Partner,64100.0,0,1,2013-09-10,93,509,0,27,0,0,10,1,8,3,6,7,0,1,0,0,0,0,3,11,0,62,546,18,1,1,2,2,4729,0
1992,Master,With_Partner,42670.0,0,0,2013-04-27,12,154,2,46,20,4,15,1,4,2,4,4,0,0,0,0,0,0,3,11,0,34,241,11,0,0,2,2,4865,0
1976,Graduation,Alone,12571.0,1,0,2014-01-18,86,3,5,14,2,12,17,4,3,1,3,6,0,0,0,0,0,0,3,11,0,50,53,11,1,0,1,0,4599,0
1967,Graduation,With_Partner,22574.0,2,1,2013-10-28,28,25,0,8,2,0,2,2,2,0,3,7,0,0,0,0,0,0,3,11,0,59,37,7,3,0,1,2,4681,0
1989,Graduation,With_Partner,,0,0,2013-06-03,69,861,138,461,60,30,61,1,6,5,12,3,0,1,0,1,0,0,3,11,0,37,1611,24,0,2,1,2,4828,0
1976,Master,Alone,70893.0,0,0,2013-02-06,42,768,44,561,77,44,14,1,6,6,10,3,0,0,0,0,0,0,3,11,0,50,1508,23,0,0,2,0,4945,0
1966,Graduation,With_Partner,54198.0,1,1,2013-12-17,13,185,0,28,3,2,17,6,3,1,6,4,0,0,0,0,0,0,3,11,0,60,235,16,2,0,1,2,4631,0
1956,Master,With_Partner,28839.0,1,1,2014-03-11,86,24,0,7,0,0,1,2,2,0,3,5,0,0,0,0,0,0,3,11,0,70,32,7,2,0,2,2,4547,0
1972,Graduation,With_Partner,40321.0,1,1,2013-07-29,59,44,4,21,6,0,27,2,3,0,3,7,0,0,0,0,0,0,3,11,0,54,102,8,2,0,1,2,4772,0
1985,Graduation,Alone,66503.0,1,0,2012-08-14,30,91,64,128,65,3,50,2,4,3,6,3,0,0,0,0,0,0,3,11,0,41,401,15,1,0,1,0,5121,0
1951,Graduation,With_Partner,30833.0,1,1,2013-07-16,33,11,0,7,3,1,6,2,1,0,3,5,0,0,0,0,0,0,3,11,0,75,28,6,2,0,1,2,4785,0
1970,Graduation,Alone,,1,2,2013-08-23,67,738,20,172,52,50,20,6,2,3,10,7,0,1,0,1,0,0,3,11,0,56,1052,21,3,2,1,0,4747,0
1971,Graduation,With_Partner,64795.0,0,1,2013-01-17,23,412,5,119,38,29,77,3,3,3,12,2,0,0,0,0,0,0,3,11,0,55,680,21,1,0,1,2,4965,0
1974,Graduation,With_Partner,34421.0,1,0,2013-07-01,81,3,3,7,6,2,9,1,1,0,2,7,0,0,0,0,0,0,3,11,0,52,30,4,1,0,1,2,4800,0
1965,PhD,Alone,47025.0,1,1,2014-02-09,6,16,0,3,0,0,1,1,1,0,2,7,0,0,0,0,0,0,3,11,0,61,20,4,2,0,3,0,4577,0
1961,PhD,Alone,64325.0,0,1,2013-02-07,41,731,60,353,78,12,73,5,10,3,5,7,0,0,0,0,0,0,3,11,0,65,1307,23,1,0,3,0,4944,0
1953,Graduation,Alone,40464.0,0,1,2013-01-11,78,424,17,118,7,23,41,6,8,2,8,8,0,0,0,0,0,0,3,11,0,73,630,24,1,0,1,0,4971,0
1957,Graduation,With_Partner,62187.0,0,0,2013-07-05,49,792,0,275,45,45,126,1,4,8,5,3,0,0,0,0,0,0,3,11,0,69,1283,18,0,0,1,2,4796,0
1976,PhD,Alone,14849.0,1,0,2013-07-02,39,21,2,28,3,2,9,3,2,0,4,8,0,0,0,0,0,0,3,11,0,50,65,9,1,0,3,0,4799,0
1984,Graduation,With_Partner,27255.0,1,0,2013-11-07,3,22,1,11,0,1,2,1,1,0,3,7,0,0,0,0,0,0,3,11,0,42,37,5,1,0,1,2,4671,0
1950,PhD,With_Partner,54432.0,2,1,2013-05-09,37,33,0,5,0,0,0,1,1,0,3,4,0,0,0,0,0,0,3,11,0,76,38,5,3,0,3,2,4853,0
1986,PhD,Alone,29999.0,1,0,2013-02-13,22,68,7,59,10,5,11,4,3,1,4,8,0,0,0,0,0,0,3,11,0,40,160,12,1,0,3,0,4938,0
1983,Graduation,Alone,24072.0,1,0,2013-04-16,79,9,1,6,3,0,4,1,1,0,2,8,0,0,0,0,0,0,3,11,0,43,23,4,1,0,1,0,4876,0
1989,PhD,Alone,33996.0,0,0,2013-09-11,46,40,2,15,8,0,6,1,1,1,3,4,0,0,0,0,0,0,3,11,0,37,71,6,0,0,3,0,4728,0
1956,PhD,With_Partner,66334.0,0,1,2013-04-03,82,909,11,218,0,0,23,2,9,3,5,5,0,0,0,0,0,0,3,11,1,70,1161,19,1,0,3,2,4889,0
1971,Master,With_Partner,35178.0,1,0,2013-01-10,10,23,1,13,2,2,18,1,1,1,2,7,1,0,0,0,0,0,3,11,1,55,59,5,1,1,2,2,4972,0
1983,Graduation,With_Partner,22010.0,1,0,2013-06-30,51,11,2,9,3,0,8,2,2,0,3,8,0,0,0,0,0,0,3,11,0,43,33,7,1,0,1,2,4801,0
1960,Graduation,Alone,62204.0,0,2,2012-09-12,38,317,46,247,151,46,139,1,4,5,12,3,0,0,0,0,0,0,3,11,0,66,946,22,2,0,1,0,5092,0
1968,Graduation,Alone,75693.0,0,0,2012-12-06,10,797,153,293,72,97,30,1,11,4,6,4,0,1,1,1,0,0,3,11,1,58,1442,22,0,3,1,0,5007,0
1972,Graduation,With_Partner,30675.0,1,0,2012-11-12,14,10,2,16,11,2,21,1,1,0,3,8,0,0,0,0,0,0,3,11,0,54,62,5,1,0,1,2,5031,0
1965,Graduation,With_Partner,83003.0,0,0,2013-03-03,18,856,61,570,40,25,122,1,7,6,8,3,0,0,1,0,0,0,3,11,1,61,1674,22,0,1,1,2,4920,0
1899,PhD,With_Partner,83532.0,0,0,2013-09-26,36,755,144,562,104,64,224,1,4,6,4,1,0,0,1,0,0,0,3,11,0,127,1853,15,0,1,3,2,4713,0
1988,Graduation,Alone,68655.0,0,0,2012-08-10,95,456,19,832,75,118,38,1,4,5,11,3,0,0,0,0,0,0,3,11,0,38,1538,21,0,0,1,0,5125,0
1986,Graduation,Alone,41411.0,0,0,2013-12-07,11,37,32,38,11,3,18,1,2,1,4,6,0,0,0,0,0,0,3,11,0,40,139,8,0,0,1,0,4641,0
1969,PhD,With_Partner,55212.0,0,1,2012-11-23,65,1103,0,45,0,0,34,3,4,2,11,8,0,1,0,0,1,0,3,11,0,57,1182,20,1,2,3,2,5020,0
1950,PhD,With_Partner,59292.0,0,1,2013-06-13,71,378,14,68,19,14,14,2,3,5,8,3,0,0,0,0,0,0,3,11,0,76,507,18,1,0,3,2,4818,0
1973,Basic,With_Partner,27190.0,1,0,2013-08-15,13,1,6,7,0,1,3,1,1,0,2,8,1,0,0,0,0,0,3,11,1,53,18,4,1,1,0,2,4755,0
1952,Graduation,Alone,82623.0,0,0,2013-11-10,58,204,34,204,172,153,173,1,2,9,4,1,0,0,0,0,0,0,3,11,0,74,940,16,0,0,1,0,4668,0
1965,Graduation,With_Partner,44300.0,1,1,2013-06-23,65,30,0,9,0,0,3,2,1,0,3,6,0,0,0,0,0,0,3,11,0,61,42,6,2,0,1,2,4808,0
1970,Graduation,Alone,84835.0,0,0,2014-06-16,0,189,104,379,111,189,218,1,4,4,6,1,0,0,0,0,0,0,3,11,1,56,1190,15,0,0,1,0,4450,0
1971,Graduation,Alone,30372.0,1,1,2012-12-25,33,15,0,12,7,3,7,3,2,0,3,7,0,0,0,0,0,0,3,11,0,55,44,8,2,0,1,0,4988,0
1976,Master,With_Partner,33181.0,1,0,2014-01-03,90,9,0,3,0,0,4,1,1,0,2,6,1,0,0,0,0,0,3,11,0,50,16,4,1,1,2,2,4614,0
1957,Graduation,With_Partner,71113.0,0,1,2013-12-17,95,495,33,255,11,33,8,4,6,7,9,4,0,0,0,0,0,0,3,11,0,69,835,26,1,0,1,2,4631,0
1986,Graduation,With_Partner,71952.0,1,0,2013-01-10,93,656,80,455,52,107,93,2,8,4,8,4,1,0,1,0,0,0,3,11,0,40,1443,22,1,2,1,2,4972,0
1966,PhD,Alone,69759.0,0,0,2013-10-28,38,452,20,514,13,30,0,3,4,6,5,3,0,0,0,0,0,0,3,11,1,60,1029,18,0,0,3,0,4681,0
1974,Graduation,With_Partner,72099.0,0,0,2012-10-27,18,546,91,410,119,0,22,1,3,4,10,1,0,0,0,0,0,0,3,11,0,52,1188,18,0,0,1,2,5047,0
1976,PhD,Alone,60000.0,0,1,2012-12-22,57,1048,0,217,0,0,12,5,11,3,5,6,0,0,0,0,0,0,3,11,0,50,1277,24,1,0,3,0,4991,0
1978,Graduation,Alone,38643.0,1,1,2013-11-29,45,22,2,14,0,1,10,2,2,0,3,7,0,0,0,0,0,1,3,11,0,48,49,7,2,0,1,0,4649,1
1955,Graduation,With_Partner,50737.0,0,1,2013-05-11,61,78,0,11,0,0,10,1,2,0,4,6,0,1,0,0,0,0,3,11,0,71,99,7,1,1,1,2,4851,0
1969,PhD,With_Partner,68462.0,0,0,2012-12-12,6,561,64,785,84,128,48,1,3,3,8,1,0,0,0,0,0,0,3,11,0,57,1670,15,0,0,3,2,5001,0
1943,Master,With_Partner,65073.0,0,0,2013-08-20,65,629,17,177,69,0,8,1,5,3,5,2,0,0,0,0,0,1,3,11,0,83,900,14,0,0,2,2,4750,1
1948,PhD,With_Partner,46681.0,0,2,2013-10-08,52,269,15,69,15,19,38,2,4,6,4,5,0,0,0,0,0,0,3,11,0,78,425,16,2,0,3,2,4701,0
1957,Graduation,With_Partner,78618.0,0,0,2012-09-28,87,736,163,818,212,163,61,1,4,7,10,2,0,1,0,0,0,0,3,11,0,69,2153,22,0,1,1,2,5076,0
1969,PhD,Alone,62187.0,0,1,2014-03-22,38,512,0,83,0,0,41,3,6,2,10,4,0,0,0,0,0,0,3,11,0,57,636,21,1,0,3,0,4536,0
1978,Graduation,With_Partner,28442.0,2,0,2014-02-24,53,19,3,10,11,8,6,3,2,1,4,4,0,0,0,0,0,0,3,11,0,48,57,10,2,0,1,2,4562,0
1967,Graduation,With_Partner,51479.0,1,1,2012-12-28,67,247,8,160,6,8,65,7,6,3,6,7,0,0,0,0,0,0,3,11,0,59,494,22,2,0,1,2,4985,0
1969,Graduation,Alone,54803.0,0,1,2012-08-21,65,404,0,92,28,27,142,2,6,2,9,4,0,0,0,0,0,0,3,11,0,57,693,19,1,0,1,0,5114,0
1960,Graduation,With_Partner,79530.0,0,0,2013-05-17,64,333,0,815,129,42,29,1,4,10,11,2,0,0,0,0,0,0,3,11,0,66,1348,26,0,0,1,2,4845,0
1976,Graduation,Alone,31615.0,1,0,2013-03-16,82,2,3,20,6,11,9,2,2,0,3,7,0,0,0,0,0,0,3,11,0,50,51,7,1,0,1,0,4907,0
1962,Graduation,With_Partner,72025.0,0,0,2012-11-17,27,833,33,549,151,133,233,1,4,3,8,3,0,0,0,0,0,0,3,11,0,64,1932,16,0,0,1,2,5026,0
1975,PhD,Alone,52614.0,0,1,2012-12-01,63,789,0,142,12,9,38,2,2,4,8,8,0,0,0,0,0,0,3,11,0,51,990,16,1,0,3,0,5012,0
1984,Basic,With_Partner,35684.0,1,0,2014-04-22,66,10,4,7,0,6,3,1,1,0,3,6,0,0,0,0,0,0,3,11,0,42,30,5,1,0,0,2,4505,0
1975,Graduation,With_Partner,48178.0,1,1,2012-10-28,69,159,4,45,6,2,38,6,5,1,4,8,0,0,0,0,0,0,3,11,0,51,254,16,2,0,1,2,5046,0
1970,Master,Alone,29548.0,1,0,2013-08-29,52,7,1,6,3,1,11,1,1,1,2,4,1,0,0,0,0,0,3,11,0,56,29,5,1,1,2,0,4741,0
1966,Graduation,Alone,63810.0,0,1,2012-11-11,45,977,12,253,16,12,101,4,4,3,12,8,0,1,0,0,0,0,3,11,0,60,1371,23,1,1,1,0,5032,0
1972,PhD,Alone,38578.0,1,1,2013-06-22,2,38,4,22,3,3,3,3,3,0,3,8,0,0,0,0,0,0,3,11,1,54,73,9,2,0,3,0,4809,0
1975,Master,Alone,46098.0,1,1,2012-08-18,86,57,0,27,0,0,36,4,3,2,2,8,0,0,0,0,0,0,3,11,0,51,120,11,2,0,2,0,5117,0
1970,Graduation,Alone,22585.0,0,0,2013-03-18,23,3,9,15,13,2,39,1,1,1,2,9,1,0,0,0,0,0,3,11,1,56,81,5,0,1,1,0,4905,0
1989,Graduation,Alone,30279.0,1,0,2012-12-30,13,10,4,14,4,4,1,1,1,0,3,8,0,0,0,0,0,0,3,11,0,37,37,5,1,0,1,0,4983,0
1961,PhD,With_Partner,66426.0,0,1,2013-10-02,14,1043,24,97,32,24,157,2,3,5,10,6,0,0,0,0,0,0,3,11,0,65,1377,20,1,0,3,2,4707,0
1969,Graduation,Alone,30822.0,1,0,2013-06-14,92,3,9,13,2,12,12,1,1,0,3,7,0,0,0,0,0,0,3,11,0,57,51,5,1,0,1,0,4817,0
1969,PhD,With_Partner,33581.0,2,0,2013-01-08,38,11,0,5,0,0,1,1,1,0,2,8,0,0,0,0,0,0,3,11,0,57,17,4,2,0,3,2,4974,0
1985,Graduation,With_Partner,19986.0,1,0,2013-11-14,74,3,6,5,0,2,6,1,0,0,3,7,0,0,0,0,0,0,3,11,0,41,22,4,1,0,1,2,4664,0
1954,Graduation,Alone,27421.0,0,0,2012-12-12,14,43,12,96,78,40,55,3,4,1,6,7,0,0,0,0,0,0,3,11,0,72,324,14,0,0,1,0,5001,0
1981,Master,Alone,36143.0,1,0,2014-03-30,33,12,0,1,0,0,6,1,0,1,2,3,0,0,0,0,0,0,3,11,0,45,19,4,1,0,2,0,4528,0
1971,Graduation,Alone,10245.0,1,0,2013-05-15,32,4,7,7,6,4,13,3,1,2,2,5,0,0,0,0,0,0,3,11,0,55,41,8,1,0,1,0,4847,0
1968,Master,With_Partner,43795.0,0,1,2013-10-16,11,314,11,53,4,3,107,3,7,3,4,7,0,1,0,0,0,0,3,11,1,58,492,17,1,1,2,2,4693,0
1960,Graduation,With_Partner,63381.0,0,1,2012-10-05,78,571,50,142,33,50,159,4,4,5,13,2,0,0,0,0,0,0,3,11,0,66,1005,26,1,0,1,2,5069,0
1949,Graduation,With_Partner,38823.0,0,1,2012-08-30,56,70,0,11,2,8,23,1,2,1,3,6,0,0,0,0,0,0,3,11,0,77,114,7,1,0,1,2,5105,0
1968,PhD,Alone,83664.0,1,1,2013-05-08,57,866,21,151,28,21,86,3,2,2,12,5,0,0,0,0,0,0,3,11,0,58,1173,19,2,0,3,0,4854,0
1979,Graduation,With_Partner,90300.0,0,0,2014-01-03,7,594,134,786,33,134,57,0,5,6,8,1,0,0,1,0,0,0,3,11,0,47,1738,19,0,1,1,2,4614,0
1979,Master,With_Partner,62499.0,1,0,2013-12-09,0,140,4,61,0,13,4,2,3,1,6,4,0,0,0,0,0,0,3,11,0,47,222,12,1,0,2,2,4639,0
1993,Graduation,Alone,74293.0,0,0,2014-05-04,66,375,152,335,93,91,81,1,5,4,6,2,0,0,0,0,0,0,3,11,0,33,1127,16,0,0,1,0,4493,0
1946,PhD,With_Partner,51012.0,0,0,2013-04-18,86,102,9,63,2,9,24,1,4,1,4,6,0,0,0,0,0,0,3,11,0,80,209,10,0,0,3,2,4874,0
1968,Master,With_Partner,70777.0,0,1,2014-02-25,80,554,35,113,0,7,78,3,5,3,12,3,0,0,0,0,0,0,3,11,0,58,787,23,1,0,2,2,4561,0
1991,PhD,With_Partner,68682.0,0,0,2013-10-06,56,919,0,505,99,30,45,1,4,9,10,2,0,0,0,0,0,0,3,11,0,35,1598,24,0,0,3,2,4703,0
1971,Graduation,With_Partner,43824.0,1,1,2012-09-15,18,96,1,42,12,3,32,4,3,1,4,8,0,0,0,0,0,0,3,11,0,55,186,12,2,0,1,2,5089,0
1984,Graduation,With_Partner,15345.0,1,0,2012-08-31,51,5,2,16,3,2,19,2,1,1,2,8,0,0,0,0,0,0,3,11,1,42,47,6,1,0,1,2,5104,0
1987,Graduation,Alone,23442.0,1,0,2012-12-24,71,2,0,6,8,6,5,1,1,0,3,7,0,0,0,0,0,0,3,11,0,39,27,5,1,0,1,0,4989,0
1980,Basic,With_Partner,14515.0,1,0,2012-11-09,71,6,4,9,6,36,35,4,2,2,3,7,0,0,0,0,0,0,3,11,1,46,96,11,1,0,0,2,5034,0
1956,Basic,Alone,31395.0,1,1,2013-03-23,80,23,1,25,0,8,7,4,2,1,3,6,0,0,0,0,0,0,3,11,0,70,64,10,2,0,0,0,4900,0
1965,Graduation,With_Partner,75276.0,0,0,2012-09-27,2,610,105,125,137,42,21,1,9,4,9,5,0,0,0,0,0,0,3,11,0,61,1040,23,0,0,1,2,5077,0
1974,Graduation,Alone,42373.0,1,1,2013-08-15,83,67,5,61,3,8,19,5,2,1,5,5,0,0,0,0,0,0,3,11,0,52,163,13,2,0,1,0,4755,0
1960,Graduation,With_Partner,30507.0,0,0,2013-03-11,29,65,36,74,38,20,110,1,5,1,4,7,0,0,0,0,0,0,3,11,0,66,343,11,0,0,1,2,4912,0
1955,PhD,Alone,55521.0,1,2,2013-10-22,11,416,0,26,0,0,4,9,6,3,6,7,0,1,0,0,0,0,3,11,1,71,446,24,3,1,3,0,4687,0
1965,Graduation,With_Partner,48006.0,1,1,2014-06-09,55,23,0,11,3,2,2,1,1,0,3,6,0,0,0,0,0,0,3,11,0,61,41,5,2,0,1,2,4457,0
1972,PhD,Alone,27213.0,1,0,2012-08-30,19,19,3,26,10,9,3,3,2,0,4,8,0,0,0,0,0,0,3,11,1,54,70,9,1,0,3,0,5105,0
1971,PhD,Alone,65808.0,1,1,2014-05-30,1,155,7,80,13,7,10,3,5,1,5,6,0,0,0,0,0,0,3,11,0,55,272,14,2,0,3,0,4467,0
1974,PhD,With_Partner,30351.0,1,0,2013-06-06,19,14,0,24,3,3,2,1,3,0,2,9,0,0,0,0,0,0,3,11,0,52,46,6,1,0,3,2,4825,0
1963,Graduation,With_Partner,50437.0,0,2,2012-10-17,28,370,9,92,6,9,4,3,7,1,8,7,0,0,0,0,0,0,3,11,0,63,490,19,2,0,1,2,5057,0
1982,Basic,Alone,23616.0,1,0,2012-11-17,76,4,22,11,3,7,32,2,3,0,3,8,0,0,0,0,0,0,3,11,1,44,79,8,1,0,0,0,5026,0
1976,Graduation,With_Partner,53858.0,0,1,2012-11-09,50,407,53,221,58,150,26,4,4,3,6,4,0,0,0,0,0,0,3,11,0,50,915,17,1,0,1,2,5034,0
1955,PhD,With_Partner,66465.0,0,1,2013-03-30,1,1200,0,204,38,29,14,3,11,9,12,6,0,0,0,1,0,0,3,11,0,71,1485,35,1,1,3,2,4893,0
1987,Graduation,Alone,46923.0,1,0,2012-08-22,90,85,44,54,102,78,6,3,5,1,7,7,0,0,0,0,0,0,3,11,0,39,369,16,1,0,1,0,5113,0
1962,Graduation,With_Partner,75072.0,0,1,2013-01-23,83,583,34,309,0,22,125,2,5,4,8,3,0,0,0,0,0,0,3,11,0,64,1073,19,1,0,1,2,4959,0
1943,PhD,With_Partner,75865.0,0,0,2014-03-31,73,483,0,591,156,0,12,1,3,5,10,1,0,0,0,0,0,0,3,11,0,83,1242,19,0,0,3,2,4527,0
1975,Basic,With_Partner,19789.0,1,0,2013-11-20,24,2,5,9,28,6,28,3,2,1,3,5,1,0,0,0,0,0,3,11,0,51,78,9,1,1,0,2,4658,0
1994,Graduation,With_Partner,80134.0,0,0,2014-02-14,11,966,26,282,52,26,26,1,2,7,11,5,0,1,1,1,1,0,3,11,0,32,1378,21,0,4,1,2,4572,0
1981,Graduation,Alone,91065.0,0,0,2013-02-22,33,822,114,108,179,137,114,1,7,9,9,3,0,0,1,1,0,0,3,11,1,45,1474,26,0,2,1,0,4929,0
1971,Master,With_Partner,49505.0,1,1,2013-03-05,4,604,0,100,19,0,28,9,10,2,8,8,0,0,0,0,0,0,3,11,0,55,751,29,2,0,2,2,4918,0
1973,PhD,With_Partner,37401.0,1,0,2014-05-06,14,19,3,19,3,1,3,2,2,0,3,7,0,0,0,0,0,0,3,11,0,53,48,7,1,0,3,2,4491,0
1982,Master,With_Partner,18492.0,1,0,2014-06-05,75,2,2,2,2,1,1,1,1,0,2,8,0,0,0,0,0,0,3,11,0,44,10,4,1,0,2,2,4461,0
1974,Master,With_Partner,82584.0,0,0,2013-06-04,26,1076,68,103,29,91,68,1,3,4,8,1,0,1,1,0,0,0,3,11,1,52,1435,16,0,2,2,2,4827,0
1941,PhD,With_Partner,93027.0,0,0,2013-04-13,77,1285,42,716,55,0,21,0,7,10,5,2,0,0,1,0,0,0,3,11,0,85,2119,22,0,1,3,2,4879,0
1953,Graduation,With_Partner,48686.0,1,2,2013-12-04,8,10,0,7,2,0,1,1,1,0,2,8,0,0,0,0,0,0,3,11,0,73,20,4,3,0,1,2,4644,0
1986,Graduation,With_Partner,92910.0,0,0,2014-04-24,42,551,137,792,179,103,33,1,6,7,13,1,0,1,1,1,0,0,3,11,0,40,1795,27,0,3,1,2,4503,0
1989,Graduation,With_Partner,75433.0,1,0,2014-04-05,28,800,0,297,0,34,57,2,2,5,10,6,0,1,0,1,0,0,3,11,0,37,1188,19,1,2,1,2,4522,0
1989,Basic,With_Partner,10404.0,1,0,2014-05-04,52,2,2,11,10,6,12,2,1,0,4,5,0,0,0,0,0,0,3,11,0,37,43,7,1,0,0,2,4493,0
1968,Graduation,With_Partner,61314.0,0,1,2013-04-25,1,378,0,189,97,172,172,2,5,5,12,3,0,0,0,0,0,0,3,11,0,58,1008,24,1,0,1,2,4867,0
1961,PhD,Alone,84865.0,0,0,2013-05-09,1,1248,16,349,43,16,16,1,2,4,9,4,0,1,1,1,1,0,3,11,1,65,1688,16,0,4,3,0,4853,0
1989,Graduation,With_Partner,42387.0,1,0,2012-10-29,42,235,0,235,19,4,191,5,8,1,7,8,0,0,0,0,0,0,3,11,0,37,684,21,1,0,1,2,5045,0
1967,Basic,With_Partner,67309.0,1,1,2013-01-23,76,515,47,181,149,95,95,15,9,6,9,7,0,0,0,0,0,0,3,11,0,59,1082,39,2,0,0,2,4959,0
1964,Graduation,With_Partner,75236.0,0,1,2013-11-25,27,438,66,400,12,38,114,1,8,3,13,4,0,0,0,0,0,0,3,11,0,62,1068,25,1,0,1,2,4653,0
1970,Graduation,Alone,30015.0,1,0,2014-02-02,28,25,0,22,2,3,5,2,1,0,4,5,0,0,0,0,0,0,3,11,0,56,57,7,1,0,1,0,4584,0
1956,Master,With_Partner,50943.0,0,1,2013-06-21,49,31,0,7,2,0,6,1,1,0,3,5,0,0,0,0,0,0,3,11,0,70,46,5,1,0,2,2,4810,0
1966,Graduation,Alone,67272.0,0,1,2013-12-21,12,357,35,271,28,28,14,3,6,2,12,5,0,0,0,0,0,0,3,11,0,60,733,23,1,0,1,0,4627,0
1949,Master,Alone,51529.0,0,1,2013-09-07,14,400,4,35,6,0,22,2,9,1,5,8,0,0,0,0,0,0,3,11,0,77,467,17,1,0,2,0,4732,0
1971,PhD,With_Partner,32011.0,1,0,2013-08-22,89,99,0,15,2,1,5,3,2,1,4,7,0,0,0,0,0,0,3,11,0,55,122,10,1,0,3,2,4748,0
1986,Basic,With_Partner,7500.0,1,0,2013-02-07,96,1,11,5,4,6,9,2,2,0,3,8,0,0,0,0,0,0,3,11,0,40,36,7,1,0,0,2,4944,0
1989,Graduation,With_Partner,28691.0,1,0,2013-07-04,56,5,4,13,8,0,4,1,1,0,3,8,0,0,0,0,0,0,3,11,0,37,34,5,1,0,1,2,4797,0
1948,PhD,With_Partner,56223.0,0,1,2013-12-20,72,77,28,31,16,0,4,2,2,1,5,4,0,0,0,0,0,0,3,11,0,78,156,10,1,0,3,2,4628,0
1946,Graduation,With_Partner,18100.0,0,0,2013-08-06,14,3,1,2,4,3,1,1,0,0,3,5,0,0,0,0,0,0,3,11,0,80,14,4,0,0,1,2,4764,0
1974,Basic,With_Partner,20130.0,0,0,2014-03-17,99,0,6,3,7,6,12,1,1,0,3,8,0,0,0,0,0,0,3,11,0,52,34,5,0,0,0,2,4541,0
1959,Graduation,Alone,23295.0,0,0,2013-07-13,72,0,0,1,2,12,5,1,1,0,2,8,0,0,0,0,0,0,3,11,0,67,20,4,0,0,1,0,4788,0
1972,Master,Alone,42618.0,1,0,2013-10-09,92,76,14,74,13,5,10,2,5,0,4,8,0,0,0,0,0,0,3,11,0,54,192,11,1,0,2,0,4700,0
1964,Graduation,Alone,81246.0,0,0,2013-12-29,87,398,190,537,61,156,37,1,4,5,7,1,1,0,0,1,0,0,3,11,0,62,1379,17,0,2,1,0,4619,0
1976,Graduation,With_Partner,24027.0,1,0,2013-06-09,7,14,7,11,11,0,5,2,2,0,3,8,0,0,0,0,0,0,3,11,0,50,48,7,1,0,1,2,4822,0
1953,PhD,With_Partner,55707.0,0,1,2013-12-22,91,208,7,82,30,66,35,2,3,2,9,3,0,0,0,0,0,0,3,11,0,73,428,16,1,0,3,2,4626,0
1955,Graduation,Alone,57959.0,0,1,2013-05-02,71,430,16,322,43,24,33,5,4,7,11,3,0,0,0,0,0,0,3,11,0,71,868,27,1,0,1,0,4860,0
1969,Graduation,With_Partner,56796.0,0,1,2013-02-16,24,656,38,161,62,47,37,3,8,9,7,7,0,0,0,0,0,0,3,11,0,57,1001,27,1,0,1,2,4935,0
1971,Master,Alone,36230.0,1,0,2013-10-17,17,14,2,30,8,2,3,1,2,0,4,5,0,0,0,0,0,0,3,11,0,55,59,7,1,0,2,0,4692,0
1980,Basic,With_Partner,70829.0,1,1,2013-12-01,87,141,70,106,72,19,23,2,4,2,8,3,0,0,0,0,0,0,3,11,0,46,431,16,2,0,0,2,4647,0
1976,Graduation,With_Partner,65991.0,0,1,2012-09-07,21,507,19,364,25,47,9,3,9,5,10,7,0,0,0,0,0,0,3,11,0,50,971,27,1,0,1,2,5097,0
1972,Graduation,With_Partner,38988.0,1,2,2012-08-20,90,164,24,103,12,3,42,7,5,1,6,8,0,0,0,0,0,0,3,11,0,54,348,19,3,0,1,2,5115,0
1966,Basic,Alone,89572.0,0,0,2012-09-15,44,606,24,974,197,194,64,1,7,7,9,4,0,1,0,1,0,0,3,11,1,60,2059,24,0,2,0,0,5089,0
1984,Master,With_Partner,42207.0,1,0,2013-04-01,71,116,11,72,3,17,46,4,4,1,5,6,1,0,0,0,0,0,3,11,1,42,265,14,1,1,2,2,4891,0
1952,Graduation,With_Partner,50300.0,0,1,2014-05-25,52,143,15,60,24,23,5,2,2,1,8,2,0,0,0,0,0,0,3,11,0,74,270,13,1,0,1,2,4472,0
1982,Basic,With_Partner,66664.0,0,0,2012-09-25,78,398,96,447,220,96,32,1,5,7,6,3,0,0,0,0,0,0,3,11,0,44,1289,19,0,0,0,2,5079,0
1964,Graduation,With_Partner,60597.0,0,1,2014-01-01,2,522,0,257,32,16,66,4,2,2,8,7,0,0,0,1,0,0,3,11,1,62,893,16,1,1,1,2,4616,0
1949,Graduation,Alone,70165.0,0,0,2013-09-22,60,161,0,253,199,191,122,1,3,7,11,1,0,0,0,0,0,0,3,11,0,77,926,22,0,0,1,0,4717,0
1958,PhD,Alone,50520.0,0,1,2014-01-28,25,112,0,6,2,1,14,2,3,1,3,6,0,0,0,0,0,0,3,11,0,68,135,9,1,0,3,0,4589,0
1975,Graduation,With_Partner,33183.0,1,0,2014-02-24,46,7,5,39,17,15,37,2,4,0,3,7,0,0,0,0,0,0,3,11,0,51,120,9,1,0,1,2,4562,0
1969,PhD,Alone,66582.0,0,0,2014-03-03,83,789,25,420,16,38,0,1,2,8,9,1,0,0,0,0,0,0,3,11,0,57,1288,20,0,0,3,0,4555,0
1955,PhD,With_Partner,75261.0,0,0,2013-04-23,17,1239,17,413,23,34,17,1,5,6,5,2,0,1,1,0,0,0,3,11,1,71,1743,17,0,2,3,2,4869,0
1970,Graduation,Alone,31880.0,1,0,2012-10-31,13,4,1,5,2,0,3,1,1,0,2,8,0,0,0,0,0,0,3,11,0,56,15,4,1,0,1,0,5043,0
1951,Graduation,With_Partner,53790.0,0,2,2014-03-06,86,335,42,127,28,5,5,3,7,2,8,6,0,0,0,0,0,0,3,11,0,75,542,20,2,0,1,2,4552,0
1971,PhD,With_Partner,49269.0,1,0,2012-08-15,92,639,8,166,11,8,58,3,7,3,12,7,0,0,0,0,0,0,3,11,0,55,890,25,1,0,3,2,5120,0
1975,Graduation,With_Partner,61456.0,0,1,2013-03-27,47,563,76,384,84,192,89,4,6,10,13,4,0,0,0,0,0,0,3,11,0,51,1388,33,1,0,1,2,4896,0
1980,Graduation,With_Partner,37406.0,1,0,2013-10-10,18,2,0,8,2,2,3,1,1,0,2,8,0,0,0,0,0,0,3,11,1,46,17,4,1,0,1,2,4699,0
1981,PhD,With_Partner,56937.0,1,0,2012-08-04,81,746,8,125,11,8,8,7,8,6,9,6,0,1,0,0,0,0,3,11,1,45,906,30,1,1,3,2,5131,0
1978,Graduation,With_Partner,38415.0,1,1,2013-01-02,91,22,1,13,4,0,4,2,1,0,3,7,0,0,0,0,0,0,3,11,0,48,44,6,2,0,1,2,4980,0
1988,Graduation,Alone,20518.0,1,0,2014-05-18,58,4,1,6,4,1,9,1,1,1,2,5,0,0,0,0,0,0,3,11,0,38,25,5,1,0,1,0,4479,0
1956,Graduation,With_Partner,62503.0,0,1,2013-02-18,40,478,0,193,110,75,117,4,8,3,11,5,0,0,0,0,0,0,3,11,0,70,973,26,1,0,1,2,4933,0
1972,PhD,Alone,41644.0,1,1,2014-05-09,67,20,3,4,2,0,2,2,1,0,3,3,0,0,0,0,0,0,3,11,0,54,31,6,2,0,3,0,4488,0
1977,Master,With_Partner,55842.0,0,1,2014-05-23,19,451,0,39,0,4,24,1,7,1,8,5,0,0,0,0,0,0,3,11,0,49,518,17,1,0,2,2,4474,0
1972,PhD,With_Partner,62010.0,0,1,2012-10-23,93,371,22,39,6,0,92,4,6,2,7,5,0,0,0,0,0,0,3,11,0,54,530,19,1,0,3,2,5051,0
1977,Graduation,With_Partner,41124.0,1,0,2012-10-31,41,281,7,84,15,0,119,7,7,3,4,8,0,0,0,0,0,0,3,11,0,49,506,21,1,0,1,2,5043,0
1973,Master,With_Partner,38961.0,1,0,2013-12-30,60,19,7,19,0,1,24,1,2,1,2,7,0,0,0,0,0,0,3,11,0,53,70,6,1,0,2,2,4618,0
1972,Master,Alone,37760.0,1,0,2013-08-11,54,26,3,13,2,10,0,1,2,0,3,6,0,0,0,0,0,0,3,11,0,54,54,6,1,0,2,0,4759,0
1974,Graduation,Alone,32233.0,1,0,2012-08-19,26,138,15,35,25,11,72,2,6,2,2,9,1,0,0,0,0,0,3,11,1,52,296,12,1,1,1,0,5116,0
1975,Graduation,With_Partner,43057.0,0,1,2013-10-30,30,213,2,44,0,2,5,4,4,2,5,5,0,0,0,0,0,0,3,11,0,51,266,15,1,0,1,2,4679,0
1960,Master,With_Partner,83151.0,0,0,2012-10-10,93,407,28,100,120,74,18,1,5,9,4,3,0,0,0,0,0,0,3,11,0,66,747,19,0,0,2,2,5064,0
1964,PhD,Alone,78825.0,0,0,2012-09-14,35,483,74,114,169,37,18,1,5,10,13,3,0,0,0,0,0,0,3,11,1,62,895,29,0,0,3,0,5090,0
1976,Master,With_Partner,65104.0,0,1,2013-11-14,4,738,0,232,13,20,50,2,3,5,7,7,0,0,0,0,0,0,3,11,0,50,1053,17,1,0,2,2,4664,0
1974,Graduation,With_Partner,60093.0,0,1,2013-06-26,92,502,12,109,16,6,90,2,7,2,10,6,0,0,0,0,0,0,3,11,0,52,735,21,1,0,1,2,4805,0
1969,Graduation,With_Partner,14045.0,1,0,2014-01-26,24,11,0,5,2,1,1,1,1,0,3,7,0,0,0,0,0,0,3,11,0,57,20,5,1,0,1,2,4591,0
1952,Basic,Alone,28457.0,0,0,2012-10-28,96,24,1,108,29,29,14,1,4,1,4,8,0,0,0,0,0,0,3,11,0,74,205,10,0,0,0,0,5046,0
1958,PhD,With_Partner,78952.0,0,1,2012-09-24,11,1170,19,594,99,76,134,2,2,5,12,6,0,0,0,0,0,0,3,11,0,68,2092,21,1,0,3,2,5080,0
1976,Graduation,Alone,46310.0,1,0,2012-12-03,99,185,2,88,15,5,14,2,6,1,5,8,0,0,0,0,0,0,3,11,0,50,309,14,1,0,1,0,5010,0
1955,Graduation,With_Partner,76005.0,0,0,2013-02-22,72,983,20,389,240,50,40,1,3,5,13,6,0,0,0,1,0,0,3,11,0,71,1722,22,0,1,1,2,4929,0
1964,Master,Alone,58308.0,0,1,2013-01-12,77,691,0,69,10,0,130,4,2,6,3,8,0,0,0,0,0,0,3,11,0,62,900,15,1,0,2,0,4970,0
1944,PhD,Alone,55614.0,0,0,2013-11-27,85,504,13,131,8,0,26,1,9,4,6,7,0,1,0,0,0,0,3,11,0,82,682,20,0,1,3,0,4651,0
1962,Master,Alone,59432.0,0,1,2013-04-13,88,317,25,265,25,19,12,3,5,3,11,5,0,0,0,0,0,0,3,11,0,64,663,22,1,0,2,0,4879,0
1978,Graduation,Alone,55563.0,0,1,2014-04-05,22,29,1,9,2,0,2,1,2,0,3,3,0,0,0,0,0,0,3,11,0,48,43,6,1,0,1,0,4522,0
1971,PhD,With_Partner,78642.0,0,1,2013-04-21,83,1396,0,322,46,35,17,1,4,9,4,6,0,0,0,0,0,0,3,11,0,55,1816,18,1,0,3,2,4871,0
1949,PhD,With_Partner,67911.0,0,1,2014-05-22,63,529,0,356,63,28,0,3,6,7,11,3,0,0,0,0,0,0,3,11,0,77,976,27,1,0,3,2,4475,0
1944,Graduation,With_Partner,65275.0,0,0,2013-04-03,9,388,14,218,91,14,21,1,4,3,13,2,0,0,0,0,0,0,3,11,0,82,746,21,0,0,1,2,4889,0
1950,Graduation,With_Partner,27203.0,1,1,2012-08-06,92,13,2,21,4,0,24,2,1,1,2,8,0,0,0,0,0,0,3,11,0,76,64,6,2,0,1,2,5129,0
1961,Master,With_Partner,48330.0,0,1,2013-11-15,2,28,0,4,0,0,0,1,1,0,3,5,0,0,0,0,0,0,3,11,0,65,32,5,1,0,2,2,4663,0
1990,Basic,With_Partner,24279.0,0,0,2012-12-29,6,16,36,21,20,62,108,1,4,1,3,8,0,0,0,0,0,0,3,11,0,36,263,9,0,0,0,2,4984,0
1985,PhD,With_Partner,64355.0,1,0,2012-08-24,66,1047,0,140,67,38,153,2,4,3,12,8,0,0,0,0,0,0,3,11,0,41,1445,21,1,0,3,2,5111,0
1953,Graduation,Alone,53653.0,0,0,2012-11-07,29,815,10,239,28,10,108,2,10,4,12,6,0,0,0,0,0,0,3,11,0,73,1210,28,0,0,1,0,5036,0
1976,Graduation,With_Partner,65665.0,0,1,2013-12-02,77,225,162,387,106,36,29,1,5,10,8,3,0,0,0,0,0,0,3,11,0,50,945,24,1,0,1,2,4646,0
1989,Graduation,Alone,81217.0,0,0,2013-07-19,77,493,70,324,146,40,84,1,3,7,11,1,0,0,0,0,0,0,3,11,0,37,1157,22,0,0,1,0,4782,0
1992,Graduation,With_Partner,34935.0,0,0,2013-06-21,71,34,4,66,3,10,20,1,2,1,4,7,0,0,0,0,0,0,3,11,0,34,137,8,0,0,1,2,4810,0
1959,Graduation,Alone,61250.0,0,1,2012-12-16,49,382,138,65,60,26,59,6,5,2,12,5,0,0,0,0,0,0,3,11,0,67,730,25,1,0,1,0,4997,0
1981,PhD,With_Partner,39665.0,1,0,2013-05-25,97,127,1,56,0,1,31,3,4,2,3,7,1,0,0,0,0,0,3,11,0,45,216,12,1,1,3,2,4837,0
1979,Graduation,Alone,60152.0,0,1,2013-03-28,6,325,83,300,86,58,91,1,6,4,12,3,0,0,0,0,0,0,3,11,0,47,943,23,1,0,1,0,4895,0
1964,Graduation,With_Partner,48920.0,0,2,2013-10-20,93,238,17,68,8,10,6,3,6,2,5,7,0,1,0,0,0,0,3,11,0,62,347,16,2,1,1,2,4689,0
1959,Master,With_Partner,89120.0,0,0,2014-03-17,78,1168,92,408,72,129,55,1,5,6,7,1,0,0,1,0,0,0,3,11,0,67,1924,19,0,1,2,2,4541,0
1946,PhD,With_Partner,44124.0,0,1,2013-05-11,62,284,0,55,0,6,52,4,6,2,5,8,0,0,0,0,0,0,3,11,0,80,397,17,1,0,3,2,4851,0
1975,Master,Alone,81169.0,0,0,2013-04-14,47,1288,20,613,80,61,27,1,5,7,9,2,0,0,0,0,0,0,3,11,0,51,2089,22,0,0,2,0,4878,0
1961,Graduation,With_Partner,36443.0,1,1,2013-02-03,9,65,0,46,4,3,20,4,3,1,3,8,0,0,0,0,0,0,3,11,0,65,138,11,2,0,1,2,4948,0
1990,Graduation,Alone,26095.0,1,0,2013-06-30,77,11,7,9,3,1,11,1,1,0,3,7,0,0,0,0,0,0,3,11,0,36,42,5,1,0,1,0,4801,0
1959,Graduation,With_Partner,71367.0,0,0,2013-08-23,24,227,23,389,42,21,75,1,4,5,7,2,0,0,0,0,0,0,3,11,0,67,777,17,0,0,1,2,4747,0
1944,Master,With_Partner,80184.0,0,0,2014-03-01,19,1035,134,670,25,38,0,1,6,3,10,3,0,0,1,1,0,0,3,11,0,82,1902,20,0,2,2,2,4557,0
1965,Graduation,Alone,30630.0,1,1,2014-01-27,67,27,1,12,2,0,10,2,2,0,3,7,0,0,0,0,0,0,3,11,0,61,52,7,2,0,1,0,4590,0
1987,Master,Alone,73454.0,0,0,2014-03-01,95,982,73,351,56,14,175,1,2,4,6,5,1,0,0,0,0,0,3,11,0,39,1651,13,0,1,2,0,4557,0
1991,Graduation,With_Partner,42691.0,0,0,2013-08-16,48,179,2,64,38,17,58,1,5,1,6,5,0,0,0,0,0,0,3,11,0,35,358,13,0,0,1,2,4754,0
1953,Graduation,With_Partner,70503.0,0,0,2012-09-30,73,1379,33,216,0,33,66,1,2,4,9,6,0,1,1,0,0,0,3,11,0,73,1727,16,0,2,1,2,5074,0
1987,Graduation,With_Partner,25545.0,1,0,2012-09-08,35,32,1,64,16,12,85,3,2,2,3,6,0,0,0,0,0,0,3,11,1,39,210,10,1,0,1,2,5096,0
1986,Graduation,With_Partner,32880.0,1,0,2012-12-04,76,8,4,15,7,6,2,1,1,0,3,8,0,0,0,0,0,0,3,11,0,40,42,5,1,0,1,2,5009,0
1958,PhD,With_Partner,77863.0,0,0,2013-11-27,20,881,38,319,16,25,12,1,4,5,10,2,0,0,0,0,0,0,3,11,0,68,1291,20,0,0,3,2,4651,0
1977,Master,With_Partner,50353.0,0,0,2014-06-08,72,141,15,153,67,31,35,1,4,4,6,3,0,0,0,0,0,0,3,11,0,49,442,15,0,0,2,2,4458,0
1964,Graduation,Alone,61839.0,0,0,2012-08-12,20,1000,155,379,224,17,120,1,4,8,4,8,0,0,0,0,0,0,3,11,0,62,1895,17,0,0,1,0,5123,0
1960,PhD,With_Partner,49154.0,1,1,2013-11-03,69,206,10,67,30,27,71,6,4,1,8,6,0,0,0,0,0,0,3,11,0,66,411,19,2,0,3,2,4675,0
1975,Basic,Alone,47682.0,0,1,2013-02-15,80,162,61,83,97,57,61,4,4,3,8,5,0,0,0,0,0,0,3,11,0,51,521,19,1,0,0,0,4936,0
1969,Graduation,Alone,72679.0,0,1,2013-09-18,65,619,54,260,127,54,54,1,4,7,5,1,0,0,0,0,0,0,3,11,0,57,1168,17,1,0,1,0,4721,0
1977,Master,With_Partner,57954.0,1,1,2014-06-18,52,456,4,24,0,0,9,7,8,2,6,7,0,1,0,0,0,0,3,11,0,49,493,23,2,1,2,2,4448,0
1962,Graduation,With_Partner,65316.0,1,1,2013-04-24,65,112,6,92,3,9,38,2,3,2,5,4,0,0,0,0,0,0,3,11,0,64,260,12,2,0,1,2,4868,0
1982,Graduation,Alone,28567.0,1,0,2013-06-17,57,11,3,22,2,2,6,2,2,0,3,6,0,0,0,0,0,0,3,11,0,44,46,7,1,0,1,0,4814,0
1951,Master,With_Partner,47352.0,0,1,2013-04-11,70,172,12,112,8,0,15,4,6,1,5,7,0,0,0,0,0,0,3,11,0,75,319,16,1,0,2,2,4881,0
1967,Graduation,With_Partner,44931.0,0,1,2014-01-18,0,78,0,11,0,0,7,1,2,1,3,5,0,0,0,0,0,0,3,11,0,59,96,7,1,0,1,2,4599,0
1967,Graduation,Alone,76982.0,0,0,2014-02-15,19,464,151,292,65,60,30,1,8,3,4,4,0,0,1,0,0,0,3,11,1,59,1062,16,0,1,1,0,4571,0
1952,Basic,With_Partner,57247.0,0,1,2013-08-08,50,99,4,32,37,54,6,2,2,1,7,2,0,0,0,0,0,0,3,11,0,74,232,12,1,0,0,2,4762,0
1981,Master,Alone,22944.0,1,0,2013-12-23,67,19,3,19,4,5,26,3,3,0,3,7,0,0,0,0,0,0,3,11,0,45,76,9,1,0,2,0,4625,0
1977,Basic,With_Partner,25315.0,1,0,2013-11-07,46,1,9,8,11,3,22,3,3,0,3,8,0,0,0,0,0,0,3,11,0,49,54,9,1,0,0,2,4671,0
1969,Graduation,Alone,43638.0,0,1,2012-08-06,37,63,10,83,7,19,19,2,4,1,4,7,0,0,0,0,0,0,3,11,0,57,201,11,1,0,1,0,5129,0
1984,PhD,Alone,42710.0,1,0,2012-11-28,38,252,3,42,4,3,102,2,4,5,3,6,0,0,0,0,0,0,3,11,0,42,406,14,1,0,3,0,5015,0
1982,PhD,With_Partner,84169.0,0,0,2013-08-07,9,1478,19,403,0,19,0,1,7,6,6,3,0,1,1,0,0,0,3,11,1,44,1919,20,0,2,3,2,4763,0
1976,Graduation,With_Partner,54058.0,0,1,2013-06-04,56,198,18,252,32,108,54,2,4,6,8,3,0,0,0,0,0,0,3,11,0,50,662,20,1,0,1,2,4827,0
1990,Basic,With_Partner,24683.0,1,0,2014-03-08,98,8,4,10,6,7,6,2,2,0,4,5,0,0,0,0,0,0,3,11,0,36,41,8,1,0,0,2,4550,0
1964,Graduation,Alone,85620.0,0,0,2014-01-07,68,416,46,925,60,107,46,1,3,6,4,1,0,0,0,0,0,0,3,11,1,62,1600,14,0,0,1,0,4610,0
1980,Graduation,With_Partner,47850.0,1,0,2013-12-03,72,42,7,43,20,12,10,1,3,0,4,6,0,0,0,0,0,0,3,11,0,46,134,8,1,0,1,2,4645,0
1968,Graduation,With_Partner,19514.0,1,1,2014-01-26,47,14,3,21,2,1,28,4,3,1,2,8,1,0,0,0,0,0,3,11,1,58,69,10,2,1,1,2,4591,0
1973,Master,With_Partner,27159.0,1,1,2014-03-29,33,17,0,3,0,0,1,2,1,0,3,6,0,0,0,0,0,0,3,11,0,53,21,6,2,0,2,2,4529,0
1963,Basic,Alone,39548.0,1,1,2014-03-31,87,15,4,10,3,4,18,2,1,1,3,3,0,0,0,0,0,0,3,11,0,63,54,7,2,0,0,0,4527,0
1989,Graduation,Alone,21474.0,1,0,2014-04-08,0,6,16,24,11,0,34,2,3,1,2,7,1,0,0,0,0,0,3,11,1,37,91,8,1,1,1,0,4519,0
1971,PhD,Alone,60504.0,0,1,2014-02-07,73,458,0,24,6,4,34,2,6,2,8,6,0,0,0,0,0,0,3,11,0,55,526,18,1,0,3,0,4579,0
1963,Graduation,With_Partner,22419.0,0,0,2013-04-18,74,30,3,47,19,21,42,1,3,2,2,8,0,0,0,0,0,0,3,11,0,63,162,8,0,0,1,2,4874,0
1949,Master,With_Partner,81698.0,0,0,2013-11-06,4,179,28,520,111,123,47,1,3,8,13,1,0,0,0,0,0,0,3,11,1,77,1008,25,0,0,2,2,4672,0
1952,Graduation,With_Partner,43462.0,1,1,2012-09-12,50,90,17,97,15,6,15,6,4,1,5,8,0,0,0,0,0,0,3,11,0,74,240,16,2,0,1,2,5092,0
1978,PhD,Alone,54880.0,1,0,2013-03-01,57,308,85,137,102,45,118,2,6,2,11,5,0,0,0,0,0,0,3,11,0,48,795,21,1,0,3,0,4922,0
1982,Graduation,With_Partner,79908.0,0,0,2013-04-05,30,557,129,761,29,185,111,1,5,6,7,2,0,0,1,0,0,0,3,11,0,44,1772,19,0,1,1,2,4887,0
1970,Basic,With_Partner,15315.0,0,0,2013-08-03,27,7,4,13,15,8,17,2,2,0,4,5,0,0,0,0,0,0,3,11,0,56,64,8,0,0,0,2,4767,0
1959,Graduation,With_Partner,87771.0,0,1,2013-05-22,61,1492,38,287,50,57,33,1,5,10,4,6,0,1,1,1,1,0,3,11,1,67,1957,20,1,4,1,2,4840,0
1978,Graduation,With_Partner,33039.0,1,0,2013-09-09,4,30,8,12,8,8,12,1,2,0,4,5,0,0,0,0,0,0,3,11,0,48,78,7,1,0,1,2,4730,0
1980,Graduation,Alone,81741.0,0,0,2013-06-16,75,249,153,940,58,134,38,0,6,6,7,2,0,0,0,0,0,0,3,11,0,46,1572,19,0,0,1,0,4815,0
1971,Master,With_Partner,71499.0,0,1,2013-06-25,12,465,25,132,136,0,37,2,8,3,13,4,0,0,0,0,0,0,3,11,0,55,795,26,1,0,2,2,4806,0
1970,Basic,With_Partner,62466.0,0,1,2014-01-15,13,129,129,259,168,121,83,5,6,3,12,4,0,0,0,0,0,0,3,11,0,56,889,26,1,0,0,2,4602,0
1963,PhD,Alone,48799.0,0,1,2013-11-05,9,174,18,81,28,6,24,3,3,2,7,3,0,0,0,0,0,0,3,11,0,63,331,15,1,0,3,0,4673,0
1950,PhD,With_Partner,52157.0,0,1,2014-06-07,48,189,2,29,3,2,40,2,3,2,5,4,0,0,0,0,0,0,3,11,0,76,265,12,1,0,3,2,4459,0
1962,Graduation,Alone,66565.0,0,1,2012-12-05,80,747,10,161,65,40,42,4,4,2,9,8,0,0,0,0,0,0,3,11,0,64,1065,19,1,0,1,0,5008,0
1951,Master,With_Partner,29298.0,1,1,2013-09-07,60,6,0,2,2,0,1,1,1,0,2,5,0,0,0,0,0,0,3,11,0,75,11,4,2,0,2,2,4732,0
1979,Graduation,Alone,47691.0,0,1,2013-07-05,43,14,0,3,0,0,4,1,1,0,2,6,0,0,0,0,0,0,3,11,0,47,21,4,1,0,1,0,4796,0
1970,Graduation,With_Partner,38200.0,1,1,2012-12-07,19,12,0,4,0,0,1,1,1,0,2,7,0,0,0,0,0,0,3,11,0,56,17,4,2,0,1,2,5006,0
1974,Graduation,With_Partner,44989.0,0,1,2012-09-12,26,98,0,106,49,10,106,5,5,1,5,6,0,0,0,0,0,0,3,11,0,52,369,16,1,0,1,2,5092,0
1968,PhD,With_Partner,38443.0,1,1,2014-01-27,58,32,0,5,0,0,1,2,1,0,3,7,0,0,0,0,0,0,3,11,0,58,38,6,2,0,3,2,4590,0
1978,Basic,Alone,38593.0,1,0,2013-09-13,42,51,12,49,17,24,24,3,4,1,3,8,0,0,0,0,0,0,3,11,0,48,177,11,1,0,0,0,4726,0
1970,PhD,With_Partner,64413.0,0,1,2013-08-01,27,200,5,44,0,10,20,1,5,1,5,5,0,0,0,0,0,0,3,11,0,56,279,12,1,0,3,2,4769,0
1981,Master,With_Partner,36959.0,1,0,2013-10-02,56,25,6,25,6,0,0,2,2,0,3,8,0,0,0,0,0,0,3,11,0,45,62,7,1,0,2,2,4707,0
1977,PhD,With_Partner,61996.0,0,1,2013-01-31,27,1050,12,144,0,0,24,3,6,4,8,5,0,1,0,1,1,0,3,11,1,49,1230,21,1,3,3,2,4951,0
1968,Graduation,With_Partner,51287.0,1,1,2014-04-01,10,117,0,22,13,0,30,3,4,1,3,7,0,0,0,0,0,0,3,11,0,58,182,11,2,0,1,2,4526,0
1970,Graduation,With_Partner,13260.0,1,1,2013-08-23,48,9,4,17,10,2,7,4,3,0,3,8,0,0,0,0,0,0,3,11,0,56,49,10,2,0,1,2,4747,0
1966,PhD,With_Partner,47472.0,1,1,2013-09-16,39,56,0,11,0,0,8,2,2,0,4,5,0,0,0,0,0,0,3,11,0,60,75,8,2,0,3,2,4723,0
1956,Master,With_Partner,54603.0,1,1,2013-07-09,85,145,13,46,17,2,4,6,4,2,4,7,0,0,0,0,0,0,3,11,0,70,227,16,2,0,2,2,4792,0
1974,PhD,With_Partner,45207.0,1,1,2012-11-10,64,203,0,10,0,0,2,5,3,1,6,6,0,1,0,0,0,0,3,11,0,52,215,15,2,1,3,2,5033,0
1967,Basic,With_Partner,47821.0,1,1,2013-10-20,54,9,0,16,6,6,10,1,1,0,3,8,0,0,0,0,0,0,3,11,0,59,47,5,2,0,0,2,4689,0
1951,Master,With_Partner,27450.0,0,0,2013-04-15,57,37,12,23,8,11,52,1,2,1,3,7,0,0,0,0,0,0,3,11,0,75,143,7,0,0,2,2,4877,0
1983,Graduation,With_Partner,39453.0,1,0,2014-04-03,64,46,0,7,0,0,2,2,2,0,3,6,0,0,0,0,0,0,3,11,0,43,55,7,1,0,1,2,4524,0
1971,Basic,With_Partner,26850.0,1,1,2014-04-18,10,31,1,13,7,2,9,4,2,1,4,4,0,0,0,0,0,0,3,11,0,55,63,11,2,0,0,2,4509,0
1955,Graduation,Alone,79800.0,0,0,2012-09-23,65,1060,21,530,32,0,224,1,5,11,5,3,1,0,1,1,0,0,3,11,1,71,1867,22,0,3,1,0,5081,0
1961,Master,With_Partner,61794.0,0,1,2013-09-14,74,264,47,188,54,47,11,2,4,4,10,2,0,0,0,0,0,0,3,11,0,65,611,20,1,0,2,2,4725,0
1955,Graduation,With_Partner,53863.0,0,1,2014-05-17,4,399,4,30,6,4,30,3,7,1,7,7,0,1,0,0,0,0,3,11,0,71,473,18,1,1,1,2,4480,0
1959,Graduation,With_Partner,24221.0,0,0,2013-08-20,94,8,9,9,2,5,22,1,1,1,3,4,0,0,0,0,0,0,3,11,0,67,55,6,0,0,1,2,4750,0
1984,PhD,Alone,39684.0,1,0,2012-10-12,41,19,0,35,6,4,17,2,2,1,2,7,0,0,0,0,0,1,3,11,1,42,81,7,1,0,3,0,5062,1
1975,Master,With_Partner,92163.0,0,0,2012-12-12,25,817,183,797,106,163,20,0,5,11,5,2,0,0,1,1,0,0,3,11,1,51,2086,21,0,2,2,2,5001,0
1965,Master,Alone,69882.0,0,0,2013-11-10,94,292,127,635,132,127,165,1,3,7,9,1,0,0,0,0,0,0,3,11,0,61,1478,20,0,0,2,0,4668,0
1977,Graduation,With_Partner,33178.0,1,0,2014-01-30,9,12,6,2,11,2,16,1,1,0,3,4,0,0,0,0,0,0,3,11,0,49,49,5,1,0,1,2,4587,0
1972,PhD,With_Partner,59973.0,0,0,2013-09-11,47,130,30,168,20,34,0,1,3,4,7,1,0,0,0,0,0,0,3,11,0,54,382,15,0,0,3,2,4728,0
1975,Master,With_Partner,17459.0,1,0,2013-09-19,12,6,4,16,3,10,30,3,3,1,2,7,0,0,0,0,0,0,3,11,1,51,69,9,1,0,2,2,4720,0
1969,Graduation,Alone,23910.0,1,0,2012-10-26,80,16,12,18,7,1,13,1,2,0,3,7,0,0,0,0,0,0,3,11,0,57,67,6,1,0,1,0,5048,0
1969,Master,With_Partner,42169.0,1,1,2013-10-19,20,19,0,9,0,0,2,2,1,0,3,8,0,0,0,0,0,0,3,11,0,57,30,6,2,0,2,2,4690,0
1978,Basic,With_Partner,26224.0,1,0,2013-06-04,39,4,7,15,13,9,15,3,2,1,3,6,0,0,0,0,0,0,3,11,0,48,63,9,1,0,0,2,4827,0
1981,Graduation,With_Partner,31089.0,1,0,2012-08-17,57,31,3,31,2,8,4,3,3,0,4,8,0,0,0,0,0,0,3,11,0,45,79,10,1,0,1,2,5118,0
1961,Graduation,Alone,30081.0,0,1,2013-02-21,27,36,0,2,0,0,4,1,1,0,3,7,0,0,0,0,0,0,3,11,0,65,42,5,1,0,1,0,4930,0
1960,Graduation,With_Partner,62807.0,0,1,2012-08-31,83,526,28,135,10,21,99,3,5,3,12,5,0,0,0,0,0,0,3,11,0,66,819,23,1,0,1,2,5104,0
1955,Graduation,Alone,72906.0,0,0,2013-09-17,79,400,32,519,71,75,54,1,3,4,9,1,0,0,0,0,0,0,3,11,0,71,1151,17,0,0,1,0,4722,0
1948,PhD,With_Partner,61467.0,0,2,2012-12-09,69,410,16,114,0,5,49,3,5,2,10,5,0,0,0,0,0,0,3,11,0,78,594,20,2,0,3,2,5004,0
1966,Master,With_Partner,49618.0,1,1,2013-01-26,77,80,3,26,4,2,14,4,3,1,3,7,0,0,0,0,0,0,3,11,0,60,129,11,2,0,2,2,4956,0
1986,Master,Alone,21888.0,1,0,2012-12-29,15,88,10,46,2,3,64,4,5,1,2,10,0,0,0,0,0,0,3,11,1,40,213,12,1,0,2,0,4984,0
1956,Graduation,Alone,26150.0,2,1,2013-03-11,61,5,1,13,3,5,1,1,1,0,3,7,0,0,0,0,0,0,3,11,0,70,28,5,3,0,1,0,4912,0
1975,Basic,With_Partner,30801.0,0,1,2012-10-26,23,8,4,5,15,2,11,2,1,0,3,7,0,0,0,0,0,0,3,11,0,51,45,6,1,0,0,2,5048,0
1965,Graduation,With_Partner,81168.0,0,0,2014-05-07,84,410,0,592,147,22,22,1,6,4,7,3,0,0,0,1,0,0,3,11,0,61,1193,18,0,1,1,2,4490,0
1969,Master,Alone,26877.0,0,0,2013-08-19,74,101,13,76,20,18,40,2,3,1,6,6,0,0,0,0,0,0,3,11,0,57,268,12,0,0,2,0,4751,0
1944,Master,Alone,45006.0,0,0,2013-07-18,90,162,25,53,16,0,10,1,3,1,7,3,0,0,0,0,0,0,3,11,0,82,266,12,0,0,2,0,4783,0
1973,Basic,With_Partner,18978.0,1,0,2012-12-11,41,2,8,1,4,7,15,1,1,0,3,8,0,0,0,0,0,0,3,11,0,53,37,5,1,0,0,2,5002,0
1969,PhD,Alone,48240.0,0,0,2012-11-09,73,389,91,248,64,49,41,3,6,3,13,5,0,0,0,0,0,0,3,11,1,57,882,25,0,0,3,0,5034,0
1974,Graduation,With_Partner,45837.0,1,1,2013-07-26,88,215,13,87,17,17,24,5,6,2,5,7,0,0,0,0,0,0,3,11,0,52,373,18,2,0,1,2,4775,0
1965,Master,Alone,35791.0,2,1,2013-05-06,94,27,0,5,0,0,3,2,1,0,3,8,0,0,0,0,0,0,3,11,0,61,35,6,3,0,2,0,4856,0
1976,PhD,With_Partner,162397.0,1,1,2013-06-03,31,85,1,16,2,1,2,0,0,0,1,1,0,0,0,0,0,0,3,11,0,50,107,1,2,0,3,2,4828,0
1978,Graduation,Alone,54162.0,1,1,2013-03-18,31,5,6,10,6,5,10,1,1,0,3,4,0,0,0,0,0,0,3,11,0,48,42,5,2,0,1,0,4905,0
1960,Master,With_Partner,30522.0,0,1,2012-08-17,6,179,8,83,19,11,26,5,1,2,9,2,0,0,0,0,0,0,3,11,0,66,326,17,1,0,2,2,5118,0
1961,PhD,With_Partner,54456.0,0,1,2013-07-11,23,352,0,27,10,0,15,3,6,1,7,6,0,0,0,0,0,0,3,11,0,65,404,17,1,0,3,2,4790,0
1971,Graduation,Alone,31632.0,0,0,2013-07-14,92,17,8,12,11,15,32,1,2,1,2,7,0,0,0,0,0,0,3,11,0,55,95,6,0,0,1,0,4787,0
1949,Graduation,Alone,72298.0,0,0,2014-03-10,52,625,35,169,58,17,35,1,4,3,6,1,0,1,1,0,0,0,3,11,0,77,939,14,0,2,1,0,4548,0
1978,Basic,Alone,36975.0,1,0,2013-12-28,50,10,6,11,0,4,2,1,1,0,3,7,0,0,0,0,0,0,3,11,0,48,33,5,1,0,0,0,4620,0
1955,Basic,With_Partner,72635.0,0,0,2013-06-03,54,390,22,323,104,35,107,1,6,8,6,3,0,0,0,1,0,0,3,11,0,71,981,21,0,1,0,2,4828,0
1976,Graduation,With_Partner,13624.0,1,0,2013-01-20,93,10,2,15,2,1,6,2,2,0,3,6,0,0,0,0,0,0,3,11,0,50,36,7,1,0,1,2,4962,0
1975,Graduation,Alone,84196.0,0,1,2013-06-03,56,215,63,507,231,31,190,1,8,4,7,3,0,0,0,0,0,0,3,11,0,51,1237,20,1,0,1,0,4828,0
1960,Graduation,With_Partner,70971.0,0,1,2012-09-21,28,1001,17,572,93,125,17,7,11,11,5,7,0,0,0,0,0,0,3,11,1,66,1825,34,1,0,1,2,5083,0
1977,PhD,Alone,34487.0,1,1,2012-09-06,94,19,18,33,24,1,8,3,3,0,3,9,0,0,0,0,0,0,3,11,0,49,103,9,2,0,3,0,5098,0
1977,Graduation,Alone,28769.0,1,0,2012-12-18,76,41,5,129,10,3,3,3,4,1,4,9,0,0,0,0,0,0,3,11,0,49,191,12,1,0,1,0,4995,0
1970,PhD,With_Partner,69084.0,1,0,2013-11-19,43,1181,107,199,39,30,30,2,7,3,13,8,0,0,0,0,0,0,3,11,0,56,1586,25,1,0,3,2,4659,0
1958,PhD,With_Partner,65488.0,0,0,2014-06-13,46,603,45,207,36,18,54,1,3,4,6,1,0,0,0,0,0,0,3,11,0,68,963,14,0,0,3,2,4453,0
1960,Basic,Alone,32218.0,0,0,2014-02-15,27,10,24,15,13,1,30,1,2,1,3,7,1,0,0,0,0,0,3,11,1,66,93,7,0,1,0,0,4571,0
1973,Graduation,Alone,83917.0,0,0,2013-04-18,12,514,22,732,42,198,79,1,6,7,7,3,0,0,0,0,0,0,3,11,1,53,1587,21,0,0,1,0,4874,0
1962,Graduation,Alone,46102.0,2,1,2014-03-10,3,14,0,1,0,0,1,1,1,0,2,7,0,0,0,0,0,0,3,11,0,64,16,4,3,0,1,0,4548,0
1952,Graduation,Alone,84574.0,0,0,2013-06-04,72,387,20,713,38,54,163,1,9,11,11,5,0,0,0,0,0,0,3,11,0,74,1375,32,0,0,1,0,4827,0
1962,Graduation,With_Partner,56181.0,0,1,2013-01-08,6,121,103,69,8,44,48,1,4,2,7,4,0,0,0,0,0,0,3,11,0,64,393,14,1,0,1,2,4974,0
1950,Master,Alone,63120.0,0,1,2012-09-28,53,965,69,279,54,41,69,5,8,4,9,7,0,0,0,0,0,0,3,11,1,76,1477,26,1,0,2,0,5076,0
1971,Graduation,With_Partner,73691.0,0,1,2013-11-06,58,707,21,250,85,43,73,2,6,2,8,2,1,0,0,0,0,0,3,11,0,55,1179,18,1,1,1,2,4672,0
1948,PhD,With_Partner,76140.0,0,0,2014-05-13,57,586,66,653,17,0,26,1,5,9,6,2,0,0,0,0,0,0,3,11,0,78,1348,21,0,0,3,2,4484,0
1959,PhD,Alone,62859.0,0,1,2012-12-30,37,1063,89,102,16,12,25,4,9,4,6,6,0,0,0,0,0,0,3,11,0,67,1307,23,1,0,3,0,4983,0
1964,Graduation,Alone,45906.0,0,1,2013-05-07,20,305,3,27,4,3,144,2,5,4,4,5,1,0,0,0,0,0,3,11,0,62,486,15,1,1,1,0,4855,0
1947,Master,With_Partner,77632.0,0,0,2013-03-10,73,1200,105,758,0,42,147,1,4,2,6,2,0,1,1,0,0,0,3,11,1,79,2252,13,0,2,2,2,4913,0
1971,PhD,With_Partner,46463.0,1,1,2013-08-18,56,163,2,40,8,11,11,7,3,1,6,6,0,0,0,0,0,0,3,11,0,55,235,17,2,0,3,2,4752,0
1970,Graduation,With_Partner,105471.0,0,0,2013-01-21,36,1009,181,104,202,21,207,0,9,8,13,3,0,0,1,1,0,0,3,11,1,56,1724,30,0,2,1,2,4961,0
1970,Master,Alone,55282.0,1,0,2013-12-13,9,125,6,73,8,4,19,1,3,1,6,4,0,0,0,0,0,0,3,11,0,56,235,11,1,0,2,0,4635,0
1977,Master,With_Partner,78710.0,0,1,2014-05-23,42,721,0,152,119,50,50,3,7,6,12,4,0,0,0,0,0,0,3,11,0,49,1092,28,1,0,2,2,4474,0
1958,Graduation,With_Partner,66886.0,0,1,2013-09-16,28,315,4,62,41,31,146,2,7,1,7,5,0,0,0,0,0,0,3,11,0,68,599,17,1,0,1,2,4723,0
1960,Master,Alone,98777.0,0,0,2014-02-17,23,1000,19,711,125,115,38,0,4,6,9,1,0,1,0,0,0,0,3,11,0,66,2008,19,0,1,2,0,4569,0
1985,Graduation,With_Partner,29103.0,1,0,2012-08-27,38,16,0,17,6,3,6,2,1,0,3,9,0,0,0,0,0,0,3,11,0,41,48,6,1,0,1,2,5108,0
1974,Graduation,With_Partner,67445.0,0,1,2012-08-12,63,757,80,217,29,80,11,5,9,6,12,6,0,0,0,0,0,0,3,11,0,52,1174,32,1,0,1,2,5123,0
1950,PhD,With_Partner,50616.0,0,1,2014-04-13,71,30,2,25,0,1,9,1,1,1,4,2,0,0,0,0,0,0,3,11,0,76,67,7,1,0,3,2,4514,0
1955,Graduation,Alone,49431.0,0,1,2012-08-03,9,219,3,100,26,0,17,2,7,1,5,8,0,0,0,0,0,0,3,11,0,71,365,15,1,0,1,0,5132,0
1975,Graduation,Alone,153924.0,0,0,2014-02-07,81,1,1,1,1,1,1,0,0,0,0,0,0,0,0,0,0,0,3,11,0,51,6,0,0,0,1,0,4579,0
1953,Graduation,With_Partner,61278.0,0,1,2014-01-04,87,111,3,28,2,6,15,2,3,1,4,6,0,0,0,0,0,0,3,11,0,73,165,10,1,0,1,2,4613,0
1947,PhD,With_Partner,73059.0,0,1,2013-08-31,36,410,112,420,0,82,71,1,9,3,13,4,0,0,0,0,0,0,3,11,0,79,1095,26,1,0,3,2,4739,0
1966,PhD,Alone,46734.0,1,2,2013-10-21,86,100,1,39,6,1,76,4,3,2,3,6,1,0,0,0,0,0,3,11,0,60,223,12,3,1,3,0,4688,0
1963,Graduation,With_Partner,56253.0,0,1,2012-12-07,83,509,0,65,7,11,5,4,7,2,9,6,0,0,0,0,0,0,3,11,0,63,597,22,1,0,1,2,5006,0
1975,Graduation,Alone,58330.0,0,1,2013-12-25,87,445,53,213,104,98,151,1,6,4,13,4,0,0,0,0,0,0,3,11,0,51,1064,24,1,0,1,0,4623,0
1980,Basic,With_Partner,25965.0,0,0,2012-09-07,29,2,2,11,41,7,11,1,2,0,3,8,0,0,0,0,0,0,3,11,0,46,74,6,0,0,0,2,5097,0
1956,Master,With_Partner,14661.0,0,0,2013-01-01,88,4,1,11,6,2,2,1,1,0,3,6,0,0,0,0,0,0,3,11,0,70,26,5,0,0,2,2,4981,0
1959,Graduation,With_Partner,18690.0,0,0,2012-12-28,77,6,1,7,23,4,19,1,1,1,2,8,0,0,0,0,0,0,3,11,0,67,60,5,0,0,1,2,4985,0
1974,PhD,With_Partner,45068.0,0,1,2013-05-16,25,14,0,3,0,0,3,1,1,0,2,7,0,0,0,0,0,0,3,11,0,52,20,4,1,0,3,2,4846,0
1987,Basic,Alone,21063.0,1,0,2013-09-25,34,1,10,11,19,3,15,2,2,0,3,6,0,0,0,0,0,0,3,11,0,39,59,7,1,0,0,0,4714,0
1968,PhD,With_Partner,29187.0,1,0,2013-05-09,43,26,0,6,0,0,2,1,1,0,3,8,0,0,0,0,0,0,3,11,0,58,34,5,1,0,3,2,4853,0
1971,Basic,With_Partner,54690.0,1,1,2013-11-07,76,111,16,37,7,9,18,3,3,1,5,3,0,0,0,0,0,0,3,11,0,55,198,12,2,0,0,2,4671,0
1964,PhD,With_Partner,59304.0,0,1,2013-07-29,81,418,61,428,80,51,10,3,7,8,10,5,0,0,0,0,0,0,3,11,0,62,1048,28,1,0,3,2,4772,0
1962,Master,Alone,59247.0,0,2,2013-11-08,87,327,9,122,19,14,83,5,5,2,9,6,0,0,0,0,0,0,3,11,0,64,574,21,2,0,2,0,4670,0
1970,Graduation,Alone,66731.0,0,1,2012-09-12,33,371,159,194,58,106,141,4,4,3,6,3,0,0,0,0,0,0,3,11,0,56,1029,17,1,0,1,0,5092,0
1980,Graduation,With_Partner,77353.0,0,1,2013-12-16,38,275,59,107,69,101,59,2,6,4,8,4,0,0,0,0,0,0,3,11,0,46,670,20,1,0,1,2,4632,0
1974,Graduation,With_Partner,26751.0,2,0,2014-05-22,26,1,1,5,0,3,1,1,1,0,2,8,0,0,0,0,0,0,3,11,0,52,11,4,2,0,1,2,4475,0
1963,PhD,With_Partner,81300.0,0,1,2012-10-30,17,1004,12,145,32,12,36,3,10,3,5,5,0,0,0,1,0,0,3,11,1,63,1241,21,1,1,3,2,5044,0
1979,Graduation,Alone,70337.0,0,0,2014-01-02,75,187,81,149,25,43,91,1,2,2,12,1,0,0,0,0,0,0,3,11,0,47,576,17,0,0,1,0,4615,0
1985,Basic,With_Partner,36145.0,1,0,2013-06-16,13,56,4,76,17,1,18,4,4,1,3,9,1,0,0,0,0,0,3,11,1,41,172,12,1,1,0,2,4815,0
1980,PhD,Alone,65295.0,0,0,2013-12-23,19,365,32,117,34,110,6,1,3,3,13,2,0,0,0,0,0,0,3,11,0,46,664,20,0,0,3,0,4625,0
1963,Graduation,Alone,68118.0,0,1,2013-10-18,51,595,23,123,10,23,154,2,8,9,4,6,0,0,0,0,0,0,3,11,0,63,928,23,1,0,1,0,4691,0
1967,Graduation,Alone,68743.0,0,0,2012-08-30,81,1132,134,384,175,134,115,1,11,5,13,7,0,0,0,0,0,0,3,11,0,59,2074,30,0,0,1,0,5105,0
1982,Basic,With_Partner,41039.0,0,0,2013-07-25,32,34,11,137,179,61,45,1,8,1,5,8,0,0,0,0,0,0,3,11,0,44,467,15,0,0,0,2,4776,0
1955,Graduation,With_Partner,38946.0,0,1,2013-10-24,84,116,6,82,6,6,41,2,3,1,6,5,0,0,0,0,0,0,3,11,0,71,257,12,1,0,1,2,4685,0
1967,Graduation,With_Partner,65777.0,0,0,2013-12-19,87,565,32,435,28,32,54,1,2,8,6,1,0,0,0,0,0,0,3,11,0,59,1146,17,0,0,1,2,4629,0
1976,PhD,Alone,66476.0,0,1,2013-03-07,99,372,18,126,47,48,78,2,5,2,11,4,0,0,0,0,0,0,3,11,0,50,689,20,1,0,3,0,4916,0
1972,PhD,Alone,86857.0,0,0,2012-09-12,96,899,102,838,133,102,40,1,5,6,10,2,0,0,0,0,0,0,3,11,1,54,2114,22,0,0,3,0,5092,0
1982,PhD,With_Partner,160803.0,0,0,2012-08-04,21,55,16,1622,17,3,4,15,0,28,1,0,0,0,0,0,0,0,3,11,0,44,1717,44,0,0,3,2,5131,0
1989,PhD,With_Partner,77845.0,0,0,2014-05-16,40,760,40,480,0,40,26,1,3,5,12,1,0,0,1,1,0,0,3,11,0,37,1346,21,0,2,3,2,4481,0
1969,PhD,With_Partner,69476.0,0,0,2013-09-30,3,260,86,559,63,9,67,1,4,6,4,2,0,0,0,0,0,0,3,11,0,57,1044,15,0,0,3,2,4709,0
1960,PhD,Alone,50611.0,0,1,2012-10-04,98,459,0,24,6,0,4,6,4,5,7,6,0,1,0,0,0,0,3,11,1,66,493,22,1,1,3,0,5070,0
1970,Graduation,Alone,61209.0,0,0,2013-08-25,73,466,0,224,119,49,99,1,5,3,4,2,0,0,0,0,0,0,3,11,0,56,957,13,0,0,1,0,4745,0
1958,Master,With_Partner,42315.0,0,1,2013-07-12,90,67,15,80,17,11,80,3,1,4,4,3,0,0,0,0,0,0,3,11,0,68,270,12,1,0,2,2,4789,0
1952,Basic,With_Partner,13084.0,0,0,2013-11-02,29,2,0,7,3,7,10,1,1,0,3,6,0,0,0,0,0,0,3,11,0,74,29,5,0,0,0,2,4676,0
1949,Master,Alone,47570.0,1,1,2013-05-29,3,67,1,20,0,2,31,3,2,2,2,7,0,0,0,0,0,0,3,11,1,77,121,9,2,0,2,0,4833,0
1961,Master,With_Partner,61923.0,0,2,2013-07-26,94,92,4,18,3,3,6,1,2,1,4,3,0,0,0,0,0,0,3,11,0,65,126,8,2,0,2,2,4775,0
1995,Graduation,Alone,34824.0,0,0,2014-03-26,65,4,2,11,2,0,4,1,1,0,2,6,0,0,0,0,0,0,3,11,0,31,23,4,0,0,1,0,4532,0
1949,PhD,Alone,26518.0,1,1,2013-04-08,33,20,1,28,3,3,2,3,2,0,3,8,0,0,0,0,0,0,3,11,1,77,57,8,2,0,3,0,4884,0
1961,Graduation,Alone,45938.0,0,0,2013-11-03,46,273,11,178,62,83,29,2,8,4,6,6,0,0,0,0,0,0,3,11,0,65,636,20,0,0,1,0,4675,0
1960,Graduation,With_Partner,78468.0,0,0,2014-04-09,29,434,22,388,104,22,34,1,10,7,10,4,0,0,0,1,0,0,3,11,0,66,1004,28,0,1,1,2,4518,0
1973,Graduation,Alone,78901.0,0,1,2013-09-17,99,321,11,309,33,26,34,3,9,3,5,4,0,0,0,0,0,0,3,11,0,53,734,20,1,0,1,0,4722,0
1978,Graduation,With_Partner,71427.0,2,0,2014-03-12,26,212,123,177,15,64,23,2,8,2,8,4,0,0,0,0,0,0,3,11,0,48,614,20,2,0,1,2,4546,0
1978,Graduation,Alone,71022.0,0,1,2014-02-11,30,909,12,278,0,12,242,3,5,2,11,8,1,0,0,0,0,0,3,11,0,48,1453,21,1,1,1,0,4575,0
1988,Master,Alone,90247.0,0,0,2014-04-29,27,1184,32,352,21,16,16,1,3,4,7,1,0,1,1,1,0,0,3,11,1,38,1621,15,0,3,2,0,4498,0
1968,Master,Alone,41335.0,1,0,2013-12-26,24,112,19,21,16,14,5,3,4,1,4,7,0,0,0,0,0,0,3,11,0,58,187,12,1,0,2,0,4622,0
1970,PhD,Alone,35682.0,1,0,2014-06-27,34,23,0,8,6,2,18,1,1,1,3,2,0,0,0,0,0,0,3,11,0,56,57,6,1,0,3,0,4439,0
1951,Graduation,Alone,43185.0,0,1,2013-04-10,88,537,6,42,16,6,30,2,9,3,6,8,0,0,0,0,0,0,3,11,0,75,637,20,1,0,1,0,4882,0
1948,PhD,With_Partner,66375.0,0,1,2013-11-21,96,712,0,45,0,0,191,3,2,4,5,7,1,0,0,0,0,0,3,11,0,78,948,14,1,1,3,2,4657,0
1986,Graduation,With_Partner,25252.0,1,0,2013-07-12,26,1,3,4,2,2,6,1,1,0,2,8,0,0,0,0,0,0,3,11,0,40,18,4,1,0,1,2,4789,0
1965,Master,Alone,55250.0,0,1,2012-10-21,49,664,58,83,32,0,66,4,7,5,10,5,0,0,0,0,0,0,3,11,0,61,903,26,1,0,2,0,5053,0
1975,Graduation,Alone,33249.0,1,0,2013-02-20,11,6,10,21,19,14,42,2,2,1,3,6,0,0,0,0,0,0,3,11,0,51,112,8,1,0,1,0,4931,0
1953,Graduation,With_Partner,58398.0,0,0,2013-05-14,44,299,5,201,21,21,49,3,5,4,8,4,0,0,0,0,0,0,3,11,0,73,596,20,0,0,1,2,4848,0
1982,Graduation,With_Partner,50272.0,1,0,2013-08-07,75,99,13,66,43,8,4,3,4,1,5,7,0,0,0,0,0,0,3,11,0,44,233,13,1,0,1,2,4763,0
1975,PhD,With_Partner,76618.0,0,0,2012-12-07,64,749,40,294,121,160,147,1,3,2,5,1,0,0,0,0,0,0,3,11,0,51,1511,11,0,0,3,2,5006,0
1960,Basic,Alone,87305.0,0,0,2012-09-23,19,345,25,501,63,138,80,1,5,3,8,2,0,0,1,0,0,0,3,11,1,66,1152,17,0,1,0,0,5081,0
1978,Graduation,With_Partner,25851.0,1,0,2013-02-11,45,9,4,18,7,5,5,2,2,0,3,7,0,0,0,0,0,0,3,11,0,48,48,7,1,0,1,2,4940,0
1970,Graduation,Alone,58710.0,0,1,2013-03-31,77,440,81,368,0,122,174,6,11,5,9,6,0,0,0,0,0,0,3,11,0,56,1185,31,1,0,1,0,4892,0
1958,Graduation,Alone,45160.0,1,1,2014-03-29,9,8,2,5,3,0,3,1,1,0,2,7,0,0,0,0,0,0,3,11,0,68,21,4,2,0,1,0,4529,0
1965,Master,With_Partner,74806.0,0,1,2012-12-19,1,670,9,249,0,28,9,2,5,4,5,4,0,0,0,0,0,0,3,11,0,61,965,16,1,0,2,2,4994,0
1954,Graduation,With_Partner,59111.0,0,0,2013-05-02,90,524,0,134,28,28,155,1,11,1,8,7,0,0,0,0,0,0,3,11,0,72,869,21,0,0,1,2,4860,0
1984,PhD,With_Partner,18988.0,1,0,2014-05-23,43,6,0,6,2,1,1,2,1,0,3,7,0,0,0,0,0,0,3,11,0,42,16,6,1,0,3,2,4474,0
1965,Graduation,With_Partner,72190.0,0,0,2013-02-13,79,597,166,597,172,166,249,1,5,6,4,3,0,0,0,0,0,0,3,11,0,61,1947,16,0,0,1,2,4938,0
1976,Graduation,With_Partner,7500.0,1,0,2012-08-01,19,7,0,12,13,7,32,5,4,1,2,9,1,0,0,0,0,0,3,11,1,50,71,12,1,1,1,2,5134,0
1955,Graduation,With_Partner,80395.0,0,0,2013-11-23,62,445,25,706,80,76,48,1,6,5,12,2,0,0,0,1,0,0,3,11,0,71,1380,24,0,1,1,2,4655,0
1976,Master,Alone,75012.0,0,0,2014-01-25,41,294,142,218,164,58,151,1,3,8,11,1,0,0,0,0,0,0,3,11,0,50,1027,23,0,0,2,0,4592,0
1965,Master,With_Partner,56962.0,2,1,2013-10-11,60,292,3,77,10,3,26,7,6,3,5,7,0,0,0,0,0,0,3,11,0,61,411,21,3,0,2,2,4698,0
1991,Graduation,With_Partner,89891.0,0,0,2013-04-15,17,412,22,132,59,28,183,1,11,6,8,4,0,0,1,0,0,0,3,11,0,35,836,26,0,1,1,2,4877,0
1949,PhD,Alone,35946.0,1,1,2013-09-27,24,8,0,3,0,0,0,1,0,0,3,5,0,0,0,0,0,0,3,11,0,77,11,4,2,0,3,0,4712,0
1953,PhD,With_Partner,53593.0,1,1,2012-08-07,60,349,4,78,6,0,43,8,7,2,6,8,0,0,0,0,0,0,3,11,0,73,480,23,2,0,3,2,5128,0
1948,PhD,Alone,45072.0,1,2,2013-10-16,74,144,2,99,7,2,30,5,6,1,4,8,0,0,0,0,0,0,3,11,0,78,284,16,3,0,3,0,4693,0
1973,Graduation,Alone,89694.0,1,1,2013-10-09,22,1126,28,211,37,28,42,3,4,3,4,5,0,1,1,1,0,0,3,11,0,53,1472,14,2,3,1,0,4700,0
1949,Graduation,With_Partner,72025.0,0,0,2014-04-29,46,967,0,617,43,50,0,1,4,8,13,2,0,1,1,1,0,0,3,11,1,77,1677,26,0,3,1,2,4498,0
1973,Graduation,With_Partner,67432.0,0,1,2013-03-29,69,432,79,341,177,136,170,2,8,5,4,4,0,0,0,0,0,0,3,11,0,53,1335,19,1,0,1,2,4894,0
1952,Master,With_Partner,70545.0,0,1,2014-06-03,29,138,39,63,55,18,21,1,4,1,7,2,0,0,0,0,0,0,3,11,0,74,334,13,1,0,2,2,4463,0
1989,Basic,With_Partner,17487.0,1,0,2013-03-18,37,0,0,1,7,4,6,1,1,0,2,7,0,0,0,0,0,0,3,11,0,37,18,4,1,0,0,2,4905,0
1969,Graduation,With_Partner,62882.0,0,1,2012-08-09,26,509,133,497,78,24,97,2,7,5,6,4,0,0,0,0,0,0,3,11,0,57,1338,20,1,0,1,2,5126,0
1953,PhD,Alone,64108.0,0,1,2013-03-23,8,948,10,86,13,21,21,4,6,9,11,5,0,0,0,0,0,0,3,11,0,73,1099,30,1,0,3,0,4900,0
1956,Master,With_Partner,34941.0,1,1,2013-03-06,26,39,2,25,4,3,24,2,3,0,3,8,0,0,0,0,0,0,3,11,0,70,97,8,2,0,2,2,4917,0
1950,PhD,Alone,48767.0,1,2,2014-01-01,79,28,1,21,3,0,10,3,2,1,3,5,0,0,0,0,0,0,3,11,0,76,63,9,3,0,3,0,4616,0
1978,Basic,With_Partner,38702.0,1,0,2013-08-01,71,13,11,24,13,8,40,2,3,0,4,6,0,0,0,0,0,0,3,11,0,48,109,9,1,0,0,2,4769,0
1964,Graduation,With_Partner,82224.0,0,0,2014-01-25,83,307,26,360,138,31,40,1,6,9,5,3,0,0,0,1,0,0,3,11,0,62,902,21,0,1,1,2,4592,0
1952,Graduation,With_Partner,83844.0,0,0,2013-05-12,57,901,31,345,75,31,191,1,4,4,11,1,0,0,1,0,0,0,3,11,0,74,1574,20,0,1,1,2,4850,0
1975,Basic,With_Partner,17003.0,1,0,2013-12-09,37,2,5,12,4,8,7,3,2,0,4,5,0,0,0,0,0,0,3,11,0,51,38,9,1,0,0,2,4639,0
1995,Graduation,Alone,71163.0,0,0,2014-03-09,30,283,17,372,138,106,44,1,3,8,12,1,0,0,0,0,0,0,3,11,0,31,960,24,0,0,1,0,4549,0
1970,Graduation,Alone,33697.0,1,0,2013-09-15,34,4,3,7,0,3,11,1,1,0,2,7,1,0,0,0,0,0,3,11,0,56,28,4,1,1,1,0,4724,0
1954,Basic,With_Partner,63564.0,0,0,2014-01-29,0,769,80,252,15,34,65,1,10,10,7,6,1,0,0,0,0,0,3,11,1,72,1215,28,0,1,0,2,4588,0
1972,PhD,With_Partner,83443.0,0,0,2013-12-31,89,518,42,742,55,56,84,1,6,10,5,2,0,0,0,0,0,0,3,11,0,54,1497,22,0,0,3,2,4617,0
1958,PhD,With_Partner,51518.0,0,1,2013-10-03,92,350,8,66,17,4,4,2,3,2,10,3,0,0,0,0,0,0,3,11,0,68,449,17,1,0,3,2,4706,0
1969,Graduation,With_Partner,80952.0,0,0,2013-02-28,20,778,178,689,41,27,44,1,8,5,11,8,0,1,1,1,0,0,3,11,1,57,1757,25,0,3,1,2,4923,0
1979,Graduation,With_Partner,75507.0,0,0,2014-05-02,56,709,93,374,104,80,80,1,8,6,6,3,0,0,0,0,0,0,3,11,0,47,1440,21,0,0,1,2,4495,0
1978,Basic,With_Partner,63855.0,0,0,2013-02-09,28,359,35,314,93,116,89,1,7,3,13,4,0,0,0,0,0,0,3,11,0,48,1006,24,0,0,0,2,4942,0
1972,PhD,With_Partner,62220.0,0,1,2012-08-11,55,799,12,375,16,12,12,5,7,6,5,6,0,0,0,0,0,0,3,11,1,54,1226,23,1,0,3,2,5124,0
1964,Graduation,With_Partner,58512.0,0,1,2013-09-19,25,895,10,101,13,0,152,5,3,4,8,8,0,0,0,0,0,0,3,11,0,62,1171,20,1,0,1,2,4720,0
1979,Master,With_Partner,40662.0,1,0,2013-03-15,0,40,2,23,0,4,23,2,2,1,3,4,0,0,0,0,0,0,3,11,0,47,92,8,1,0,2,2,4908,0
1959,PhD,With_Partner,38829.0,0,1,2014-04-06,86,76,0,7,0,0,16,1,3,2,2,5,0,0,0,0,0,0,3,11,0,67,99,8,1,0,3,2,4521,0
1981,Basic,With_Partner,35523.0,1,0,2013-10-03,8,11,5,22,12,5,11,2,3,0,3,7,0,0,0,0,0,0,3,11,0,45,66,8,1,0,0,2,4706,0
1967,Graduation,Alone,79146.0,1,1,2014-04-24,33,245,16,223,21,43,16,2,8,1,8,6,0,0,0,0,0,0,3,11,0,59,564,19,2,0,1,0,4503,0
1988,Master,With_Partner,78285.0,0,0,2013-10-28,13,647,107,391,175,67,40,1,6,4,10,3,0,0,0,0,0,0,3,11,0,38,1427,21,0,0,2,2,4681,0
1978,PhD,Alone,31626.0,1,0,2013-05-10,12,39,1,9,2,1,34,1,2,1,2,7,1,0,0,0,0,0,3,11,1,48,86,6,1,1,3,0,4852,0
1952,Graduation,Alone,75127.0,0,0,2014-05-22,92,203,35,305,46,17,227,1,2,11,5,1,0,0,0,0,0,0,3,11,0,74,833,19,0,0,1,0,4475,0
1955,Graduation,With_Partner,48726.0,0,1,2013-04-27,90,138,3,38,4,0,59,3,3,2,4,6,0,0,0,0,0,0,3,11,0,71,242,12,1,0,1,2,4865,0
1977,Graduation,With_Partner,74985.0,0,0,2012-09-11,8,587,51,898,247,0,86,1,3,6,7,2,0,0,0,0,0,0,3,11,0,49,1869,17,0,0,1,2,5093,0
1987,Graduation,With_Partner,67430.0,0,0,2012-09-05,6,595,97,291,127,133,121,1,11,5,12,6,0,0,0,0,0,0,3,11,0,39,1364,29,0,0,1,2,5099,0
1965,Basic,With_Partner,46891.0,0,1,2013-09-01,91,43,12,23,29,15,61,1,2,1,4,4,0,0,0,0,0,0,3,11,0,61,183,8,1,0,0,2,4738,0
1956,Master,With_Partner,62058.0,0,1,2013-05-26,52,301,7,74,10,0,58,4,6,1,7,6,0,0,0,0,0,0,3,11,0,70,450,18,1,0,2,2,4836,0
1979,Graduation,With_Partner,72063.0,0,1,2013-07-03,3,180,32,348,76,32,90,2,5,2,12,2,0,0,0,0,0,0,3,11,0,47,758,21,1,0,1,2,4798,0
1951,PhD,With_Partner,78939.0,0,0,2013-12-12,57,794,115,243,150,0,205,1,8,5,6,3,0,0,0,0,0,0,3,11,0,75,1507,20,0,0,3,2,4636,0
1965,Graduation,Alone,42720.0,1,1,2013-04-24,9,392,5,91,28,26,112,8,7,3,7,8,0,0,0,0,0,0,3,11,1,61,654,25,2,0,1,0,4868,0
1972,Graduation,With_Partner,33622.0,1,1,2013-04-13,22,39,1,22,3,4,12,3,2,0,4,7,0,0,0,0,0,0,3,11,0,54,81,9,2,0,1,2,4879,0
1957,PhD,With_Partner,6835.0,0,1,2012-12-08,76,107,2,12,2,2,12,0,0,0,1,20,0,0,0,0,0,0,3,11,0,69,137,1,1,0,3,2,5005,0
1953,Graduation,With_Partner,41452.0,1,1,2013-03-06,86,13,0,3,0,0,0,1,1,0,2,7,0,0,0,0,0,0,3,11,0,73,16,4,2,0,1,2,4917,0
1965,PhD,Alone,40760.0,0,1,2013-08-30,64,70,0,17,0,0,6,2,2,1,3,6,0,0,0,0,0,0,3,11,0,61,93,8,1,0,3,0,4740,0
1958,PhD,With_Partner,74250.0,0,0,2014-01-26,90,680,11,392,75,0,0,1,2,11,4,1,0,0,0,0,0,0,3,11,0,68,1158,18,0,0,3,2,4591,0
1955,Master,Alone,51124.0,1,1,2013-12-18,79,26,1,11,0,1,4,2,1,0,3,3,0,0,0,0,0,0,3,11,0,71,43,6,2,0,2,0,4630,0
1971,Graduation,Alone,72258.0,0,1,2013-09-12,28,522,0,522,227,120,134,2,6,9,5,2,0,0,0,0,0,0,3,11,0,55,1525,22,1,0,1,0,4727,0
1974,PhD,Alone,71466.0,0,0,2014-04-05,86,412,12,546,78,182,0,1,4,4,10,1,0,0,0,0,0,0,3,11,0,52,1230,19,0,0,3,0,4522,0
1976,Graduation,With_Partner,36283.0,1,1,2014-04-14,42,6,5,5,8,0,5,2,1,0,3,4,0,0,0,0,0,0,3,11,0,50,29,6,2,0,1,2,4513,0
1970,Graduation,Alone,20587.0,1,0,2014-05-11,39,2,3,6,4,1,9,1,1,1,2,7,0,0,0,0,0,0,3,11,0,56,25,5,1,0,1,0,4486,0
1972,Graduation,With_Partner,30467.0,1,0,2014-03-19,8,1,3,8,2,5,5,1,1,0,2,7,0,0,0,0,0,0,3,11,0,54,24,4,1,0,1,2,4539,0
1972,Graduation,With_Partner,31590.0,1,0,2013-06-18,40,6,2,15,6,6,3,1,1,0,3,8,0,0,0,0,0,0,3,11,0,54,38,5,1,0,1,2,4813,0
1986,Basic,With_Partner,20425.0,1,0,2012-10-29,5,4,12,5,3,16,17,2,2,0,3,7,0,0,0,0,0,0,3,11,0,40,57,7,1,0,0,2,5045,0
1960,Master,With_Partner,17144.0,1,1,2014-02-15,96,18,2,19,0,2,6,5,3,0,4,7,0,0,0,0,0,0,3,11,0,66,47,12,2,0,2,2,4571,0
1968,PhD,Alone,42564.0,0,1,2013-01-02,28,324,48,186,39,18,198,6,6,8,4,7,1,0,0,0,0,0,3,11,1,58,813,24,1,1,3,0,4980,0
1978,Master,With_Partner,43783.0,1,0,2014-05-29,22,327,9,125,25,4,139,6,7,1,8,7,1,0,0,0,0,0,3,11,0,48,629,22,1,1,2,2,4468,0
1976,Graduation,Alone,40780.0,0,1,2012-09-08,30,229,27,71,13,3,34,4,7,1,5,9,0,0,0,0,0,0,3,11,0,50,377,17,1,0,1,0,5096,0
1945,Master,With_Partner,62847.0,0,0,2013-01-15,45,521,168,706,80,76,61,1,3,6,4,2,0,0,0,0,0,0,3,11,0,81,1612,14,0,0,2,2,4967,0
1957,PhD,With_Partner,82017.0,0,0,2012-11-07,58,184,23,446,30,23,23,1,5,4,7,2,0,1,1,1,0,0,3,11,1,69,729,17,0,3,3,2,5036,0
1950,Graduation,Alone,16813.0,0,0,2013-07-19,49,4,8,11,12,2,13,1,2,0,3,7,1,0,0,0,0,0,3,11,0,76,50,6,0,1,1,0,4782,0
1978,Graduation,With_Partner,51267.0,1,1,2013-10-29,37,183,2,64,7,2,12,4,3,3,5,4,0,0,0,0,0,0,3,11,0,48,270,15,2,0,1,2,4680,0
1961,Graduation,Alone,46524.0,0,1,2013-04-05,70,31,19,35,26,14,52,2,1,1,5,3,0,0,0,0,0,0,3,11,0,65,177,9,1,0,1,0,4887,0
1962,Master,Alone,45183.0,0,0,2013-01-20,33,219,3,60,12,9,12,1,4,1,7,7,0,1,0,0,0,0,3,11,0,64,315,13,0,1,2,0,4962,0
1954,PhD,With_Partner,70421.0,0,1,2014-06-28,98,479,28,136,75,14,35,3,10,3,7,6,0,0,0,0,0,0,3,11,0,72,767,23,1,0,3,2,4438,0
1965,Basic,Alone,60161.0,0,1,2012-10-23,17,584,44,212,46,8,177,3,11,4,8,8,0,0,0,0,0,0,3,11,0,61,1071,26,1,0,0,0,5051,0
1973,Graduation,With_Partner,73926.0,0,0,2013-03-02,54,627,91,597,159,91,15,1,6,5,12,3,0,0,0,0,0,0,3,11,0,53,1580,24,0,0,1,2,4921,0
1968,Graduation,With_Partner,19329.0,1,0,2013-12-14,39,24,1,16,12,2,5,3,4,0,3,8,0,0,0,0,0,0,3,11,0,58,60,10,1,0,1,2,4634,0
1970,Master,With_Partner,61872.0,0,1,2013-12-13,81,330,5,159,36,27,16,4,4,4,9,4,0,0,0,0,0,0,3,11,0,56,573,21,1,0,2,2,4635,0
1956,Graduation,Alone,46984.0,1,1,2013-03-26,71,19,1,10,2,1,8,1,1,0,3,5,0,0,0,0,0,0,3,11,0,70,41,5,2,0,1,0,4897,0
1951,Graduation,With_Partner,34838.0,1,1,2013-01-19,62,28,23,29,29,14,47,3,2,1,4,6,0,0,0,0,0,0,3,11,0,75,170,10,2,0,1,2,4963,0
1944,PhD,Alone,82716.0,0,0,2013-11-05,8,606,148,228,15,148,22,1,6,8,13,2,0,0,0,0,0,0,3,11,0,82,1167,28,0,0,3,0,4673,0
1958,Graduation,With_Partner,48192.0,0,0,2013-04-06,76,1039,43,204,153,58,29,3,2,8,12,8,0,1,0,1,1,0,3,11,1,68,1526,25,0,3,1,2,4886,0
1976,Master,With_Partner,49681.0,0,2,2013-11-04,66,411,0,26,0,0,21,6,7,1,7,7,0,0,0,0,0,0,3,11,0,50,458,21,2,0,2,2,4674,0
1971,Master,With_Partner,56850.0,0,1,2014-03-23,83,34,1,19,2,7,0,1,1,1,3,2,0,0,0,0,0,0,3,11,0,55,63,6,1,0,2,2,4535,0
1957,Graduation,With_Partner,55267.0,0,1,2013-10-21,28,161,28,136,32,3,45,4,3,4,6,3,0,0,0,0,0,0,3,11,0,69,405,17,1,0,1,2,4688,0
1972,Graduation,With_Partner,59666.0,1,1,2013-03-22,87,623,53,178,23,17,133,7,3,2,8,8,0,1,0,0,0,0,3,11,0,54,1027,20,2,1,1,2,4901,0
1972,Graduation,Alone,72504.0,0,1,2013-04-06,43,604,26,470,123,161,94,2,5,9,6,2,0,0,0,0,0,0,3,11,0,54,1478,22,1,0,1,0,4886,0
1981,Graduation,With_Partner,26872.0,0,0,2013-10-16,0,3,10,8,3,16,32,1,1,1,2,6,0,0,0,0,0,0,3,11,0,45,72,5,0,0,1,2,4693,0
1972,Graduation,Alone,21359.0,1,0,2013-04-20,1,12,2,17,6,1,10,2,2,0,3,8,0,0,0,0,0,0,3,11,1,54,48,7,1,0,1,0,4872,0
1975,Graduation,Alone,73170.0,0,0,2014-05-31,1,184,174,256,50,30,32,1,5,4,6,2,0,0,0,0,0,0,3,11,0,51,726,16,0,0,1,0,4466,0
1955,Master,With_Partner,52750.0,0,1,2013-02-04,72,393,0,239,90,69,69,6,5,7,9,4,0,0,0,0,0,0,3,11,0,71,860,27,1,0,2,2,4947,0
1986,PhD,With_Partner,91820.0,0,0,2013-11-23,72,410,73,747,76,161,30,0,5,5,12,1,0,0,0,0,0,0,3,11,0,40,1497,22,0,0,3,2,4655,0
1970,PhD,With_Partner,65968.0,0,1,2014-05-12,12,376,9,83,19,4,4,2,5,4,7,3,0,0,0,0,0,0,3,11,0,56,495,18,1,0,3,2,4485,0
1976,Graduation,With_Partner,30772.0,1,1,2014-03-12,89,7,2,4,2,1,4,1,1,0,2,6,0,0,0,0,0,0,3,11,0,50,20,4,2,0,1,2,4546,0
1954,Graduation,Alone,22507.0,0,0,2012-11-24,67,68,0,226,51,157,68,3,10,2,4,9,0,0,0,0,0,0,3,11,0,72,570,19,0,0,1,0,5019,0
1972,Graduation,With_Partner,65685.0,0,1,2014-03-29,54,642,14,49,0,7,57,1,9,2,9,5,0,0,0,0,0,0,3,11,0,54,769,21,1,0,1,2,4529,0
1978,Basic,With_Partner,25804.0,1,0,2013-09-01,34,8,7,9,13,6,12,2,2,0,3,8,0,0,0,0,0,0,3,11,0,48,55,7,1,0,0,2,4738,0
1980,PhD,Alone,76412.0,0,0,2013-05-05,15,840,53,804,23,71,17,1,5,4,8,3,0,0,1,1,0,0,3,11,1,46,1808,18,0,2,3,0,4857,0
1972,Graduation,With_Partner,22063.0,1,0,2013-08-08,43,7,10,13,3,11,11,2,2,0,3,7,0,0,0,0,0,0,3,11,0,54,55,7,1,0,1,2,4762,0
1961,Graduation,Alone,57091.0,0,0,2014-06-15,0,464,5,64,7,0,37,1,7,3,7,5,0,0,0,0,1,0,3,11,1,65,577,18,0,1,1,0,4451,0
1959,Basic,Alone,78353.0,0,1,2013-04-16,51,752,122,476,39,153,34,1,10,2,11,8,0,0,0,0,0,0,3,11,0,67,1576,24,1,0,0,0,4876,0
1954,Graduation,With_Partner,93404.0,1,2,2013-05-07,97,1279,15,287,20,0,15,3,3,4,7,5,0,1,1,0,0,0,3,11,0,72,1616,17,3,2,1,2,4855,0
1962,Graduation,Alone,37859.0,1,2,2013-01-12,75,22,1,8,2,1,2,2,1,0,3,8,0,0,0,0,0,0,3,11,0,64,36,6,3,0,1,0,4970,0
1958,PhD,Alone,80995.0,0,1,2013-05-11,83,860,28,409,73,56,56,1,8,9,4,4,0,0,0,0,0,0,3,11,0,68,1482,22,1,0,3,0,4851,0
1984,Graduation,With_Partner,16529.0,1,0,2014-03-01,23,3,0,5,13,0,1,1,1,0,3,6,0,0,0,0,0,0,3,11,0,42,22,5,1,0,1,2,4557,0
1976,PhD,Alone,55412.0,1,1,2013-11-22,65,10,5,28,11,1,8,1,2,0,3,5,0,0,0,0,0,0,3,11,0,50,63,6,2,0,3,0,4656,0
1992,Graduation,Alone,48789.0,0,0,2012-09-10,94,351,16,156,7,5,145,1,6,4,7,6,0,0,0,0,0,0,3,11,0,34,680,18,0,0,1,0,5094,0
1967,PhD,With_Partner,56575.0,0,2,2013-05-05,42,421,5,90,0,16,10,3,7,3,7,5,0,0,0,0,0,0,3,11,0,59,542,20,2,0,3,2,4857,0
1980,Basic,With_Partner,25130.0,1,0,2013-10-02,10,2,5,7,0,18,18,2,2,0,3,7,0,0,0,0,0,0,3,11,0,46,50,7,1,0,0,2,4707,0
1967,Graduation,With_Partner,35441.0,1,1,2013-02-14,94,25,1,9,2,1,1,2,1,0,3,8,0,0,0,0,0,0,3,11,0,59,39,6,2,0,1,2,4937,0
1956,Graduation,With_Partner,71391.0,0,1,2013-03-29,50,336,123,274,46,123,141,5,6,5,12,3,0,0,0,0,0,0,3,11,0,70,1043,28,1,0,1,2,4894,0
1972,Master,Alone,49494.0,1,0,2013-04-25,46,191,9,97,0,6,82,2,6,1,5,7,0,0,0,0,0,0,3,11,0,54,385,14,1,0,2,0,4867,0
1980,Graduation,Alone,81702.0,0,0,2012-09-23,98,563,50,774,28,31,187,1,7,7,12,3,0,0,0,0,0,0,3,11,0,46,1633,27,0,0,1,0,5081,0
1980,Basic,Alone,45889.0,0,1,2013-07-02,42,31,0,6,0,1,8,1,1,0,3,6,0,0,0,0,0,0,3,11,0,46,46,5,1,0,0,0,4799,0
1977,Graduation,Alone,56628.0,0,1,2014-03-21,30,479,5,82,7,17,171,2,7,6,5,5,1,0,0,0,0,0,3,11,0,49,761,20,1,1,1,0,4537,0
1950,Graduation,With_Partner,34026.0,1,1,2013-08-05,11,18,6,15,12,8,17,3,2,1,3,5,0,0,0,0,0,0,3,11,0,76,76,9,2,0,1,2,4765,0
1974,Graduation,With_Partner,40049.0,0,1,2012-11-29,61,91,65,52,10,44,28,3,3,2,6,5,0,0,0,0,0,0,3,11,0,52,290,14,1,0,1,2,5014,0
1988,Graduation,Alone,34176.0,1,0,2014-05-12,12,5,7,24,19,14,20,4,3,0,4,6,0,0,0,0,0,0,3,11,0,38,89,11,1,0,1,0,4485,0
1981,Graduation,With_Partner,19419.0,1,0,2012-11-10,76,2,14,28,16,3,7,4,4,0,3,9,0,0,0,0,0,0,3,11,0,45,70,11,1,0,1,2,5033,0
1960,Basic,With_Partner,82504.0,0,0,2013-07-27,2,362,50,431,134,35,54,1,3,6,7,1,0,0,0,0,0,0,3,11,0,66,1066,17,0,0,0,2,4774,0
1970,Graduation,With_Partner,81205.0,0,0,2014-01-13,43,724,74,929,97,55,130,1,5,6,7,2,1,0,1,0,1,0,3,11,1,56,2009,19,0,3,1,2,4604,0
1991,Basic,Alone,61618.0,0,0,2012-09-29,27,605,91,399,0,45,205,2,3,6,8,3,0,0,0,0,0,0,3,11,0,35,1345,19,0,0,0,0,5075,0
1956,Master,Alone,55284.0,0,1,2012-12-24,60,547,7,140,0,7,63,3,7,5,8,5,0,0,0,0,0,0,3,11,0,70,764,23,1,0,2,0,4989,0
1963,Graduation,Alone,49980.0,0,1,2013-10-23,79,104,1,54,13,9,14,2,3,1,5,5,0,0,0,0,0,0,3,11,0,63,195,11,1,0,1,0,4686,0
1980,Graduation,With_Partner,15072.0,2,0,2013-05-10,96,8,2,15,0,10,18,4,3,1,3,5,0,0,0,0,0,0,3,11,0,46,53,11,2,0,1,2,4852,0
1974,Graduation,Alone,49166.0,0,1,2013-06-13,17,224,2,25,7,0,110,2,5,3,3,6,0,0,0,0,0,0,3,11,0,52,368,13,1,0,1,0,4818,0
1957,Basic,With_Partner,82347.0,0,0,2012-11-06,38,556,54,845,202,133,63,1,7,7,10,3,1,0,0,1,0,0,3,11,0,69,1853,25,0,2,0,2,5037,0
1966,PhD,With_Partner,30843.0,1,1,2014-05-26,43,24,0,2,0,0,9,2,1,1,2,5,1,0,0,0,0,0,3,11,0,60,35,6,2,1,3,2,4471,0
1974,PhD,With_Partner,46374.0,0,1,2014-03-17,1,408,0,21,0,0,17,3,7,1,7,8,0,1,0,1,0,0,3,11,1,52,446,18,1,2,3,2,4541,0
1979,Graduation,Alone,60474.0,0,1,2013-04-01,25,265,199,303,234,9,170,7,10,2,12,7,0,0,0,0,0,0,3,11,0,47,1180,31,1,0,1,0,4891,0
1973,Master,With_Partner,38576.0,0,1,2014-03-04,2,34,0,7,0,0,0,1,1,0,3,7,0,0,0,0,0,0,3,11,0,53,41,5,1,0,2,2,4554,0
1985,Graduation,With_Partner,55357.0,2,0,2013-02-19,66,374,64,116,84,25,64,3,6,2,11,5,0,0,0,0,0,0,3,11,0,41,727,22,2,0,1,2,4932,0
1966,Graduation,With_Partner,37758.0,1,1,2012-10-04,49,27,2,10,0,0,1,2,1,0,3,8,0,0,0,0,0,0,3,11,0,60,40,6,2,0,1,2,5070,0
1989,Basic,With_Partner,85710.0,0,0,2013-05-05,5,600,20,350,29,30,33,1,6,9,10,2,0,0,1,0,0,0,3,11,0,37,1062,26,0,1,0,2,4857,0
1969,Graduation,With_Partner,23228.0,1,0,2014-01-26,71,13,2,18,6,1,0,2,2,0,3,8,0,0,0,0,0,0,3,11,0,57,40,7,1,0,1,2,4591,0
1969,Master,With_Partner,44602.0,1,1,2014-02-15,35,167,2,89,0,0,34,6,6,1,4,8,0,0,0,0,0,0,3,11,0,57,292,17,2,0,2,2,4571,0
1987,Graduation,With_Partner,7500.0,0,0,2013-01-09,94,0,2,3,4,1,5,1,0,0,3,6,0,0,0,0,0,0,3,11,0,39,15,4,0,0,1,2,4973,0
1989,Basic,With_Partner,38683.0,1,0,2012-10-04,80,46,35,69,84,41,66,6,4,1,6,7,0,0,0,0,0,0,3,11,0,37,341,17,1,0,0,2,5070,0
1975,Basic,Alone,49514.0,1,0,2013-12-17,61,88,39,78,58,13,93,2,6,1,4,7,0,0,0,0,0,0,3,11,0,51,369,13,1,0,0,0,4631,0
1973,PhD,With_Partner,57906.0,0,1,2013-06-11,29,243,11,119,10,3,15,3,4,2,8,4,0,0,0,0,0,0,3,11,0,53,401,17,1,0,3,2,4820,0
1966,Master,Alone,43456.0,0,1,2013-03-26,0,275,11,68,25,7,7,3,5,1,8,5,0,0,0,0,0,0,3,11,0,60,393,17,1,0,2,0,4897,0
1986,Master,Alone,19485.0,2,0,2013-09-24,80,6,0,4,0,0,0,1,1,0,2,7,0,0,0,0,0,0,3,11,0,40,10,4,2,0,2,0,4715,0
1978,Graduation,With_Partner,53172.0,0,1,2013-05-06,54,121,62,90,68,20,125,3,2,3,8,3,0,0,0,0,0,0,3,11,0,48,486,16,1,0,1,2,4856,0
1979,Graduation,With_Partner,30545.0,1,0,2012-10-17,71,4,12,15,19,7,12,2,2,0,3,7,0,0,0,0,0,0,3,11,0,47,69,7,1,0,1,2,5057,0
1983,PhD,With_Partner,70123.0,0,0,2013-09-28,27,1308,0,396,23,0,0,1,5,7,4,3,0,1,0,0,1,0,3,11,0,43,1727,17,0,2,3,2,4711,0
1959,Graduation,Alone,62450.0,0,1,2014-01-06,61,515,47,267,62,66,38,2,5,5,4,3,0,1,0,0,0,0,3,11,0,67,995,16,1,1,1,0,4611,0
1976,Graduation,With_Partner,21675.0,1,0,2014-06-11,55,4,0,16,17,4,4,3,4,0,3,7,0,0,0,0,0,0,3,11,0,50,45,10,1,0,1,2,4455,0
1981,Basic,Alone,42395.0,1,1,2014-04-04,35,48,13,57,24,15,25,4,3,1,4,7,0,0,0,0,0,0,3,11,0,45,182,12,2,0,0,0,4523,0
1978,Master,With_Partner,61346.0,1,0,2013-10-06,34,562,58,168,43,16,142,1,5,7,10,3,0,0,0,0,0,0,3,11,0,48,989,23,1,0,2,2,4703,0
1953,Graduation,With_Partner,80812.0,0,0,2013-09-17,95,769,22,500,210,143,33,1,4,8,5,2,1,0,1,1,0,0,3,11,0,73,1677,18,0,3,1,2,4722,0
1971,Master,Alone,42835.0,1,1,2013-06-30,64,379,4,93,12,9,98,7,6,6,4,6,0,0,0,0,0,0,3,11,0,55,595,23,2,0,2,0,4801,0
1983,Graduation,With_Partner,39922.0,1,0,2013-02-14,30,29,12,59,19,1,36,2,3,0,4,8,0,0,0,0,0,0,3,11,0,43,156,9,1,0,1,2,4937,0
1956,Master,Alone,86424.0,0,0,2014-04-05,12,387,68,569,89,45,68,1,6,9,12,1,0,0,0,0,0,0,3,11,0,70,1226,28,0,0,2,0,4522,0
1978,Basic,With_Partner,17117.0,1,0,2013-01-17,96,12,23,38,30,18,7,4,3,1,3,9,0,0,0,0,0,0,3,11,0,48,128,11,1,0,0,2,4965,0
1972,Graduation,Alone,24762.0,1,0,2014-02-10,16,6,10,12,3,15,40,3,3,1,2,8,1,0,0,0,0,0,3,11,1,54,86,9,1,1,1,0,4576,0
1975,Graduation,With_Partner,35797.0,0,1,2012-10-16,16,27,1,14,4,1,21,2,2,0,3,8,0,0,0,0,0,0,3,11,0,51,68,7,1,0,1,2,5058,0
1975,Graduation,Alone,36627.0,2,0,2013-07-23,78,9,1,5,0,0,1,1,0,0,3,5,0,0,0,0,0,0,3,11,0,51,16,4,2,0,1,0,4778,0
1981,Basic,With_Partner,51111.0,1,1,2014-06-19,83,22,0,19,6,5,3,2,2,0,3,6,0,0,0,0,0,0,3,11,0,45,55,7,2,0,0,2,4447,0
1970,PhD,With_Partner,82072.0,0,0,2013-07-02,67,889,55,685,168,92,129,1,3,2,13,1,0,0,0,0,0,0,3,11,0,56,2018,19,0,0,3,2,4799,0
1953,PhD,Alone,46231.0,2,1,2012-11-26,87,189,2,55,0,5,12,4,6,1,4,9,0,0,0,0,0,0,3,11,0,73,263,15,3,0,3,0,5017,0
1959,Graduation,With_Partner,42243.0,1,1,2013-12-11,34,48,0,2,0,0,5,2,2,0,3,7,0,0,0,0,0,0,3,11,0,67,55,7,2,0,1,2,4637,0
1962,Graduation,With_Partner,51195.0,1,1,2013-04-01,46,230,14,156,82,24,58,8,9,2,5,8,0,0,0,0,0,0,3,11,0,64,564,24,2,0,1,2,4891,0
1978,Master,Alone,68092.0,0,0,2013-12-16,7,852,60,207,78,36,48,2,2,6,10,5,0,0,0,0,0,0,3,11,0,48,1281,20,0,0,2,0,4632,0
1973,Graduation,With_Partner,31814.0,1,0,2013-02-09,73,35,3,20,4,1,20,2,2,0,3,9,1,0,0,0,0,0,3,11,0,53,83,7,1,1,1,2,4942,0
1965,Master,Alone,51390.0,1,1,2012-09-08,54,205,20,47,23,2,56,6,5,2,5,5,0,0,0,0,0,0,3,11,0,61,353,18,2,0,2,0,5096,0
1983,Graduation,With_Partner,76630.0,0,0,2014-01-14,93,255,31,446,40,56,175,1,3,10,11,1,0,0,0,0,0,0,3,11,0,43,1003,25,0,0,1,2,4603,0
1991,Basic,Alone,26868.0,1,0,2014-04-30,52,0,0,1,8,3,2,1,1,0,2,7,0,0,0,0,0,0,3,11,0,35,14,4,1,0,0,0,4497,0
1972,PhD,Alone,55260.0,0,1,2012-12-12,81,825,8,53,11,0,242,2,8,10,5,6,0,0,0,0,0,0,3,11,0,54,1139,25,1,0,3,0,5001,0
1956,Graduation,With_Partner,64090.0,0,1,2013-08-07,8,316,58,161,76,51,135,1,6,9,4,5,0,0,0,0,0,0,3,11,1,70,797,20,1,0,1,2,4763,0
1958,Graduation,Alone,78331.0,0,1,2014-01-23,97,756,138,354,160,169,61,2,10,6,7,4,0,0,0,0,0,0,3,11,0,68,1638,25,1,0,1,0,4594,0
1974,PhD,With_Partner,37087.0,1,0,2013-08-11,50,194,55,134,15,0,3,3,4,2,8,6,0,0,0,0,0,0,3,11,0,52,401,17,1,0,3,2,4759,0
1986,Graduation,Alone,21846.0,1,0,2013-10-22,38,7,17,18,6,10,26,4,4,0,3,8,0,0,0,0,0,0,3,11,0,40,84,11,1,0,1,0,4687,0
1958,Graduation,With_Partner,81320.0,0,0,2013-02-06,61,183,33,493,59,103,57,1,4,3,10,2,0,0,0,0,0,0,3,11,0,68,928,18,0,0,1,2,4945,0
1970,Graduation,Alone,54137.0,0,1,2013-08-16,46,171,0,11,0,1,20,2,4,1,4,6,0,0,0,0,0,0,3,11,0,56,203,11,1,0,1,0,4754,0
1967,Graduation,With_Partner,66825.0,0,0,2013-07-14,73,243,101,405,29,40,40,1,4,5,6,2,0,0,0,0,0,0,3,11,0,59,858,16,0,0,1,2,4787,0
1973,Graduation,With_Partner,57100.0,0,0,2013-12-04,19,181,21,69,39,3,96,1,3,3,6,3,0,0,0,0,0,0,3,11,0,53,409,13,0,0,1,2,4644,0
1969,Graduation,With_Partner,58917.0,1,2,2013-03-24,10,151,7,89,0,7,28,5,4,1,6,5,0,0,0,0,0,0,3,11,0,57,282,16,3,0,1,2,4899,0
1977,Graduation,Alone,85072.0,0,0,2014-04-09,94,494,92,391,194,11,241,1,3,4,10,0,0,0,0,0,0,0,3,11,0,49,1423,18,0,0,1,0,4518,0
1961,Graduation,Alone,86429.0,0,0,2013-11-21,10,464,28,873,29,18,37,0,7,4,7,2,0,0,0,1,0,0,3,11,1,65,1449,18,0,1,1,0,4657,0
1971,Graduation,Alone,45684.0,1,0,2013-12-02,37,5,1,5,10,0,7,1,1,0,2,7,0,0,0,0,0,0,3,11,0,55,28,4,1,0,1,0,4646,0
1974,Graduation,With_Partner,47889.0,1,0,2014-01-04,94,29,0,29,0,5,4,1,2,0,3,5,0,0,0,0,0,0,3,11,0,52,67,6,1,0,1,2,4613,0
1986,PhD,With_Partner,45921.0,0,0,2014-03-10,23,102,9,49,24,3,12,1,2,1,6,4,0,0,0,0,0,0,3,11,0,40,199,10,0,0,3,2,4548,0
1966,PhD,Alone,78420.0,0,0,2013-06-29,75,604,28,674,91,28,28,1,3,10,8,1,0,0,0,0,0,0,3,11,0,60,1453,22,0,0,3,0,4802,0
1992,Graduation,With_Partner,75114.0,0,0,2013-11-07,40,571,12,523,63,60,24,1,3,10,5,2,0,0,0,0,0,0,3,11,0,34,1253,19,0,0,1,2,4671,0
1963,PhD,Alone,52278.0,0,1,2013-01-25,24,953,0,71,0,0,174,6,10,5,10,8,0,0,0,0,0,0,3,11,1,63,1198,31,1,0,3,0,4957,0
1972,Master,With_Partner,35641.0,1,0,2013-07-14,11,63,3,67,8,9,28,2,3,1,4,7,0,0,0,0,0,0,3,11,1,54,178,10,1,0,2,2,4787,0
1994,Graduation,Alone,95529.0,0,0,2012-12-03,29,770,29,890,250,27,24,1,7,3,7,3,0,0,1,0,0,0,3,11,1,32,1990,18,0,1,1,0,5010,0
1954,Graduation,With_Partner,62820.0,0,0,2013-05-11,51,398,61,265,138,61,53,1,3,4,6,1,0,0,0,0,0,0,3,11,0,72,976,14,0,0,1,2,4851,0
1960,Master,With_Partner,73113.0,0,0,2013-12-26,86,741,19,154,50,9,28,1,3,4,7,2,0,0,0,0,0,0,3,11,0,66,1001,15,0,0,2,2,4622,0
1954,Basic,Alone,42607.0,0,1,2013-11-17,30,156,29,56,30,32,47,2,3,2,7,3,0,0,0,0,0,0,3,11,0,72,350,14,1,0,0,0,4661,0
1954,PhD,Alone,74637.0,0,0,2013-05-18,73,960,64,464,146,0,16,1,6,9,9,3,0,0,0,1,0,0,3,11,0,72,1650,25,0,1,3,0,4844,0
1955,PhD,With_Partner,46015.0,1,1,2014-04-13,25,38,0,2,0,0,6,1,1,0,3,7,1,0,0,0,1,0,3,11,0,71,46,5,2,2,3,2,4514,0
1993,Graduation,Alone,72354.0,0,0,2013-04-17,67,315,26,473,220,12,182,1,2,10,6,1,0,0,0,0,0,0,3,11,0,33,1228,19,0,0,1,0,4875,0
1969,Master,Alone,39858.0,1,0,2013-01-24,67,15,20,25,2,7,26,1,2,0,4,6,0,0,0,0,0,0,3,11,1,57,95,7,1,0,2,0,4958,0
1948,PhD,With_Partner,34469.0,1,1,2014-05-04,58,19,6,20,0,5,12,3,1,1,4,4,0,0,0,0,0,0,3,11,0,78,62,9,2,0,3,2,4493,0
1986,Graduation,With_Partner,83033.0,1,0,2014-05-18,82,812,99,431,237,149,33,1,11,4,10,5,0,0,0,1,0,0,3,11,0,40,1761,26,1,1,1,2,4479,0
1979,Master,With_Partner,24401.0,0,0,2012-08-31,98,73,28,217,10,24,115,3,6,1,6,8,0,0,0,0,0,0,3,11,0,47,467,16,0,0,2,2,5104,0
1978,Graduation,With_Partner,77583.0,0,0,2014-02-10,93,372,23,384,250,12,108,1,4,5,9,2,0,0,0,1,0,0,3,11,0,48,1149,19,0,1,1,2,4576,0
1982,Basic,Alone,74116.0,0,0,2013-12-30,53,871,111,704,145,55,166,1,4,4,10,2,0,1,0,0,0,0,3,11,0,44,2052,19,0,1,0,0,4618,0
1976,PhD,With_Partner,68397.0,0,1,2013-11-17,6,760,80,466,17,13,80,1,6,9,5,3,0,0,0,0,0,0,3,11,0,50,1416,21,1,0,3,2,4661,0
1974,PhD,With_Partner,79632.0,0,0,2014-04-08,42,471,0,510,99,21,12,1,6,4,9,2,0,0,0,0,0,0,3,11,0,52,1113,20,0,0,3,2,4519,0
1989,Graduation,Alone,46107.0,1,0,2014-02-10,78,31,9,27,16,9,33,1,1,1,4,3,0,0,0,0,0,0,3,11,0,37,125,7,1,0,1,0,4576,0
1951,PhD,Alone,64950.0,0,1,2012-08-12,29,819,0,72,12,0,63,2,11,2,10,7,0,1,0,0,0,0,3,11,0,75,966,25,1,1,3,0,5123,0
1989,Basic,With_Partner,25443.0,1,0,2012-12-22,82,1,4,3,8,9,7,1,1,0,3,8,0,0,0,0,0,0,3,11,0,37,32,5,1,0,0,2,4991,0
1971,PhD,With_Partner,32892.0,1,0,2014-05-25,78,26,0,15,2,1,2,2,3,0,3,8,0,0,0,0,0,0,3,11,0,55,46,8,1,0,3,2,4472,0
1971,Graduation,With_Partner,71796.0,0,0,2013-10-24,54,354,21,311,167,75,32,1,9,3,4,4,0,0,0,0,0,0,3,11,0,55,960,17,0,0,1,2,4685,0
1970,PhD,With_Partner,67536.0,0,1,2013-05-22,45,1253,0,447,23,71,35,3,11,5,11,8,0,0,0,1,0,0,3,11,0,56,1829,30,1,1,3,2,4840,0
1971,Graduation,Alone,55239.0,0,1,2013-07-14,59,371,17,238,23,24,106,3,7,5,11,5,0,0,0,0,0,0,3,11,0,55,779,26,1,0,1,0,4787,0
1975,PhD,Alone,60554.0,1,0,2013-08-09,8,588,7,76,110,15,15,2,8,4,9,6,0,0,0,0,0,0,3,11,0,51,811,23,1,0,3,0,4761,0
1952,Basic,Alone,64831.0,1,1,2013-06-10,51,480,86,249,75,86,144,8,6,3,5,6,0,0,0,0,0,0,3,11,0,74,1120,22,2,0,0,0,4821,0
1962,PhD,With_Partner,56067.0,0,1,2013-07-20,51,517,12,54,16,6,120,2,7,4,7,5,0,0,0,0,0,0,3,11,0,64,725,20,1,0,3,2,4781,0
1983,Graduation,Alone,82025.0,0,0,2013-05-28,76,267,98,606,48,70,98,1,3,2,6,1,0,0,1,0,0,0,3,11,1,43,1187,12,0,1,1,0,4834,0
1953,Graduation,With_Partner,94384.0,0,0,2013-03-04,62,1111,24,790,160,45,172,0,5,8,5,2,0,1,1,1,0,0,3,11,1,73,2302,18,0,3,1,2,4919,0
1986,Basic,Alone,14906.0,0,0,2012-12-22,86,7,7,14,7,16,15,3,2,1,3,7,0,0,0,0,0,0,3,11,0,40,66,9,0,0,0,0,4991,0
1987,PhD,With_Partner,51563.0,0,0,2012-10-01,60,1166,0,48,0,0,36,1,4,4,10,8,0,1,1,0,0,0,3,11,0,39,1250,19,0,2,3,2,5073,0
1982,Basic,With_Partner,57937.0,0,1,2014-02-16,56,261,42,144,55,48,133,3,4,4,9,3,0,0,0,0,0,0,3,11,0,44,683,20,1,0,0,2,4570,0
1979,Graduation,Alone,68274.0,1,1,2013-09-30,83,135,25,51,23,25,46,2,4,2,5,3,0,0,0,0,0,0,3,11,0,47,305,13,2,0,1,0,4709,0
1977,Graduation,With_Partner,39771.0,1,0,2013-12-06,92,6,2,18,2,8,14,1,2,0,3,4,0,0,0,0,0,0,3,11,0,49,50,6,1,0,1,2,4642,0
1975,Basic,Alone,67893.0,0,1,2012-10-01,31,711,28,142,49,18,47,2,3,2,9,8,0,0,0,0,0,0,3,11,0,51,995,16,1,0,0,0,5073,0
1979,PhD,With_Partner,27922.0,1,0,2014-05-10,80,11,0,13,2,4,11,1,2,0,3,4,0,0,0,0,0,0,3,11,0,47,41,6,1,0,3,2,4487,0
1976,PhD,With_Partner,52190.0,1,1,2014-05-08,39,42,0,17,0,0,18,3,2,1,3,5,1,0,0,0,0,0,3,11,0,50,77,9,2,1,3,2,4489,0
1973,Master,Alone,44051.0,1,1,2013-01-29,20,79,7,58,6,3,18,4,3,1,4,6,0,0,0,0,0,0,3,11,1,53,171,12,2,0,2,0,4953,0
1971,PhD,Alone,42767.0,2,0,2013-05-11,53,20,6,43,19,5,38,1,3,1,2,8,0,0,0,0,0,0,3,11,0,55,131,7,2,0,3,0,4851,0
1976,Master,With_Partner,46106.0,1,1,2014-05-11,84,30,0,8,2,0,14,1,1,1,2,6,0,0,0,0,0,0,3,11,0,50,54,5,2,0,2,2,4486,0
1976,PhD,With_Partner,16927.0,1,1,2013-02-10,50,20,2,23,3,1,4,5,3,0,4,8,0,0,0,0,0,0,3,11,0,50,53,12,2,0,3,2,4941,0
1965,Graduation,With_Partner,59754.0,0,1,2012-12-01,96,115,27,44,4,146,139,3,5,2,6,5,0,0,0,0,0,0,3,11,1,61,475,16,1,0,1,2,5012,0
1952,Graduation,Alone,53700.0,0,1,2012-08-17,94,263,5,233,69,41,83,4,5,5,8,5,0,0,0,0,0,0,3,11,0,74,694,22,1,0,1,0,5118,0
1973,Graduation,With_Partner,59041.0,1,1,2014-05-07,25,69,2,15,2,2,6,2,2,0,4,5,0,0,0,0,0,0,3,11,0,53,96,8,2,0,1,2,4490,0
1957,PhD,Alone,54237.0,0,1,2013-04-27,48,267,3,30,4,0,57,4,5,2,5,6,0,0,0,0,0,0,3,11,0,69,361,16,1,0,3,0,4865,0
1967,Graduation,Alone,70647.0,0,1,2012-09-21,65,561,85,171,25,123,114,2,4,7,13,2,0,0,0,0,0,0,3,11,0,59,1079,26,1,0,1,0,5083,0
1962,PhD,Alone,52597.0,0,1,2014-05-07,69,492,0,37,7,0,42,3,6,3,8,5,0,0,0,0,0,0,3,11,0,64,578,20,1,0,3,0,4490,0
1969,Master,With_Partner,41021.0,1,0,2012-12-30,12,14,7,9,6,16,12,2,2,0,3,6,0,0,0,0,0,0,3,11,1,57,64,7,1,0,2,2,4983,0
1975,PhD,With_Partner,40233.0,0,1,2013-10-14,84,80,4,46,0,17,2,5,2,1,5,6,0,0,0,0,0,0,3,11,0,51,149,13,1,0,3,2,4695,0
1980,Graduation,With_Partner,50183.0,1,1,2014-06-25,47,97,12,84,13,10,15,7,3,1,6,5,0,0,0,0,0,0,3,11,0,46,231,17,2,0,1,2,4441,0
1959,Graduation,With_Partner,54753.0,0,1,2013-09-12,87,197,107,227,7,59,131,3,5,2,11,4,0,0,0,0,0,0,3,11,0,67,728,21,1,0,1,2,4727,0
1973,Graduation,With_Partner,92955.0,0,0,2013-08-19,35,693,21,925,31,24,84,1,6,7,9,2,0,0,1,1,0,0,3,11,1,53,1778,23,0,2,1,2,4751,0
1973,Graduation,With_Partner,33471.0,1,0,2012-10-12,47,43,2,27,0,9,12,3,3,0,4,7,0,0,0,0,0,0,3,11,0,53,93,10,1,0,1,2,5062,0
1974,PhD,With_Partner,34596.0,1,0,2013-04-13,48,14,0,2,0,0,7,1,1,0,2,8,0,0,0,0,0,0,3,11,1,52,23,4,1,0,3,2,4879,0
1980,Graduation,With_Partner,44010.0,1,0,2012-10-13,46,186,36,234,86,72,48,6,10,2,6,9,0,0,0,0,0,0,3,11,0,46,662,24,1,0,1,2,5061,0
1988,Graduation,With_Partner,84219.0,0,0,2014-02-02,27,434,137,400,45,137,45,1,3,4,10,1,0,0,0,0,0,0,3,11,0,38,1198,18,0,0,1,2,4584,0
1968,PhD,With_Partner,40706.0,2,1,2013-01-17,37,59,0,11,4,2,5,4,3,0,4,7,0,0,0,0,0,0,3,11,0,58,81,11,3,0,3,2,4965,0
1988,Basic,With_Partner,15716.0,1,0,2012-11-12,8,16,5,30,8,7,26,3,3,0,4,8,0,0,0,0,0,1,3,11,0,38,92,10,1,0,0,2,5031,1
1959,Basic,Alone,59052.0,0,1,2013-11-17,29,230,35,75,63,57,31,3,7,1,7,5,0,0,0,0,0,0,3,11,0,67,491,18,1,0,0,0,4661,0
1971,Master,With_Partner,80573.0,0,0,2012-10-14,85,829,138,430,60,92,15,1,4,6,13,2,0,0,0,0,0,0,3,11,0,55,1564,24,0,0,2,2,5060,0
1962,Graduation,With_Partner,83715.0,0,0,2014-02-03,2,318,8,407,150,35,8,1,2,8,13,0,0,0,0,0,0,0,3,11,0,64,926,24,0,0,1,2,4583,0
1959,Master,With_Partner,82576.0,0,0,2012-08-01,66,1206,55,445,168,18,18,1,2,4,12,1,0,0,1,0,0,0,3,11,0,67,1910,19,0,1,2,2,5134,0
1952,Graduation,With_Partner,35704.0,1,1,2014-01-03,54,30,9,12,2,11,30,3,2,0,4,4,0,0,0,0,0,0,3,11,0,74,94,9,2,0,1,2,4614,0
1954,Graduation,With_Partner,53103.0,0,1,2013-09-12,70,729,17,133,11,0,195,5,10,6,7,7,1,0,0,0,0,0,3,11,0,72,1085,28,1,1,1,2,4727,0
1960,Basic,Alone,46779.0,1,1,2013-07-12,55,12,1,3,0,0,7,1,0,1,2,4,0,0,0,0,0,0,3,11,0,66,23,4,2,0,0,0,4789,0
1965,Graduation,Alone,4861.0,0,0,2014-06-22,20,2,1,1,1,0,1,0,0,0,0,14,0,0,0,0,0,0,3,11,0,61,6,0,0,0,1,0,4444,0
1979,Master,Alone,33462.0,1,0,2013-08-07,78,22,3,18,0,0,11,1,2,0,3,7,0,0,0,0,0,0,3,11,0,47,54,6,1,0,2,0,4763,0
1950,Graduation,With_Partner,80763.0,0,0,2013-08-15,17,674,168,108,192,42,231,1,5,11,6,3,0,0,1,1,0,0,3,11,1,76,1415,23,0,2,1,2,4755,0
1974,PhD,With_Partner,65352.0,0,1,2013-08-21,43,284,3,84,4,7,23,2,4,2,8,4,0,0,0,0,0,0,3,11,0,52,405,16,1,0,3,2,4749,0
1978,PhD,With_Partner,82170.0,0,0,2013-11-25,13,1023,93,651,49,55,37,1,5,6,7,2,0,0,0,0,0,0,3,11,0,48,1908,19,0,0,3,2,4653,0
1969,Graduation,With_Partner,75759.0,0,0,2013-10-25,46,1394,22,708,89,91,182,1,9,7,9,5,1,0,1,1,0,0,3,11,1,57,2486,26,0,3,1,2,4684,0
1976,Basic,Alone,79689.0,0,0,2013-05-12,65,311,26,640,180,37,121,1,4,9,13,2,0,0,0,0,0,0,3,11,0,50,1315,27,0,0,0,0,4850,0
1956,PhD,Alone,35340.0,1,1,2014-06-29,1,27,0,12,0,1,5,2,2,0,3,5,0,0,0,0,0,0,3,11,0,70,45,7,2,0,3,0,4437,0
1954,Graduation,Alone,85683.0,0,0,2014-03-21,6,1296,17,311,45,69,51,1,2,4,10,1,0,1,1,1,1,0,3,11,1,72,1789,17,0,4,1,0,4537,0
1972,Basic,With_Partner,24884.0,1,0,2012-11-29,32,3,6,7,0,0,3,1,0,0,3,7,0,0,0,0,0,0,3,11,0,54,19,4,1,0,0,2,5014,0
1981,Master,With_Partner,42021.0,1,0,2012-08-31,34,393,5,136,7,5,27,5,10,1,6,9,1,0,0,0,0,0,3,11,0,45,573,22,1,1,2,2,5104,0
1989,Graduation,Alone,64449.0,1,0,2014-02-18,70,218,63,282,137,35,70,4,5,3,12,4,0,0,0,0,0,0,3,11,0,37,805,24,1,0,1,0,4568,0
1954,Graduation,Alone,64587.0,1,1,2014-06-22,49,66,0,16,0,6,20,2,1,1,4,3,0,0,0,0,0,0,3,11,0,72,108,8,2,0,1,0,4444,0
1978,Graduation,With_Partner,75437.0,0,0,2013-11-09,25,795,0,545,95,58,0,1,8,4,10,6,0,0,0,1,0,0,3,11,0,48,1493,23,0,1,1,2,4669,0
1973,Graduation,With_Partner,52845.0,1,0,2013-08-13,7,384,25,292,130,41,64,3,8,8,6,6,1,0,0,0,0,0,3,11,0,53,936,25,1,1,1,2,4757,0
1956,Graduation,Alone,46086.0,0,1,2013-11-03,34,244,8,32,7,2,50,4,3,1,8,4,0,0,0,0,0,0,3,11,0,70,343,16,1,0,1,0,4675,0
1956,PhD,Alone,78028.0,0,1,2012-09-10,38,158,19,288,25,0,38,1,6,4,9,7,0,1,1,0,0,0,3,11,1,70,528,20,1,2,3,0,5094,0
1987,PhD,Alone,95169.0,0,0,2013-10-09,1,1285,21,449,106,20,20,1,4,3,4,1,0,0,1,1,0,0,3,11,1,39,1901,12,0,2,3,0,4700,0
1981,Basic,With_Partner,56337.0,1,1,2013-03-27,25,349,16,144,28,5,182,5,8,5,4,8,1,0,0,1,0,0,3,11,1,45,724,22,2,2,0,2,4896,0
1987,Graduation,With_Partner,22434.0,1,0,2013-02-13,25,4,12,11,3,13,15,2,2,0,3,8,0,0,0,0,0,0,3,11,0,39,58,7,1,0,1,2,4938,0
1954,PhD,With_Partner,36930.0,0,1,2013-05-17,50,223,2,31,0,2,39,5,5,2,4,8,0,0,0,0,0,0,3,11,0,72,297,16,1,0,3,2,4845,0
1954,Graduation,Alone,36130.0,0,1,2013-02-02,46,157,43,127,68,56,37,6,3,8,4,4,1,0,0,0,0,0,3,11,1,72,488,21,1,1,1,0,4949,0
1953,Master,With_Partner,65569.0,0,1,2012-11-05,96,397,46,288,20,38,70,2,6,5,10,3,0,0,0,0,0,0,3,11,0,73,859,23,1,0,2,2,5038,0
1968,Graduation,With_Partner,19514.0,1,1,2014-01-26,47,14,3,21,2,1,28,4,3,1,2,8,1,0,0,0,0,0,3,11,0,58,69,10,2,1,1,2,4591,0
1963,PhD,Alone,36736.0,1,1,2013-05-10,52,10,0,3,0,0,4,1,1,0,2,6,0,0,0,0,0,0,3,11,0,63,17,4,2,0,3,0,4852,0
1979,Graduation,With_Partner,77568.0,0,1,2012-08-25,30,1230,0,396,232,178,158,1,10,2,8,5,0,1,1,1,0,0,3,11,0,47,2194,21,1,3,1,2,5110,0
1976,PhD,With_Partner,49187.0,0,1,2014-01-11,63,81,1,31,2,1,0,1,1,1,5,2,0,0,0,0,0,0,3,11,0,50,116,8,1,0,3,2,4606,0
1978,Graduation,Alone,30168.0,1,0,2013-03-07,51,154,20,66,0,12,27,7,6,1,4,9,0,0,0,0,0,0,3,11,0,48,279,18,1,0,1,0,4916,0
1968,Master,With_Partner,34053.0,0,1,2012-09-10,14,63,0,21,7,0,12,1,3,0,3,8,0,0,0,0,0,0,3,11,0,58,103,7,1,0,2,2,5094,0
1971,Master,With_Partner,38196.0,1,1,2014-04-18,20,30,0,11,0,0,3,3,2,0,4,5,0,0,0,0,0,0,3,11,0,55,44,9,2,0,2,2,4509,0
1951,Master,With_Partner,59412.0,0,0,2014-04-19,56,90,67,165,30,43,11,1,4,2,8,3,0,0,0,0,0,0,3,11,0,75,406,15,0,0,2,2,4508,0
1965,Basic,With_Partner,70924.0,0,0,2014-04-07,41,635,114,254,132,152,76,1,6,6,7,3,0,0,1,0,0,0,3,11,0,61,1363,20,0,1,0,2,4520,0
1969,Graduation,With_Partner,54165.0,0,0,2013-05-28,72,127,4,73,15,6,11,1,2,1,7,2,0,0,0,0,0,0,3,11,0,57,236,11,0,0,1,2,4834,0
1973,Graduation,With_Partner,32300.0,1,0,2013-01-03,1,13,3,6,6,5,6,1,1,0,3,8,0,0,0,0,0,0,3,11,0,53,39,5,1,0,1,2,4979,0
1976,Graduation,Alone,20180.0,0,0,2013-02-20,27,18,42,24,15,20,18,1,2,1,4,7,0,0,0,0,0,0,3,11,0,50,137,8,0,0,1,0,4931,0
1973,Graduation,With_Partner,34961.0,1,0,2014-06-19,77,45,2,26,4,1,1,3,3,1,3,7,0,0,0,0,0,0,3,11,0,53,79,10,1,0,1,2,4447,0
1974,PhD,With_Partner,28440.0,1,0,2013-07-07,87,38,1,24,0,0,0,1,2,0,3,8,0,0,0,0,0,0,3,11,0,52,63,6,1,0,3,2,4794,0
1953,PhD,With_Partner,64504.0,1,2,2013-03-04,81,986,36,168,16,0,108,7,11,3,4,7,0,0,0,0,0,0,3,11,1,73,1314,25,3,0,3,2,4919,0
1966,Master,With_Partner,33564.0,0,1,2014-06-24,51,61,0,3,0,0,7,1,1,1,3,5,0,0,0,0,0,0,3,11,0,60,71,6,1,0,2,2,4442,0
1978,Graduation,With_Partner,17345.0,1,0,2012-11-03,79,4,9,16,17,0,12,2,2,1,2,8,0,0,0,0,0,0,3,11,0,48,58,7,1,0,1,2,5040,0
1967,PhD,With_Partner,56320.0,0,1,2013-04-08,11,201,53,172,116,77,83,3,5,4,9,4,0,0,0,0,0,0,3,11,0,59,702,21,1,0,3,2,4884,0
1978,Graduation,Alone,28647.0,1,0,2013-08-21,54,19,8,29,0,12,26,1,2,2,2,7,1,0,0,0,0,0,3,11,1,48,94,7,1,1,1,0,4749,0
1987,Basic,Alone,15038.0,1,0,2013-01-29,93,4,8,11,19,12,26,2,2,1,2,9,0,0,0,0,0,0,3,11,0,39,80,7,1,0,0,0,4953,0
1958,PhD,Alone,32173.0,0,1,2013-08-01,0,18,0,2,0,0,2,1,1,0,3,4,0,0,0,0,0,0,3,11,0,68,22,5,1,0,3,0,4769,0
1964,Basic,With_Partner,68316.0,0,1,2012-11-04,54,806,80,161,120,11,33,5,10,7,10,6,0,0,0,0,0,0,3,11,0,62,1211,32,1,0,0,2,5039,0
1971,Graduation,With_Partner,74538.0,0,0,2013-06-29,21,380,98,733,110,112,28,1,8,8,5,3,0,0,1,0,0,0,3,11,1,55,1461,22,0,1,1,2,4802,0
1971,Graduation,Alone,91700.0,0,0,2013-01-17,58,576,172,961,125,115,19,1,8,6,5,3,0,0,0,0,0,0,3,11,1,55,1968,20,0,0,1,0,4965,0
1969,Graduation,With_Partner,68695.0,0,0,2014-06-25,3,458,81,356,106,50,40,1,4,4,7,2,0,0,0,0,0,0,3,11,0,57,1091,16,0,0,1,2,4441,0
1977,Basic,With_Partner,31056.0,1,0,2013-01-22,99,5,10,13,3,8,16,1,1,0,3,8,0,0,0,0,0,0,3,11,0,49,55,5,1,0,0,2,4960,0
1980,Graduation,Alone,28071.0,0,0,2012-08-29,65,39,33,130,41,26,44,2,5,1,5,8,0,0,0,0,0,0,3,11,0,46,313,13,0,0,1,0,5106,0
1958,PhD,With_Partner,37334.0,1,1,2014-02-26,44,26,1,16,2,2,15,4,3,0,4,4,0,0,0,0,0,0,3,11,0,68,62,11,2,0,3,2,4560,0
1972,Master,Alone,46423.0,1,1,2013-09-18,6,68,0,16,0,0,8,3,2,0,4,7,0,0,0,0,0,0,3,11,0,54,92,9,2,0,2,0,4721,0
1971,PhD,With_Partner,37126.0,1,0,2014-03-30,9,45,3,9,4,4,7,1,1,2,2,6,1,0,0,0,0,0,3,11,1,55,72,6,1,1,3,2,4528,0
1953,Graduation,With_Partner,47703.0,0,1,2013-05-29,95,359,0,134,13,26,123,4,6,3,8,5,0,0,0,0,0,0,3,11,0,73,655,21,1,0,1,2,4833,0
1959,Graduation,With_Partner,61180.0,0,1,2014-04-23,70,403,24,29,6,24,218,2,5,5,6,3,1,0,0,0,0,0,3,11,0,67,704,18,1,1,1,2,4504,0
1954,Graduation,With_Partner,38998.0,1,1,2012-11-03,92,34,1,14,0,0,5,3,2,0,3,8,0,0,0,0,0,1,3,11,0,72,54,8,2,0,1,2,5040,1
1991,Graduation,Alone,8028.0,0,0,2012-09-18,62,73,18,66,7,12,2,15,0,1,0,19,0,0,0,0,0,0,3,11,0,35,178,16,0,0,1,0,5086,0
1962,Graduation,With_Partner,76081.0,0,0,2014-05-23,85,292,30,415,63,33,200,1,4,5,4,2,0,0,0,1,0,0,3,11,0,64,1033,14,0,1,1,2,4474,0
1986,Graduation,With_Partner,34728.0,1,0,2013-07-30,2,14,0,16,0,0,6,1,1,1,2,6,0,0,0,0,0,0,3,11,1,40,36,5,1,0,1,2,4771,0
1965,Master,Alone,33168.0,0,1,2012-10-13,0,80,1,37,0,1,3,3,2,1,4,7,0,0,0,0,0,0,3,11,0,61,122,10,1,0,2,0,5061,0
1966,Master,With_Partner,33585.0,0,1,2013-09-25,91,30,11,33,13,6,29,1,2,0,4,4,0,0,0,0,0,0,3,11,0,60,122,7,1,0,2,2,4714,0
1960,PhD,With_Partner,77037.0,0,1,2013-10-13,3,463,96,333,168,53,10,1,7,7,12,3,0,0,0,0,0,0,3,11,0,66,1123,27,1,0,3,2,4696,0
1984,Graduation,With_Partner,35196.0,1,0,2012-11-13,68,75,12,141,43,39,187,6,6,1,5,8,0,0,0,0,0,0,3,11,1,42,497,18,1,0,1,2,5030,0
1966,Graduation,With_Partner,44529.0,0,1,2013-07-05,98,538,13,91,17,6,26,6,6,2,11,5,0,1,0,0,0,0,3,11,0,60,691,25,1,1,1,2,4796,0
1966,PhD,With_Partner,28764.0,1,1,2014-06-05,16,8,0,3,0,0,1,1,1,0,2,8,1,0,0,0,0,0,3,11,0,60,12,4,2,1,3,2,4461,0
1949,PhD,With_Partner,69098.0,0,0,2013-02-16,82,1315,22,780,145,0,178,1,7,8,9,5,0,0,0,0,0,0,3,11,0,77,2440,25,0,0,3,2,4935,0
1970,Basic,Alone,25959.0,1,1,2013-02-14,1,4,2,12,7,5,26,2,1,2,2,6,0,0,0,0,0,0,3,11,1,56,56,7,2,0,0,0,4937,0
1983,Master,With_Partner,27100.0,1,0,2013-04-05,64,12,0,13,2,0,10,1,1,0,3,7,0,0,0,0,0,0,3,11,0,43,37,5,1,0,2,2,4887,0
1985,Graduation,Alone,70596.0,0,0,2012-10-05,68,347,44,534,17,0,26,1,3,5,12,2,0,0,0,0,0,0,3,11,0,41,968,21,0,0,1,0,5069,0
1974,Graduation,With_Partner,42557.0,0,1,2012-08-29,98,192,5,53,0,5,15,4,6,1,4,8,0,0,0,0,0,0,3,11,0,52,270,15,1,0,1,2,5106,0
1951,PhD,With_Partner,53312.0,0,0,2013-08-09,32,241,0,12,0,0,25,1,5,1,5,7,0,0,0,0,0,0,3,11,0,75,278,12,0,0,3,2,4761,0
1952,Graduation,Alone,72228.0,0,0,2012-11-27,87,631,28,491,30,14,56,1,6,7,8,3,0,0,0,0,0,0,3,11,0,74,1250,22,0,0,1,0,5016,0
1987,Graduation,With_Partner,67605.0,0,0,2013-03-31,84,336,28,282,184,54,54,1,2,8,6,1,0,0,0,0,0,0,3,11,0,39,938,17,0,0,1,2,4892,0
1949,Master,With_Partner,62845.0,1,1,2012-10-01,3,1099,0,45,0,0,34,11,3,4,10,8,0,1,0,0,0,0,3,11,0,77,1178,28,2,1,2,2,5073,0
1958,Graduation,With_Partner,65196.0,0,2,2013-07-25,34,743,19,181,12,0,200,2,7,6,11,5,1,0,0,0,0,0,3,11,0,68,1155,26,2,1,1,2,4776,0
1987,PhD,Alone,42000.0,0,0,2013-01-10,23,124,83,267,85,59,35,2,5,2,11,5,0,0,0,0,0,0,3,11,1,39,653,20,0,0,3,0,4972,0
1973,PhD,Alone,35860.0,1,1,2014-05-19,37,15,0,8,4,2,20,2,1,1,2,5,1,0,0,0,0,0,3,11,0,53,49,6,2,1,3,0,4478,0
1964,PhD,With_Partner,65526.0,0,1,2014-04-11,22,397,19,69,12,0,9,1,4,4,8,2,0,0,0,0,0,0,3,11,0,62,506,17,1,0,3,2,4516,0
1961,Graduation,With_Partner,16860.0,1,1,2012-09-12,19,10,4,4,3,3,14,3,1,1,3,7,0,0,0,0,0,0,3,11,0,65,38,8,2,0,1,2,5092,0
1992,Graduation,Alone,83528.0,0,0,2014-05-01,7,530,117,678,134,44,147,1,4,10,8,1,1,0,0,1,0,0,3,11,1,34,1650,23,0,2,1,0,4496,0
1965,Basic,Alone,64176.0,0,1,2012-08-03,52,1215,33,249,64,116,149,8,8,9,8,6,0,0,0,0,0,0,3,11,0,61,1826,33,1,0,0,0,5132,0
1956,Graduation,Alone,22304.0,0,0,2012-08-04,91,3,2,7,0,4,2,1,1,0,2,8,0,0,0,0,0,0,3,11,0,70,18,4,0,0,1,0,5131,0
1978,Graduation,With_Partner,67023.0,0,0,2014-03-04,93,444,44,382,11,8,17,1,3,7,13,2,0,0,0,0,0,1,3,11,0,48,906,24,0,0,1,2,4554,1
1966,Graduation,With_Partner,70713.0,0,1,2012-12-03,23,736,114,279,82,76,190,6,5,6,8,3,0,0,0,0,0,0,3,11,0,60,1477,25,1,0,1,2,5010,0
1955,Graduation,With_Partner,59925.0,0,1,2012-11-30,83,473,21,176,19,21,56,3,9,2,9,6,0,0,0,0,0,0,3,11,0,71,766,23,1,0,1,2,5013,0
1953,Graduation,With_Partner,39722.0,0,1,2014-02-24,92,32,0,5,2,0,8,2,2,0,3,5,0,0,0,0,0,0,3,11,0,73,47,7,1,0,1,2,4562,0
1958,Graduation,With_Partner,46610.0,0,0,2013-07-18,4,288,10,30,4,10,125,1,6,1,6,6,0,0,0,0,0,0,3,11,0,68,467,14,0,0,1,2,4783,0
1961,Graduation,With_Partner,88347.0,0,0,2013-07-03,32,1050,178,555,77,138,118,1,4,7,9,1,0,0,0,1,0,0,3,11,0,65,2116,21,0,1,1,2,4798,0
1981,PhD,With_Partner,87171.0,0,0,2013-05-01,27,1001,44,107,58,44,44,1,6,7,11,2,1,0,1,0,0,0,3,11,0,45,1298,25,0,2,3,2,4861,0
1976,Basic,With_Partner,26907.0,1,1,2013-08-20,10,9,1,7,0,3,2,2,1,0,3,7,0,0,0,0,0,0,3,11,0,50,22,6,2,0,0,2,4750,0
1968,Master,Alone,50014.0,1,0,2014-01-22,9,234,14,77,19,10,42,2,4,1,8,5,0,0,0,0,0,0,3,11,0,58,396,15,1,0,2,0,4595,0
1978,PhD,With_Partner,41014.0,1,0,2013-04-22,65,7,2,6,2,0,3,1,1,0,2,7,0,0,0,0,0,0,3,11,0,48,20,4,1,0,3,2,4870,0
1965,Graduation,Alone,66294.0,0,0,2014-03-17,68,251,108,334,65,92,117,1,4,3,5,2,0,0,0,0,0,0,3,11,0,61,967,13,0,0,1,0,4541,0
1971,Graduation,With_Partner,36715.0,1,0,2012-11-17,16,172,10,125,21,13,16,6,7,2,4,9,0,0,0,0,0,0,3,11,1,55,357,19,1,0,1,2,5026,0
1956,Graduation,With_Partner,79456.0,0,0,2012-08-22,12,565,42,548,64,83,99,1,5,6,4,3,0,0,0,0,0,0,3,11,1,70,1401,16,0,0,1,2,5113,0
1982,Graduation,With_Partner,40479.0,1,0,2013-08-17,95,5,0,8,2,0,0,1,0,0,3,4,0,0,0,0,0,0,3,11,0,44,15,4,1,0,1,2,4753,0
1970,Master,Alone,75345.0,0,0,2013-02-02,16,918,57,842,99,38,133,1,5,8,6,3,0,0,0,1,0,0,3,11,1,56,2087,20,0,1,2,0,4949,0
1977,Graduation,With_Partner,54233.0,0,1,2013-02-04,46,652,8,158,21,0,142,4,11,6,5,8,0,0,0,0,0,0,3,11,0,49,981,26,1,0,1,2,4947,0
1970,Graduation,Alone,24163.0,1,1,2013-10-12,3,4,1,7,2,1,2,2,1,0,3,4,0,0,0,0,0,0,3,11,0,56,17,6,2,0,1,0,4697,0
1958,PhD,With_Partner,84460.0,0,0,2013-01-04,80,152,27,103,106,54,81,0,9,9,4,5,0,1,1,1,1,0,3,11,1,68,523,22,0,4,3,2,4978,0
1983,Graduation,With_Partner,43776.0,1,0,2014-05-03,77,8,0,9,2,1,3,1,1,0,2,6,0,0,0,0,0,0,3,11,0,43,23,4,1,0,1,2,4494,0
1958,PhD,Alone,71691.0,0,0,2014-03-17,0,336,130,411,240,32,43,1,4,7,5,2,0,0,0,0,0,0,3,11,1,68,1192,17,0,0,3,0,4541,0
1973,PhD,With_Partner,85844.0,0,0,2014-05-29,62,938,19,843,25,95,38,1,6,6,7,2,0,0,1,0,0,0,3,11,0,53,1958,20,0,1,3,2,4468,0
1974,PhD,Alone,39190.0,1,0,2014-04-26,91,68,8,18,19,8,12,2,2,1,4,5,0,0,0,0,0,0,3,11,0,52,133,9,1,0,3,0,4501,0
1972,PhD,Alone,38578.0,1,1,2013-06-22,2,38,4,22,3,3,3,3,3,0,3,8,0,0,0,0,0,0,3,11,0,54,73,9,2,0,3,0,4809,0
1965,PhD,With_Partner,57236.0,1,1,2014-03-12,22,105,0,9,2,1,4,3,2,1,4,3,0,0,0,0,0,0,3,11,0,61,121,10,2,0,3,2,4546,0
1979,Graduation,Alone,61825.0,0,1,2013-08-07,56,162,50,100,55,30,27,1,4,2,8,4,0,0,0,0,0,0,3,11,0,47,424,15,1,0,1,0,4763,0
1958,Graduation,Alone,79803.0,0,1,2014-06-02,54,574,8,216,21,16,33,1,4,3,5,1,0,0,0,0,0,0,3,11,0,68,868,13,1,0,1,0,4464,0
1986,Basic,Alone,80910.0,0,0,2012-10-31,71,160,80,369,67,39,41,1,3,3,8,1,0,0,0,0,0,0,3,11,0,40,756,15,0,0,0,0,5043,0
1982,Master,With_Partner,27590.0,1,0,2013-04-23,38,6,0,5,0,0,1,1,1,0,2,7,0,0,0,0,0,0,3,11,0,44,12,4,1,0,2,2,4869,0
1979,Graduation,With_Partner,56775.0,0,1,2013-01-02,62,614,35,160,58,35,35,2,5,8,10,5,0,0,0,0,0,0,3,11,0,47,937,25,1,0,1,2,4980,0
1975,Graduation,Alone,83829.0,0,0,2013-10-08,78,897,161,430,186,161,27,0,4,7,6,1,1,0,1,1,0,0,3,11,1,51,1862,17,0,3,1,0,4701,0
1979,Basic,With_Partner,54210.0,0,1,2013-05-20,18,70,54,109,80,9,45,2,4,1,7,5,0,0,0,0,0,0,3,11,0,47,367,14,1,0,0,2,4842,0
1986,Graduation,With_Partner,38508.0,1,0,2013-08-02,95,120,19,206,25,19,54,6,7,2,5,8,0,0,0,0,0,0,3,11,0,40,443,20,1,0,1,2,4768,0
1970,Graduation,With_Partner,53187.0,1,0,2013-10-26,66,211,2,30,7,7,10,2,4,1,6,5,0,0,0,0,0,0,3,11,0,56,267,13,1,0,1,2,4683,0
1972,Graduation,With_Partner,30023.0,1,0,2014-03-24,28,11,0,16,7,6,21,1,2,0,3,8,0,0,0,0,0,0,3,11,0,54,61,6,1,0,1,2,4534,0
1960,PhD,Alone,76045.0,0,0,2013-11-15,78,760,53,400,17,93,0,1,4,5,11,2,0,0,0,1,0,0,3,11,0,66,1323,21,0,1,3,0,4663,0
1952,PhD,With_Partner,50870.0,0,1,2014-06-19,13,53,0,8,0,0,2,1,2,0,3,5,0,0,0,0,0,0,3,11,0,74,63,6,1,0,3,2,4447,0
1974,Basic,With_Partner,65463.0,1,0,2014-01-30,17,391,32,70,21,32,16,2,6,2,9,5,0,1,0,0,0,0,3,11,0,52,562,19,1,1,0,2,4587,0
1965,Graduation,With_Partner,66480.0,1,1,2014-05-31,71,199,9,57,20,21,6,7,4,1,7,4,0,0,0,0,0,0,3,11,0,61,312,19,2,0,1,2,4466,0
1954,Graduation,Alone,76773.0,0,0,2013-02-25,79,516,56,449,86,33,16,1,2,2,11,1,0,0,0,0,0,0,3,11,0,72,1156,16,0,0,1,0,4926,0
1983,Basic,Alone,81698.0,0,0,2013-03-01,1,709,45,115,30,160,45,1,8,2,5,5,0,0,0,1,0,0,3,11,1,43,1104,16,0,1,0,0,4922,0
1973,PhD,Alone,54466.0,1,1,2014-02-09,78,12,0,4,0,0,0,1,1,0,2,5,0,0,0,0,0,0,3,11,0,53,16,4,2,0,3,0,4577,0
1984,PhD,Alone,16269.0,1,0,2013-08-30,75,19,3,18,3,1,0,3,3,0,3,8,0,0,0,0,0,0,3,11,0,42,44,9,1,0,3,0,4740,0
1971,Graduation,With_Partner,71819.0,0,1,2013-08-28,70,1224,28,140,0,14,168,3,3,3,5,6,0,1,1,0,0,0,3,11,0,55,1574,14,1,2,1,2,4742,0
1983,PhD,With_Partner,33569.0,1,0,2013-10-16,10,16,2,18,3,0,24,1,1,1,2,8,1,0,0,0,0,0,3,11,1,43,63,5,1,1,3,2,4693,0
1983,Master,With_Partner,36262.0,0,0,2013-09-20,24,88,39,54,64,28,153,1,3,5,3,6,1,0,0,0,0,0,3,11,1,43,426,12,0,1,2,2,4719,0
1966,Basic,With_Partner,22634.0,0,0,2013-01-16,47,2,23,11,8,6,46,1,2,1,2,8,0,0,0,0,0,0,3,11,0,60,96,6,0,0,0,2,4966,0
1978,Basic,With_Partner,47025.0,0,1,2013-09-12,98,508,11,59,23,5,29,5,11,1,6,9,0,0,0,0,0,0,3,11,0,48,635,23,1,0,0,2,4727,0
1968,Graduation,Alone,70566.0,0,1,2013-10-06,4,381,28,215,84,28,21,2,6,5,9,3,0,0,0,0,0,0,3,11,0,58,757,22,1,0,1,0,4703,0
1979,PhD,With_Partner,31605.0,1,0,2012-11-22,15,74,0,42,2,1,6,2,2,1,4,7,0,0,0,0,0,0,3,11,0,47,125,9,1,0,3,2,5021,0
1973,Master,Alone,52034.0,1,1,2013-05-17,67,146,0,93,7,13,73,5,4,2,5,7,0,0,0,0,0,0,3,11,0,53,332,16,2,0,2,0,4845,0
1979,Graduation,Alone,48526.0,1,0,2013-12-24,32,23,17,23,43,20,9,1,2,1,4,3,0,0,0,0,0,0,3,11,0,47,135,8,1,0,1,0,4624,0
1954,Graduation,With_Partner,46734.0,0,1,2012-11-18,40,110,5,137,26,23,29,2,6,1,5,7,0,0,0,0,0,0,3,11,0,72,330,14,1,0,1,2,5025,0
1962,Graduation,Alone,39552.0,1,1,2012-12-18,54,165,3,147,4,24,41,7,6,2,5,8,0,0,0,0,0,0,3,11,1,64,384,20,2,0,1,0,4995,0
1966,Graduation,Alone,86358.0,1,1,2012-08-08,78,957,47,494,82,47,95,4,5,3,6,8,0,0,0,0,0,0,3,11,0,60,1722,18,2,0,1,0,5127,0
1977,Graduation,With_Partner,46931.0,2,1,2014-04-24,94,41,0,17,3,1,16,2,1,1,3,3,0,0,0,0,0,0,3,11,0,49,78,7,3,0,1,2,4503,0
1985,Basic,Alone,16581.0,0,0,2013-01-12,51,1,3,4,2,3,11,1,0,0,3,4,0,0,0,0,0,0,3,11,0,41,24,4,0,0,0,0,4970,0
1952,Basic,Alone,63998.0,0,0,2013-12-20,42,176,29,818,0,33,112,1,7,6,11,4,0,0,0,0,0,0,3,11,1,74,1168,25,0,0,0,0,4628,0
1951,Master,With_Partner,67381.0,0,1,2013-01-15,67,815,8,53,11,0,70,4,2,2,9,7,0,1,0,0,0,0,3,11,0,75,957,17,1,1,2,2,4967,0
1967,Graduation,Alone,25930.0,1,1,2013-10-10,87,6,1,2,2,0,4,1,1,0,2,7,0,0,0,0,0,0,3,11,0,59,15,4,2,0,1,0,4699,0
1978,Graduation,With_Partner,42693.0,1,0,2014-06-07,29,8,4,20,6,3,16,1,1,0,3,5,0,0,0,0,0,0,3,11,0,48,57,5,1,0,1,2,4459,0
1976,Graduation,With_Partner,85606.0,0,1,2012-11-12,89,717,42,864,219,30,84,2,6,7,9,3,0,0,0,1,0,0,3,11,0,50,1956,24,1,1,1,2,5031,0
1985,Graduation,Alone,72903.0,0,0,2013-10-29,74,1067,138,750,0,19,39,1,7,5,8,4,0,1,1,1,0,0,3,11,1,41,2013,21,0,3,1,0,4680,0
1974,Basic,With_Partner,49669.0,1,0,2014-05-24,97,166,5,107,11,8,29,2,5,1,6,6,0,0,0,0,0,0,3,11,0,52,326,14,1,0,0,2,4473,0
1968,PhD,With_Partner,36778.0,1,1,2012-08-05,63,29,4,34,2,4,4,3,3,0,3,9,0,0,0,0,0,0,3,11,0,58,77,9,2,0,3,2,5130,0
1962,PhD,Alone,85696.0,0,0,2013-05-03,88,714,76,395,116,0,12,1,4,6,9,1,0,0,0,0,0,0,3,11,1,64,1313,20,0,0,3,0,4859,0
1961,Graduation,With_Partner,49678.0,0,1,2013-02-02,81,229,5,56,3,2,20,2,6,2,4,7,0,0,0,0,0,0,3,11,0,65,315,14,1,0,1,2,4949,0
1989,Graduation,With_Partner,37155.0,1,0,2013-01-31,51,23,0,26,7,15,3,1,2,0,4,5,0,0,0,0,0,0,3,11,0,37,74,7,1,0,1,2,4951,0
1978,Basic,Alone,21282.0,1,0,2014-05-11,76,1,5,8,4,8,20,2,2,1,2,6,0,0,0,0,0,0,3,11,0,48,46,7,1,0,0,0,4486,0
1962,PhD,Alone,33419.0,0,1,2013-08-17,76,56,0,12,0,0,18,2,2,0,4,7,0,0,0,0,0,0,3,11,0,64,86,8,1,0,3,0,4753,0
1945,Graduation,Alone,63285.0,0,0,2013-11-05,84,508,124,249,50,38,134,1,6,5,13,3,0,0,0,0,0,0,3,11,0,81,1103,25,0,0,1,0,4673,0
1974,Master,With_Partner,21255.0,1,0,2014-01-21,56,29,0,25,2,2,3,4,2,1,4,4,0,0,0,0,0,0,3,11,0,52,61,11,1,0,2,2,4596,0
1981,Graduation,With_Partner,42162.0,1,0,2013-11-19,31,46,7,59,2,4,27,2,3,1,3,6,1,0,0,0,0,0,3,11,1,45,145,9,1,1,1,2,4659,0
1956,Graduation,With_Partner,54450.0,1,1,2012-09-14,0,454,0,171,8,19,32,12,9,2,8,8,0,0,0,0,0,0,3,11,0,70,684,31,2,0,1,2,5090,0
1954,PhD,With_Partner,57744.0,0,1,2013-11-12,91,350,3,39,0,0,19,2,9,1,4,8,0,0,0,0,0,0,3,11,0,72,411,16,1,0,3,2,4666,0
1986,Graduation,Alone,26576.0,1,0,2012-10-13,40,10,0,8,0,0,9,1,1,0,2,9,1,0,0,0,0,0,3,11,1,40,27,4,1,1,1,0,5061,0
1943,PhD,Alone,57513.0,0,0,2013-07-06,59,735,40,183,52,20,30,2,9,3,13,6,0,0,0,0,0,0,3,11,0,83,1060,27,0,0,3,0,4795,0
1964,Graduation,With_Partner,68142.0,0,1,2012-08-29,96,897,126,196,91,112,37,3,10,4,7,6,0,0,0,0,0,0,3,11,0,62,1459,24,1,0,1,2,5106,0
1979,Graduation,With_Partner,7500.0,0,1,2012-08-29,61,5,2,3,3,0,5,1,1,0,2,8,0,0,0,0,0,0,3,11,0,47,18,4,1,0,1,2,5106,0
1974,Graduation,With_Partner,83145.0,0,0,2012-09-22,14,777,35,731,39,137,114,1,5,9,11,2,0,0,1,0,0,0,3,11,1,52,1833,26,0,1,1,2,5082,0
1960,Master,With_Partner,54197.0,0,1,2014-04-03,16,162,6,37,6,13,13,2,1,3,6,1,0,0,0,0,0,0,3,11,0,66,237,12,1,0,2,2,4524,0
1963,PhD,Alone,23091.0,1,1,2014-05-28,98,35,0,11,0,0,2,4,2,1,3,7,0,0,0,0,0,0,3,11,0,63,48,10,2,0,3,0,4469,0
1976,Graduation,With_Partner,46049.0,1,1,2013-07-21,11,342,9,112,19,14,19,10,5,2,9,7,0,0,0,0,0,0,3,11,1,50,515,26,2,0,1,2,4780,0
1974,Graduation,With_Partner,56715.0,0,0,2012-12-05,52,258,105,239,237,172,9,1,7,3,4,4,0,0,0,0,0,0,3,11,0,52,1020,15,0,0,1,2,5008,0
1961,Graduation,With_Partner,79410.0,0,0,2014-05-29,19,658,80,483,123,13,13,1,3,2,5,1,0,0,0,0,0,0,3,11,0,65,1370,11,0,0,1,2,4468,0
1951,Graduation,With_Partner,57304.0,0,1,2013-03-11,61,356,80,329,138,17,106,2,7,6,10,5,0,0,0,0,0,0,3,11,0,75,1026,25,1,0,1,2,4912,0
1965,Graduation,With_Partner,44375.0,0,1,2014-03-23,73,213,5,28,7,7,41,1,4,1,6,5,0,0,0,0,0,0,3,11,0,61,301,12,1,0,1,2,4535,0
1965,Graduation,With_Partner,59594.0,0,1,2012-10-20,74,457,4,29,0,0,9,1,8,1,7,7,0,1,0,0,0,0,3,11,0,61,499,17,1,1,1,2,5054,0
1994,Graduation,With_Partner,80685.0,0,0,2012-08-22,55,241,45,604,34,26,54,1,6,4,10,2,0,0,0,0,0,0,3,11,0,32,1004,21,0,0,1,2,5113,0
1974,PhD,With_Partner,40344.0,0,1,2013-10-13,48,210,0,6,0,0,2,2,4,1,5,7,0,0,0,0,0,0,3,11,0,52,218,12,1,0,3,2,4696,0
1972,Graduation,With_Partner,62710.0,0,1,2013-05-23,53,441,35,83,7,29,11,4,4,2,12,4,0,0,0,0,0,0,3,11,0,54,606,22,1,0,1,2,4839,0
1968,Basic,With_Partner,48985.0,0,1,2013-07-05,13,19,13,18,10,7,8,1,1,1,3,3,0,0,0,0,0,0,3,11,0,58,75,6,1,0,0,2,4796,0
1968,Graduation,With_Partner,35322.0,1,2,2012-08-22,34,28,9,37,12,7,13,3,2,0,4,8,0,0,0,0,0,0,3,11,0,58,106,9,3,0,1,2,5113,0
1948,Graduation,With_Partner,77142.0,0,0,2013-05-29,54,476,75,162,29,151,97,1,4,4,8,2,0,0,0,0,0,0,3,11,0,78,990,17,0,0,1,2,4833,0
1969,Graduation,Alone,81657.0,0,0,2014-01-22,69,364,40,425,158,60,50,1,3,4,8,1,0,0,0,0,0,0,3,11,0,57,1097,16,0,0,1,0,4595,0
1996,Basic,With_Partner,14421.0,0,0,2014-02-17,81,0,0,2,3,3,8,1,1,0,2,5,1,0,0,0,0,0,3,11,0,30,16,4,0,1,0,2,4569,0
1990,PhD,With_Partner,74214.0,0,0,2012-08-26,3,863,83,547,86,99,33,1,8,2,5,5,0,0,0,0,0,0,3,11,0,36,1711,16,0,0,3,2,5109,0
1957,Master,With_Partner,66726.0,1,1,2014-01-12,61,349,7,35,0,0,47,3,8,2,4,7,0,1,0,0,0,0,3,11,0,69,438,17,2,1,2,2,4605,0
1979,Basic,With_Partner,23724.0,1,0,2013-01-08,65,5,23,15,0,18,14,2,2,0,3,8,0,0,0,0,0,0,3,11,0,47,75,7,1,0,0,2,4974,0
1960,Master,With_Partner,47353.0,0,1,2013-11-13,93,184,2,19,8,8,4,3,2,2,6,5,0,0,0,0,0,0,3,11,0,66,225,13,1,0,2,2,4665,0
1952,Master,With_Partner,33444.0,1,1,2012-11-03,24,8,0,8,0,0,2,1,1,0,2,8,0,0,0,0,0,0,3,11,0,74,18,4,2,0,2,2,5040,0
1981,Graduation,With_Partner,54386.0,0,1,2013-05-17,8,277,21,64,62,21,25,2,3,2,10,3,0,0,0,0,0,0,3,11,0,45,470,17,1,0,1,2,4845,0
1981,Graduation,Alone,28510.0,1,1,2013-04-13,72,44,5,19,0,4,19,3,2,0,4,5,0,0,0,0,0,0,3,11,0,45,91,9,2,0,1,0,4879,0
1991,Master,Alone,90638.0,0,0,2014-02-13,29,1156,120,915,94,144,96,1,3,4,10,1,0,0,1,0,0,0,3,11,0,35,2525,18,0,1,2,0,4573,0
1950,Graduation,With_Partner,48070.0,0,1,2013-01-13,33,373,14,83,6,9,19,3,8,2,6,7,0,0,0,0,0,1,3,11,0,76,504,19,1,0,1,2,4969,1
1957,Graduation,With_Partner,43140.0,0,1,2013-01-05,68,134,8,76,6,0,11,1,4,1,5,6,0,0,0,0,0,0,3,11,0,69,235,11,1,0,1,2,4977,0
1961,PhD,Alone,54959.0,0,1,2013-01-19,55,1148,0,60,0,0,24,3,9,5,4,7,0,1,0,0,0,0,3,11,1,65,1232,21,1,1,3,0,4963,0
1958,Basic,Alone,15056.0,1,1,2013-05-03,76,6,12,3,21,6,40,5,2,2,3,5,0,0,0,0,0,0,3,11,0,68,88,12,2,0,0,0,4859,0
1971,Graduation,Alone,26954.0,1,0,2014-05-08,17,4,1,11,0,0,1,1,1,0,2,7,0,0,0,0,0,0,3,11,0,55,17,4,1,0,1,0,4489,0
1985,Graduation,Alone,22327.0,1,0,2013-08-02,94,5,4,8,2,0,5,1,1,0,3,5,0,0,0,0,0,0,3,11,0,41,24,5,1,0,1,0,4768,0
1965,Graduation,With_Partner,44393.0,1,1,2013-08-22,86,24,2,20,2,2,10,2,1,0,4,4,0,0,0,0,0,0,3,11,0,61,60,7,2,0,1,2,4748,0
1952,PhD,Alone,62000.0,0,1,2013-08-25,25,899,0,101,0,0,20,1,6,6,13,4,0,0,0,1,0,0,3,11,0,74,1020,26,1,1,3,0,4745,0
1962,PhD,With_Partner,31497.0,0,1,2012-12-06,22,108,1,28,13,1,4,2,3,1,4,8,0,0,0,0,0,0,3,11,0,64,155,10,1,0,3,2,5007,0
1974,Basic,With_Partner,45894.0,0,2,2014-02-27,15,27,2,7,0,2,13,1,1,0,3,5,0,0,0,0,0,0,3,11,0,52,51,5,2,0,0,2,4559,0
1970,Master,Alone,78579.0,0,0,2012-12-22,35,816,66,549,216,66,99,1,5,6,4,3,0,0,0,0,0,0,3,11,1,56,1812,16,0,0,2,0,4991,0
1969,Master,Alone,67369.0,0,1,2012-11-17,81,1298,0,70,37,14,42,4,7,4,10,4,0,1,1,0,0,0,3,11,1,57,1461,25,1,2,2,0,5026,0
1960,Graduation,Alone,58401.0,0,1,2014-04-20,55,10,0,11,17,29,29,1,1,2,2,4,0,0,0,0,0,0,3,11,0,66,96,6,1,0,1,0,4507,0
1952,Graduation,Alone,62307.0,0,1,2014-02-17,94,87,13,34,10,6,10,1,4,0,4,5,0,0,0,0,0,0,3,11,0,74,160,9,1,0,1,0,4569,0
1969,Master,With_Partner,43641.0,1,1,2013-04-22,50,57,2,51,4,2,23,3,2,1,4,6,0,0,0,0,0,0,3,11,0,57,139,10,2,0,2,2,4870,0
1969,Master,With_Partner,70091.0,1,0,2013-03-31,11,964,34,137,15,0,11,2,5,2,10,8,0,1,0,0,0,0,3,11,0,57,1161,19,1,1,2,2,4892,0
1972,PhD,With_Partner,78075.0,0,0,2014-04-05,72,572,8,259,34,35,80,1,3,5,5,1,0,0,0,0,0,0,3,11,0,54,988,14,0,0,3,2,4522,0
1961,Basic,Alone,59184.0,0,1,2012-09-09,6,341,142,113,259,151,66,3,6,6,12,5,0,0,0,0,0,0,3,11,0,65,1072,27,1,0,0,0,5095,0
1977,Graduation,With_Partner,54809.0,1,1,2013-09-11,0,63,6,57,13,13,22,4,2,1,5,4,0,0,0,0,0,0,3,11,0,49,174,12,2,0,1,2,4728,0
1959,Graduation,With_Partner,58113.0,0,1,2013-01-25,66,221,104,169,102,78,84,3,9,2,8,7,0,0,0,0,0,1,3,11,0,67,758,22,1,0,1,2,4957,1
1958,Master,With_Partner,51412.0,0,1,2013-12-31,42,140,3,29,4,5,14,2,3,2,4,4,0,0,0,0,0,0,3,11,0,68,195,11,1,0,2,2,4617,0
1957,Master,With_Partner,66636.0,0,0,2013-08-17,64,291,10,689,84,10,0,1,3,4,9,1,0,0,0,0,0,0,3,11,0,69,1084,17,0,0,2,2,4753,0
1956,Master,With_Partner,50965.0,0,1,2013-02-20,87,544,13,85,8,6,29,3,10,4,5,8,1,0,0,0,0,0,3,11,0,70,685,22,1,1,2,2,4931,0
1990,Graduation,With_Partner,18351.0,0,0,2013-10-29,1,1,12,9,0,14,7,1,2,0,3,7,0,0,0,0,0,0,3,11,0,36,43,6,0,0,1,2,4680,0
1957,PhD,With_Partner,40451.0,0,2,2014-02-16,54,35,0,4,0,0,10,1,1,1,2,5,1,0,0,0,0,0,3,11,0,69,49,5,2,1,3,2,4570,0
1965,Graduation,With_Partner,36317.0,0,1,2013-05-22,53,87,3,25,3,2,13,2,3,0,4,7,0,0,0,0,0,0,3,11,0,61,133,9,1,0,1,2,4840,0
1957,Graduation,With_Partner,42213.0,0,1,2013-10-12,96,309,3,24,4,3,20,2,5,1,7,7,0,1,0,0,0,0,3,11,0,69,363,15,1,1,1,2,4697,0
1955,Graduation,With_Partner,65748.0,0,1,2013-04-15,58,172,73,93,95,78,34,2,2,4,10,1,0,0,0,0,0,1,3,11,0,71,545,18,1,0,1,2,4877,1
1972,Graduation,With_Partner,77044.0,0,1,2013-10-27,12,625,38,242,50,34,76,2,7,11,11,4,1,0,0,0,0,0,3,11,0,54,1065,31,1,1,1,2,4682,0
1969,Graduation,With_Partner,74918.0,0,0,2013-03-12,78,972,59,913,25,19,59,1,5,9,6,3,0,0,1,0,0,0,3,11,0,57,2047,21,0,1,1,2,4911,0
1972,Graduation,With_Partner,56721.0,1,1,2012-10-31,64,157,6,39,6,13,75,5,4,1,5,6,0,0,0,0,0,0,3,11,0,54,296,15,2,0,1,2,5043,0
1975,Graduation,Alone,42160.0,1,1,2013-06-28,26,48,9,45,3,15,20,4,2,1,4,6,0,0,0,0,0,0,3,11,1,51,140,11,2,0,1,0,4803,0
1965,Graduation,Alone,61559.0,0,1,2013-07-17,8,279,83,88,32,14,34,1,4,2,10,3,0,0,0,0,0,0,3,11,0,61,530,17,1,0,1,0,4784,0
1963,PhD,With_Partner,33629.0,1,1,2012-08-08,49,132,0,16,0,0,4,5,3,1,4,9,0,0,0,0,0,0,3,11,0,63,152,13,2,0,3,2,5127,0
1963,Graduation,Alone,34377.0,0,1,2013-01-19,55,62,0,22,3,1,26,2,2,2,2,7,0,0,0,0,0,0,3,11,0,63,114,8,1,0,1,0,4963,0
1986,Basic,Alone,8940.0,1,0,2012-08-22,25,1,45,3,4,6,42,3,3,1,3,8,0,0,0,0,0,0,3,11,0,40,101,10,1,0,0,0,5113,0
1973,Graduation,With_Partner,26228.0,1,0,2013-09-22,50,2,6,4,3,1,9,1,1,0,2,8,0,0,0,0,0,0,3,11,0,53,25,4,1,0,1,2,4717,0
1957,Basic,Alone,77297.0,0,0,2013-01-26,84,408,61,109,48,122,41,1,5,7,9,4,0,0,0,1,0,0,3,11,0,69,789,22,0,1,0,0,4956,0
1981,Graduation,With_Partner,40211.0,1,1,2013-07-30,30,51,1,7,2,1,25,2,2,1,2,8,1,0,0,0,0,0,3,11,0,45,87,7,2,1,1,2,4771,0
1958,PhD,Alone,33438.0,1,1,2013-09-22,81,62,1,16,3,2,6,4,2,1,4,5,0,0,0,0,0,0,3,11,0,68,90,11,2,0,3,0,4717,0
1959,PhD,With_Partner,75032.0,0,1,2013-04-28,74,952,12,180,47,12,12,2,5,4,9,3,0,0,0,0,0,0,3,11,0,67,1215,20,1,0,3,2,4864,0
1955,PhD,Alone,61284.0,0,0,2013-10-12,76,618,15,106,20,7,45,1,11,2,8,6,0,1,0,0,0,0,3,11,0,71,811,22,0,1,3,0,4697,0
1986,Graduation,With_Partner,22518.0,1,0,2012-10-22,36,11,7,12,2,2,27,2,2,1,2,5,1,0,0,0,0,0,3,11,1,40,61,7,1,1,1,2,5052,0
1975,Master,With_Partner,54730.0,0,1,2013-08-15,64,318,3,17,4,7,56,5,4,1,8,4,0,0,0,0,0,0,3,11,0,51,405,18,1,0,2,2,4755,0
1955,Master,With_Partner,38452.0,1,1,2014-03-30,62,56,0,14,0,0,2,3,3,0,3,7,0,0,0,0,0,0,3,11,0,71,72,9,2,0,2,2,4528,0
1971,Graduation,Alone,44421.0,1,1,2013-02-15,53,110,5,59,7,1,7,5,5,0,4,8,0,0,0,0,0,0,3,11,0,55,189,14,2,0,1,0,4936,0
1986,PhD,With_Partner,38197.0,1,0,2013-06-29,86,23,0,11,2,1,3,1,1,0,3,5,0,0,0,0,0,0,3,11,0,40,40,5,1,0,3,2,4802,0
1978,Graduation,Alone,41986.0,0,1,2014-02-09,15,27,5,8,8,3,12,3,3,0,4,4,0,0,0,0,0,0,3,11,0,48,63,10,1,0,1,0,4577,0
1983,Graduation,With_Partner,28427.0,1,0,2013-03-21,67,18,3,19,3,3,6,2,2,0,3,8,0,0,0,0,0,0,3,11,0,43,52,7,1,0,1,2,4902,0
1976,PhD,With_Partner,37395.0,1,0,2014-05-02,47,18,0,9,0,1,11,1,1,0,3,6,0,0,0,0,0,0,3,11,0,50,39,5,1,0,3,2,4495,0
1971,Graduation,With_Partner,64722.0,1,0,2014-05-26,47,303,0,280,60,147,15,4,8,2,11,6,0,0,0,0,0,0,3,11,0,55,805,25,1,0,1,2,4471,0
1956,Master,With_Partner,55249.0,0,1,2014-04-17,81,97,1,19,2,0,11,1,2,1,4,3,0,0,0,0,0,0,3,11,0,70,130,8,1,0,2,2,4510,0
1972,Graduation,With_Partner,84906.0,0,0,2013-10-04,98,997,15,414,99,30,76,1,5,6,12,2,0,1,1,0,1,0,3,11,0,54,1631,24,0,3,1,2,4705,0
1952,Graduation,Alone,44213.0,1,1,2013-11-29,48,95,11,35,0,4,7,4,2,1,5,6,0,0,0,0,0,0,3,11,0,74,152,12,2,0,1,0,4649,0
1984,Basic,Alone,25707.0,1,0,2014-01-18,18,1,6,2,3,6,3,1,1,0,3,7,0,0,0,0,0,0,3,11,0,42,21,5,1,0,0,0,4599,0
1967,PhD,With_Partner,59062.0,2,1,2013-10-03,74,46,1,12,3,0,9,2,2,0,3,4,0,0,0,0,0,0,3,11,0,59,71,7,3,0,3,2,4706,0
1962,Graduation,Alone,76624.0,0,1,2014-05-24,68,411,106,147,54,115,66,1,5,10,7,1,1,0,0,0,0,0,3,11,0,64,899,23,1,1,1,0,4473,0
1947,Master,With_Partner,66000.0,0,0,2014-04-20,36,244,51,270,101,0,45,1,1,3,5,1,0,0,0,0,0,0,3,11,0,79,711,10,0,0,2,2,4507,0
1978,PhD,With_Partner,27683.0,1,0,2012-08-04,90,152,9,121,12,12,45,4,6,2,4,8,0,0,0,0,0,0,3,11,0,48,351,16,1,0,3,2,5131,0
1971,Graduation,Alone,1730.0,0,0,2014-05-18,65,1,1,3,1,1,1,15,0,0,0,20,0,0,0,0,0,0,3,11,0,55,8,15,0,0,1,0,4479,0
1992,Basic,Alone,7500.0,1,0,2012-12-03,63,10,17,18,8,26,40,4,3,2,2,9,0,0,0,0,0,0,3,11,0,34,119,11,1,0,0,0,5010,0
1968,Graduation,With_Partner,40521.0,1,1,2013-04-05,82,12,0,5,0,0,4,1,0,1,2,5,0,0,0,0,0,0,3,11,0,58,21,4,2,0,1,2,4887,0
1973,PhD,With_Partner,20427.0,1,0,2014-03-24,63,5,0,4,0,0,1,1,1,0,2,8,0,0,0,0,0,0,3,11,0,53,10,4,1,0,3,2,4534,0
1975,Graduation,With_Partner,65106.0,0,1,2014-05-24,55,790,19,133,12,0,19,3,8,3,13,6,0,1,0,0,0,0,3,11,0,51,973,27,1,1,1,2,4473,0
1965,PhD,With_Partner,69969.0,0,0,2013-08-27,64,882,29,514,38,29,44,1,4,2,6,3,0,0,1,1,0,0,3,11,1,61,1536,13,0,2,3,2,4743,0
1952,Graduation,With_Partner,67433.0,0,2,2013-07-16,51,615,28,259,12,48,30,4,6,5,13,4,0,1,0,0,0,0,3,11,0,74,992,28,2,1,1,2,4785,0
1967,PhD,With_Partner,77766.0,0,1,2013-02-22,97,1004,59,265,115,59,27,2,11,10,11,6,1,0,0,0,0,0,3,11,1,59,1529,34,1,1,3,2,4929,0
1972,Graduation,With_Partner,74716.0,0,1,2013-09-12,92,133,27,421,13,195,71,2,7,3,5,4,0,0,0,0,0,0,3,11,0,54,860,17,1,0,1,2,4727,0
1970,PhD,With_Partner,55158.0,1,1,2012-07-30,72,293,0,87,4,11,23,4,7,2,5,7,0,0,0,0,0,0,3,11,1,56,418,18,2,0,3,2,5136,0
1955,Basic,With_Partner,62972.0,0,1,2012-08-03,39,313,15,47,20,0,192,2,7,4,3,6,0,0,0,0,0,0,3,11,1,71,587,16,1,0,0,2,5132,0
1975,Graduation,With_Partner,74190.0,0,1,2014-05-12,49,151,81,86,168,91,64,2,4,2,11,2,0,0,0,0,0,0,3,11,0,51,641,19,1,0,1,2,4485,0
1976,Graduation,With_Partner,39356.0,1,1,2014-03-19,21,15,0,2,0,0,6,1,1,0,2,6,1,0,0,0,0,0,3,11,0,50,23,4,2,1,1,2,4539,0
1969,Graduation,With_Partner,76653.0,0,0,2013-08-16,91,736,63,946,219,189,126,1,4,7,11,2,0,0,1,1,0,0,3,11,0,57,2279,23,0,2,1,2,4754,0
1983,PhD,Alone,90687.0,0,0,2013-05-22,98,982,17,672,23,34,51,1,6,2,8,2,0,0,1,0,0,0,3,11,1,43,1779,17,0,1,3,0,4840,0
1982,Master,With_Partner,73450.0,0,0,2013-12-05,85,1142,51,415,90,69,37,1,7,8,11,3,1,0,0,1,0,0,3,11,0,44,1804,27,0,2,2,2,4643,0
1960,Graduation,With_Partner,31454.0,1,1,2013-07-06,40,28,0,11,0,0,9,3,2,0,3,8,0,0,0,0,0,0,3,11,0,66,48,8,2,0,1,2,4795,0
1952,Graduation,Alone,47139.0,1,1,2014-03-06,2,46,0,12,0,2,23,2,2,1,2,7,0,0,0,0,0,0,3,11,1,74,83,7,2,0,1,0,4552,0
1963,PhD,With_Partner,53378.0,1,1,2012-09-24,41,489,6,152,8,6,132,10,9,4,6,8,0,0,0,0,0,0,3,11,1,63,793,29,2,0,3,2,5080,0
1970,Graduation,With_Partner,19656.0,1,0,2013-02-08,94,25,4,9,6,8,32,3,2,1,3,7,0,0,0,0,0,0,3,11,0,56,84,9,1,0,1,2,4943,0
1948,PhD,With_Partner,45579.0,0,1,2013-08-20,10,145,1,33,2,1,1,1,4,1,4,6,0,0,0,0,0,0,3,11,0,78,183,10,1,0,3,2,4750,0
1958,Basic,Alone,85485.0,0,0,2014-06-21,73,630,26,611,44,18,54,1,6,6,6,2,0,0,0,0,0,0,3,11,0,68,1383,19,0,0,0,0,4445,0
1944,Graduation,With_Partner,55956.0,0,0,2014-04-07,22,760,38,104,50,9,38,2,7,3,4,4,0,1,0,0,0,0,3,11,0,82,999,16,0,1,1,2,4520,0
1963,Master,Alone,64191.0,0,1,2013-01-22,30,420,15,186,151,38,15,3,5,3,13,3,0,0,0,0,0,0,3,11,0,63,825,24,1,0,2,0,4960,0
1972,Graduation,Alone,38808.0,1,0,2012-08-26,21,125,17,52,3,19,30,4,5,1,4,8,1,0,0,0,0,0,3,11,1,54,246,14,1,1,1,0,5109,0
1966,Master,With_Partner,57183.0,1,1,2013-03-19,51,464,5,64,7,0,70,8,9,1,7,8,0,0,0,0,0,0,3,11,0,60,610,25,2,0,2,2,4904,0
1968,Master,Alone,23748.0,1,0,2012-11-21,97,6,6,29,12,15,8,3,2,1,3,8,0,0,0,0,0,0,3,11,0,58,76,9,1,0,2,0,5022,0
1971,Graduation,With_Partner,66303.0,0,1,2013-02-26,56,1090,12,96,16,12,60,4,3,4,11,8,0,1,0,0,0,0,3,11,0,55,1286,22,1,1,1,2,4925,0
1975,Master,With_Partner,37368.0,1,0,2013-12-16,4,3,2,11,2,2,10,1,1,0,2,6,1,0,0,0,0,0,3,11,0,51,30,4,1,1,2,2,4632,0
1964,Graduation,With_Partner,40800.0,1,2,2013-01-01,77,24,0,27,8,30,10,2,3,0,3,7,0,0,0,0,0,1,3,11,0,62,99,8,3,0,1,2,4981,1
1978,Graduation,Alone,71847.0,0,0,2012-09-21,95,737,21,106,55,63,210,0,6,7,9,3,0,0,0,1,0,0,3,11,0,48,1192,22,0,1,1,0,5083,0
1975,Graduation,With_Partner,46149.0,0,1,2013-11-29,36,254,6,71,4,0,27,5,5,1,7,5,0,0,0,0,0,0,3,11,0,51,362,18,1,0,1,2,4649,0
1983,Graduation,With_Partner,78687.0,0,0,2012-08-09,13,817,185,687,145,55,241,1,4,6,8,2,0,0,1,0,0,0,3,11,1,43,2130,19,0,1,1,2,5126,0
1971,Basic,Alone,49118.0,0,0,2012-08-18,90,620,54,239,99,98,119,2,9,7,10,7,0,1,0,0,1,0,3,11,1,55,1229,28,0,2,0,0,5117,0
1957,PhD,With_Partner,37633.0,1,1,2012-09-20,49,13,4,20,0,0,1,2,1,0,3,9,0,0,0,0,0,0,3,11,0,69,38,6,2,0,3,2,5084,0
1951,Master,With_Partner,39767.0,0,0,2013-07-21,18,113,61,204,34,26,47,2,7,1,7,8,0,0,0,0,0,0,3,11,0,75,485,17,0,0,2,2,4780,0
1951,Basic,With_Partner,26997.0,0,0,2012-11-05,89,7,23,78,133,49,144,2,4,2,5,7,0,0,0,0,0,0,3,11,0,75,434,13,0,0,0,2,5038,0
1970,Graduation,Alone,33986.0,1,0,2013-03-14,43,16,2,18,2,1,5,1,1,0,3,7,0,0,0,0,0,0,3,11,0,56,44,5,1,0,1,0,4909,0
1972,PhD,With_Partner,57091.0,0,1,2012-11-23,82,462,0,24,6,0,4,2,9,2,5,7,0,1,0,0,0,0,3,11,1,54,496,18,1,1,3,2,5020,0
1969,Basic,With_Partner,46831.0,1,1,2013-06-08,84,22,2,10,6,4,34,2,1,2,2,4,0,0,0,0,0,0,3,11,0,57,78,7,2,0,0,2,4823,0
1972,Master,With_Partner,83151.0,0,0,2013-02-10,80,968,147,842,137,42,210,1,5,7,10,2,1,0,1,1,0,0,3,11,1,54,2346,23,0,3,2,2,4941,0
1971,Graduation,With_Partner,52531.0,0,0,2012-12-30,68,283,112,151,51,72,125,2,7,2,10,6,0,0,0,0,0,0,3,11,0,55,794,21,0,0,1,2,4983,0
1956,Graduation,With_Partner,15759.0,0,0,2013-09-05,12,1,2,5,6,0,3,1,1,0,2,7,0,0,0,0,0,0,3,11,0,70,17,4,0,0,1,2,4734,0
1973,Basic,With_Partner,43050.0,1,0,2014-03-18,10,30,5,24,6,3,8,2,2,0,4,5,0,0,0,0,0,0,3,11,0,53,76,8,1,0,0,2,4540,0
1977,PhD,Alone,42997.0,1,1,2013-12-07,91,4,0,5,0,1,5,1,1,0,2,7,0,0,0,0,0,0,3,11,0,49,15,4,2,0,3,0,4641,0
1963,PhD,Alone,48918.0,1,1,2014-04-12,21,52,0,9,0,0,1,2,1,0,4,4,0,0,0,0,0,0,3,11,0,63,62,7,2,0,3,0,4515,0
1954,Master,With_Partner,60033.0,0,1,2014-03-29,28,62,1,57,19,11,48,2,2,1,5,2,0,0,0,0,0,0,3,11,0,72,198,10,1,0,2,2,4529,0
1978,PhD,With_Partner,34043.0,1,0,2013-10-25,97,20,2,14,3,0,10,1,2,0,2,9,0,0,0,0,0,0,3,11,0,48,49,5,1,0,3,2,4684,0
1966,Graduation,With_Partner,57811.0,0,1,2013-06-24,49,545,7,114,37,21,78,5,7,2,11,5,0,1,0,0,0,0,3,11,0,60,802,25,1,1,1,2,4807,0
1946,Graduation,With_Partner,78569.0,0,0,2014-02-19,14,558,79,622,207,175,95,1,4,6,4,1,0,0,1,0,0,0,3,11,1,80,1736,15,0,1,1,2,4567,0
1978,Graduation,Alone,7500.0,1,1,2012-12-27,5,6,5,4,13,4,25,4,2,1,3,6,0,0,0,0,0,0,3,11,0,48,57,10,2,0,1,0,4986,0
1971,Master,With_Partner,157733.0,1,0,2013-06-04,37,39,1,9,2,0,8,0,1,0,1,1,0,0,0,0,0,0,3,11,0,55,59,2,1,0,2,2,4827,0
1985,Basic,With_Partner,23148.0,0,0,2014-02-18,83,4,6,8,6,3,10,1,2,0,3,7,0,0,0,0,0,0,3,11,0,41,37,6,0,0,0,2,4568,0
1970,Graduation,Alone,44267.0,1,1,2013-02-25,48,183,5,65,3,5,49,5,5,2,4,9,0,0,0,0,0,0,3,11,0,56,310,16,2,0,1,0,4926,0
1979,Graduation,With_Partner,71626.0,0,0,2012-11-01,94,546,72,376,94,145,72,1,5,5,8,3,0,1,0,0,0,0,3,11,0,47,1305,19,0,1,1,2,5042,0
1966,Graduation,With_Partner,60894.0,0,1,2013-06-28,61,606,7,155,10,0,54,5,10,3,8,7,0,0,0,0,0,0,3,11,0,60,832,26,1,0,1,2,4803,0
1976,Graduation,With_Partner,50200.0,1,1,2013-04-03,70,266,6,51,8,6,64,6,7,1,5,8,0,0,0,0,0,0,3,11,0,50,401,19,2,0,1,2,4889,0
1965,PhD,With_Partner,81051.0,0,0,2014-05-23,43,1142,29,249,38,29,14,1,5,5,12,2,0,1,1,0,0,0,3,11,0,61,1501,23,0,2,3,2,4474,0
1982,Graduation,With_Partner,65169.0,0,0,2014-01-14,23,1074,0,69,0,0,46,1,10,4,13,6,1,0,1,1,1,0,3,11,1,44,1189,28,0,4,1,2,4603,0
1972,Graduation,With_Partner,59868.0,0,1,2013-07-22,37,771,51,154,54,10,154,7,11,2,12,6,0,0,0,0,0,0,3,11,0,54,1194,32,1,0,1,2,4779,0
1960,PhD,With_Partner,65695.0,0,1,2014-01-31,50,371,32,189,0,58,6,2,5,4,10,4,0,0,0,0,0,0,3,11,0,66,656,21,1,0,3,2,4586,0
1956,Master,Alone,64857.0,0,0,2012-11-23,78,556,14,717,210,0,43,1,7,5,10,4,0,0,0,0,0,0,3,11,0,70,1540,23,0,0,2,0,5020,0
1965,Master,With_Partner,45143.0,0,1,2013-08-26,74,202,5,74,11,5,14,3,6,1,5,7,0,0,0,0,0,0,3,11,0,61,311,15,1,0,2,2,4744,0
1955,Basic,With_Partner,74805.0,0,1,2013-11-06,14,209,162,209,41,162,37,5,4,7,10,2,0,0,0,0,0,0,3,11,0,71,820,26,1,0,0,2,4672,0
1989,Basic,With_Partner,59060.0,1,0,2014-01-11,77,35,40,111,36,40,12,3,3,1,7,4,0,0,0,0,0,0,3,11,0,37,274,14,1,0,0,2,4606,0
1962,PhD,Alone,27238.0,1,1,2013-04-20,39,37,0,17,0,0,3,3,3,0,3,9,0,0,0,0,0,0,3,11,0,64,57,9,2,0,3,0,4872,0
1965,Graduation,With_Partner,47009.0,0,1,2013-10-01,89,171,45,73,59,10,90,4,3,2,8,4,0,0,0,0,0,0,3,11,0,61,448,17,1,0,1,2,4708,0
1973,Basic,With_Partner,46094.0,1,1,2014-06-10,62,12,2,20,3,2,5,1,1,0,3,7,0,0,0,0,0,0,3,11,0,53,44,5,2,0,0,2,4456,0
1984,Graduation,With_Partner,37235.0,1,0,2014-02-01,68,20,2,9,4,6,20,1,1,1,2,4,0,0,0,0,0,0,3,11,0,42,61,5,1,0,1,2,4585,0
1960,Master,With_Partner,81843.0,0,0,2013-04-22,13,779,86,537,34,69,138,1,5,9,12,3,0,0,0,0,0,0,3,11,0,66,1643,27,0,0,2,2,4870,0
1958,Master,With_Partner,46692.0,0,1,2013-06-06,37,170,6,97,24,12,88,3,6,1,5,6,0,0,0,0,0,0,3,11,0,68,397,15,1,0,2,2,4825,0
1968,Graduation,With_Partner,77382.0,0,1,2014-01-07,36,491,48,231,112,105,134,2,5,7,12,1,0,0,1,0,0,0,3,11,0,58,1121,26,1,1,1,2,4610,0
1977,Graduation,Alone,37774.0,2,0,2012-09-03,28,173,8,107,7,2,176,4,7,2,3,9,1,0,0,0,0,1,3,11,1,49,473,16,2,1,1,0,5101,1
1974,Basic,With_Partner,18393.0,1,0,2014-03-29,2,7,10,13,16,0,4,2,3,0,3,8,0,0,0,0,0,0,3,11,0,52,50,8,1,0,0,2,4529,0
1962,Master,With_Partner,72828.0,0,1,2013-02-14,17,1205,0,235,19,14,205,6,6,3,13,7,0,0,0,0,0,0,3,11,0,64,1678,28,1,0,2,2,4937,0
1982,Graduation,With_Partner,24711.0,0,0,2014-04-18,86,10,7,25,6,3,7,1,3,0,3,7,0,0,0,0,0,0,3,11,0,44,58,7,0,0,1,2,4509,0
1975,PhD,With_Partner,45503.0,1,0,2013-09-25,54,97,4,44,6,1,18,1,3,1,4,5,0,0,0,0,0,0,3,11,0,51,170,9,1,0,3,2,4714,0
1982,Master,Alone,6560.0,0,0,2013-12-12,2,67,11,26,4,3,262,0,1,0,1,17,0,0,0,0,0,0,3,11,0,44,373,2,0,0,2,0,4636,0
1945,PhD,With_Partner,71604.0,0,0,2013-11-17,3,345,53,528,98,75,97,1,8,3,5,4,1,0,0,0,0,0,3,11,1,81,1196,17,0,1,3,2,4661,0
1979,Graduation,With_Partner,27244.0,1,0,2014-03-07,84,6,5,17,3,24,46,2,2,2,2,7,0,0,0,0,0,0,3,11,0,47,101,8,1,0,1,2,4551,0
1969,Graduation,With_Partner,48752.0,1,1,2012-12-12,8,73,57,100,71,15,0,5,6,1,5,9,0,0,0,0,0,0,3,11,1,57,316,17,2,0,1,2,5001,0
1962,Graduation,With_Partner,71434.0,0,1,2013-09-18,4,711,36,217,172,96,168,3,7,4,7,4,0,1,0,1,0,0,3,11,0,64,1400,21,1,2,1,2,4721,0
1948,Graduation,Alone,90842.0,0,0,2013-07-29,57,774,70,118,182,187,93,1,4,9,13,1,0,0,0,0,0,0,3,11,0,78,1424,27,0,0,1,0,4772,0
1978,Master,With_Partner,88097.0,1,0,2012-08-18,24,163,0,480,0,126,75,1,6,5,8,9,0,1,1,1,0,0,3,11,1,48,844,20,1,3,2,2,5117,0
1975,Graduation,With_Partner,51948.0,0,1,2013-09-17,51,82,33,54,71,30,41,2,5,2,4,5,0,0,0,0,0,0,3,11,0,51,311,13,1,0,1,2,4722,0
1982,Graduation,With_Partner,71853.0,0,0,2013-05-08,29,358,108,413,141,97,32,1,2,8,6,1,0,0,0,0,0,0,3,11,0,44,1149,17,0,0,1,2,4854,0
1983,Master,With_Partner,35876.0,0,0,2014-04-20,13,66,2,40,4,3,14,1,3,1,3,6,0,0,0,0,0,0,3,11,0,43,129,8,0,0,2,2,4507,0
1952,Graduation,Alone,40049.0,0,1,2013-10-16,23,13,6,7,0,3,3,1,1,0,3,6,0,0,0,0,0,0,3,11,0,74,32,5,1,0,1,0,4693,0
1982,Graduation,Alone,39660.0,1,0,2012-08-08,36,139,13,78,20,13,36,3,7,1,3,9,0,0,0,0,0,0,3,11,1,44,299,14,1,0,1,0,5127,0
1962,Graduation,With_Partner,50127.0,0,1,2014-05-29,88,274,0,21,4,6,15,1,5,1,6,6,0,1,0,0,0,0,3,11,0,64,320,13,1,1,1,2,4468,0
1977,Master,With_Partner,43263.0,0,1,2012-11-21,2,262,6,61,0,10,102,3,5,2,6,5,0,0,0,0,0,0,3,11,0,49,441,16,1,0,2,2,5022,0
1949,Master,With_Partner,62845.0,1,1,2012-10-01,3,1099,0,45,0,0,34,11,3,4,10,8,0,1,0,0,0,0,3,11,1,77,1178,28,2,1,2,2,5073,0
1990,Graduation,With_Partner,18929.0,0,0,2013-02-16,15,32,0,8,23,4,18,1,1,0,4,6,0,0,0,0,0,0,3,11,0,36,85,6,0,0,1,2,4935,0
1982,Basic,Alone,24367.0,1,0,2013-03-20,58,2,4,2,0,11,5,1,1,0,2,9,0,0,0,0,0,0,3,11,0,44,24,4,1,0,0,0,4903,0
1959,Basic,With_Partner,26887.0,0,1,2013-02-10,27,6,7,4,3,4,6,1,1,0,3,6,0,0,0,0,0,0,3,11,0,67,30,5,1,0,0,2,4941,0
1976,Graduation,With_Partner,62061.0,0,1,2013-08-31,12,641,7,84,0,30,38,3,10,4,7,6,0,1,0,0,0,0,3,11,0,50,800,24,1,1,1,2,4739,0
1956,PhD,With_Partner,76542.0,0,0,2013-03-30,91,794,73,573,0,29,14,1,4,8,10,2,0,0,0,0,0,0,3,11,0,70,1483,23,0,0,3,2,4893,0
1993,Graduation,Alone,70515.0,0,0,2013-10-21,12,420,0,452,182,64,140,1,6,6,4,2,0,0,0,0,0,0,3,11,1,33,1258,17,0,0,1,0,4688,0
1987,Graduation,With_Partner,18227.0,1,0,2012-11-08,21,1,2,7,4,3,11,1,0,1,2,8,0,0,0,0,0,0,3,11,0,39,28,4,1,0,1,2,5035,0
1965,Graduation,With_Partner,69139.0,0,1,2014-01-27,23,86,12,75,33,15,6,1,4,1,5,4,0,0,0,0,0,0,3,11,0,61,227,11,1,0,1,2,4590,0
1982,Graduation,With_Partner,69109.0,0,0,2012-11-09,10,823,25,459,124,29,95,1,6,6,7,4,0,0,1,0,0,0,3,11,1,44,1555,20,0,1,1,2,5034,0
1962,Graduation,Alone,69627.0,0,1,2013-03-17,35,231,161,215,171,30,53,2,8,2,11,5,0,0,0,0,0,0,3,11,0,64,861,23,1,0,1,0,4906,0
1978,Graduation,With_Partner,38136.0,1,0,2013-04-22,69,8,15,27,0,20,33,2,3,1,2,8,1,0,0,0,0,0,3,11,0,48,103,8,1,1,1,2,4870,0
1946,PhD,Alone,62159.0,0,0,2014-04-28,68,182,17,259,77,70,29,1,6,2,10,4,0,0,0,0,0,0,3,11,0,80,634,19,0,0,3,0,4499,0
1963,Graduation,Alone,80695.0,0,0,2013-12-29,85,557,129,984,193,37,18,1,5,8,5,2,0,0,0,0,0,0,3,11,0,63,1918,19,0,0,1,0,4619,0
1971,Master,Alone,33316.0,1,1,2013-10-04,34,79,1,31,4,4,12,3,2,1,4,6,0,0,0,0,0,0,3,11,0,55,131,10,2,0,2,0,4705,0
1968,Graduation,With_Partner,58554.0,1,1,2012-09-26,55,368,24,68,38,0,88,6,8,2,6,7,0,0,0,0,0,0,3,11,0,58,586,22,2,0,1,2,5078,0
1992,Basic,With_Partner,17256.0,1,0,2013-11-23,10,6,4,14,8,8,22,2,2,1,2,8,1,0,0,0,0,0,3,11,0,34,62,7,1,1,0,2,4655,0
1974,Graduation,Alone,53034.0,1,1,2013-05-30,30,160,15,196,15,11,50,8,6,1,7,8,0,0,0,0,0,0,3,11,0,52,447,22,2,0,1,0,4832,0
1950,Basic,With_Partner,52203.0,0,0,2012-07-31,36,488,21,238,56,108,28,1,8,7,11,6,0,0,0,0,0,0,3,11,0,76,939,27,0,0,0,2,5135,0
1977,Basic,Alone,59601.0,0,1,2013-07-25,14,691,7,69,0,7,23,4,2,2,7,8,0,1,0,0,0,0,3,11,0,49,797,15,1,1,0,0,4776,0
1958,Master,Alone,75154.0,0,1,2012-09-04,79,543,10,205,160,143,82,1,6,3,6,3,0,0,0,0,0,0,3,11,1,68,1143,16,1,0,2,0,5100,0
1976,Graduation,Alone,47025.0,0,1,2013-11-07,52,254,7,108,20,0,26,3,6,3,5,6,0,0,0,0,0,0,3,11,0,50,415,17,1,0,1,0,4671,0
1973,Graduation,With_Partner,37971.0,1,0,2013-11-25,97,5,4,10,2,2,7,1,1,0,3,8,0,0,0,0,0,0,3,11,0,53,30,5,1,0,1,2,4653,0
1958,Graduation,With_Partner,67267.0,0,1,2014-05-13,0,134,11,59,15,2,30,1,3,2,5,2,0,0,0,0,0,0,3,11,0,68,251,11,1,0,1,2,4484,0
1975,Graduation,Alone,57338.0,0,1,2014-04-29,96,143,6,52,11,8,17,2,4,1,5,5,0,0,0,0,0,0,3,11,0,51,237,12,1,0,1,0,4498,0
1960,Basic,With_Partner,50523.0,1,1,2013-12-25,89,51,4,24,4,7,1,2,2,0,4,6,0,0,0,0,0,0,3,11,0,66,91,8,2,0,0,2,4623,0
1960,PhD,Alone,50611.0,0,1,2012-10-04,98,459,0,24,6,0,4,6,4,5,7,6,0,1,0,0,0,0,3,11,0,66,493,22,1,1,3,0,5070,0
1969,PhD,With_Partner,56242.0,0,1,2013-03-03,72,689,8,167,11,8,88,5,8,4,11,6,0,0,0,0,0,0,3,11,0,57,971,28,1,0,3,2,4920,0
1960,Graduation,Alone,48904.0,0,1,2012-12-02,1,283,10,38,0,13,27,4,7,2,4,8,0,0,0,0,0,0,3,11,0,66,371,17,1,0,1,0,5011,0
1975,Graduation,Alone,56243.0,1,2,2013-12-30,26,347,0,35,4,3,7,6,4,2,8,5,0,0,0,0,0,0,3,11,0,51,396,20,3,0,1,0,4618,0
1985,Graduation,With_Partner,21355.0,1,0,2013-08-20,5,5,13,14,0,5,31,2,2,1,2,6,1,0,0,0,0,0,3,11,1,41,68,7,1,1,1,2,4750,0
1971,Master,With_Partner,57420.0,0,1,2013-06-25,22,280,0,18,0,0,24,3,5,1,6,7,0,1,0,0,0,0,3,11,0,55,322,15,1,1,2,2,4806,0
1970,Master,With_Partner,,0,1,2013-04-01,39,187,5,65,26,20,14,2,4,2,6,5,0,0,0,0,0,0,3,11,0,56,317,14,1,0,2,2,4891,0
1955,Master,Alone,46390.0,0,1,2014-05-05,56,95,14,64,2,9,38,1,4,2,3,7,0,0,0,0,0,0,3,11,0,71,222,10,1,0,2,0,4492,0
1956,Basic,With_Partner,54342.0,1,1,2013-07-03,74,84,10,34,11,10,28,4,3,1,4,6,0,0,0,0,0,0,3,11,0,70,177,12,2,0,0,2,4798,0
1958,Graduation,With_Partner,,1,1,2012-09-03,87,19,4,12,2,2,6,1,1,0,3,5,0,0,0,0,0,0,3,11,0,68,45,5,2,0,1,2,5101,0
1964,Basic,Alone,,1,1,2014-01-12,49,5,1,9,2,0,4,1,1,0,2,7,0,0,0,0,0,0,3,11,0,62,21,4,2,0,0,0,4605,0
1973,Graduation,With_Partner,20895.0,1,0,2012-10-06,24,18,3,17,3,0,4,1,2,0,3,9,0,0,0,0,0,0,3,11,0,53,45,6,1,0,1,2,5068,0
1948,Graduation,With_Partner,92344.0,0,0,2014-01-15,9,992,24,694,51,19,119,0,5,10,5,1,1,0,1,0,0,0,3,11,0,78,1899,20,0,2,1,2,4602,0
1972,PhD,With_Partner,,1,0,2014-03-02,17,25,1,13,0,0,3,1,1,0,3,7,0,0,0,0,0,0,3,11,0,54,42,5,1,0,3,2,4556,0
1980,Graduation,With_Partner,44964.0,1,1,2012-12-16,35,19,1,17,2,0,2,1,1,0,3,8,0,0,0,0,0,0,3,11,0,46,41,5,2,0,1,2,4997,0
1972,Master,With_Partner,53761.0,1,1,2013-10-11,7,158,0,76,13,7,71,6,4,4,3,5,0,0,0,0,0,0,3,11,0,54,325,17,2,0,2,2,4698,0
1973,Graduation,With_Partner,22682.0,1,0,2013-10-03,51,10,14,29,4,2,36,3,2,1,4,4,0,0,0,0,0,0,3,11,0,53,95,10,1,0,1,2,4706,0
1972,PhD,With_Partner,38887.0,1,0,2014-03-02,17,25,1,13,0,0,3,1,1,0,3,7,0,0,0,0,0,0,3,11,0,54,42,5,1,0,3,2,4556,0
1975,Basic,Alone,41658.0,1,1,2012-11-09,30,8,4,12,15,4,29,2,1,1,2,4,0,0,0,0,0,0,3,11,0,51,72,6,2,0,0,0,5034,0
1972,PhD,With_Partner,29791.0,1,0,2014-05-15,21,14,0,6,0,0,0,2,2,0,3,5,0,0,0,0,0,0,3,11,0,54,20,7,1,0,3,2,4482,0
1956,Master,With_Partner,63915.0,0,2,2013-07-30,2,622,7,115,30,0,15,2,6,3,12,5,0,0,0,0,0,0,3,11,0,70,789,23,2,0,2,2,4771,0
1974,Graduation,Alone,39996.0,1,1,2014-05-22,85,11,0,3,0,0,1,1,1,0,2,6,0,0,0,0,0,0,3,11,0,52,15,4,2,0,1,0,4475,0
1972,Graduation,Alone,26759.0,1,0,2014-02-07,65,25,3,16,8,5,2,2,2,1,3,6,0,0,0,0,0,0,3,11,0,54,59,8,1,0,1,0,4579,0
1969,PhD,With_Partner,51039.0,1,1,2012-12-10,11,100,64,79,65,0,109,2,6,2,4,7,0,0,0,0,0,0,3,11,0,57,417,14,2,0,3,2,5003,0
1961,Graduation,With_Partner,60544.0,1,1,2012-08-25,92,201,2,43,3,5,35,4,5,1,5,6,0,0,0,0,0,0,3,11,0,65,289,15,2,0,1,2,5110,0
1953,Graduation,With_Partner,37716.0,0,1,2014-04-21,4,97,1,41,6,2,41,2,4,1,3,7,0,0,0,0,0,0,3,11,0,73,188,10,1,0,1,2,4506,0
1957,Graduation,Alone,36864.0,0,1,2012-08-13,53,204,5,39,17,0,89,3,5,2,4,8,0,0,0,0,0,0,3,11,1,69,354,14,1,0,1,0,5122,0
1970,Master,With_Partner,44511.0,1,0,2012-10-12,39,513,7,133,46,14,14,6,8,4,8,8,0,0,0,0,0,0,3,11,0,56,727,26,1,0,2,2,5062,0
1967,PhD,With_Partner,36947.0,1,1,2012-08-07,49,88,3,21,4,1,29,4,3,0,4,9,0,0,0,0,0,0,3,11,0,59,146,11,2,0,3,2,5128,0
1953,Master,With_Partner,67087.0,0,1,2013-12-17,40,329,35,222,130,35,43,2,7,5,8,4,0,0,0,0,0,0,3,11,0,73,794,22,1,0,2,2,4631,0
1950,Graduation,With_Partner,57045.0,0,1,2012-09-08,40,296,13,104,11,13,17,3,4,2,9,3,0,0,0,0,0,0,3,11,0,76,454,18,1,0,1,2,5096,0
1953,PhD,Alone,36957.0,1,1,2012-09-06,43,100,2,16,2,1,31,4,3,2,2,9,0,0,0,0,0,0,3,11,1,73,152,11,2,0,3,0,5098,0
1977,PhD,With_Partner,69389.0,0,1,2012-09-28,17,422,7,238,69,46,15,1,7,2,12,4,0,0,0,0,0,0,3,11,0,49,797,22,1,0,3,2,5076,0
1969,Master,With_Partner,43142.0,1,1,2014-02-18,84,5,1,7,2,1,4,1,1,0,2,7,0,0,0,0,0,0,3,11,0,57,20,4,2,0,2,2,4568,0
1944,Graduation,With_Partner,80589.0,0,0,2014-01-22,25,507,93,520,242,40,26,1,5,10,5,1,0,0,0,1,0,0,3,11,1,82,1428,21,0,1,1,2,4595,0
1990,Graduation,Alone,34412.0,1,0,2013-02-13,62,52,12,50,4,36,55,3,5,0,3,9,0,0,0,0,0,0,3,11,0,36,209,11,1,0,1,0,4938,0
1979,Graduation,Alone,57537.0,1,0,2013-06-10,83,191,56,139,51,8,100,4,4,3,8,4,0,0,0,0,0,0,3,11,0,47,545,19,1,0,1,0,4821,0
1948,Graduation,With_Partner,51315.0,0,0,2014-02-23,45,68,28,39,16,30,41,1,2,2,5,2,0,0,0,0,0,0,3,11,0,78,222,10,0,0,1,2,4563,0
1972,Graduation,With_Partner,36026.0,2,1,2014-03-16,34,20,4,10,6,4,17,2,2,0,3,6,0,0,0,0,0,0,3,11,0,54,61,7,3,0,1,2,4542,0
1973,Graduation,With_Partner,24639.0,1,1,2014-01-28,3,20,3,16,0,4,1,3,2,0,4,6,0,0,0,0,0,0,3,11,0,53,44,9,2,0,1,2,4589,0
1972,PhD,With_Partner,34578.0,2,1,2014-04-11,1,7,0,1,0,0,0,1,1,0,2,6,0,0,0,0,0,0,3,11,0,54,8,4,3,0,3,2,4516,0
1972,Basic,Alone,65704.0,0,0,2013-10-13,18,279,172,74,38,8,246,1,2,10,10,1,0,0,0,0,0,0,3,11,0,54,817,23,0,0,0,0,4696,0
1969,PhD,With_Partner,54132.0,0,1,2014-02-16,81,30,1,8,0,0,3,1,1,0,3,7,0,0,0,0,0,0,3,11,0,57,42,5,1,0,3,2,4570,0
1970,Graduation,With_Partner,28164.0,1,0,2013-05-04,23,3,18,26,11,8,12,3,2,0,4,7,0,0,0,0,0,0,3,11,0,56,78,9,1,0,1,2,4858,0
1974,PhD,With_Partner,34596.0,1,0,2013-04-13,48,14,0,2,0,0,7,1,1,0,2,8,0,0,0,0,0,0,3,11,0,52,23,4,1,0,3,2,4879,0
1972,PhD,With_Partner,43269.0,1,0,2013-09-16,61,10,1,7,0,0,1,1,1,0,2,8,0,0,0,0,0,0,3,11,0,54,19,4,1,0,3,2,4723,0
1958,Basic,Alone,38741.0,1,1,2014-03-30,60,7,10,17,8,6,13,2,2,0,3,7,0,0,0,0,0,0,3,11,0,68,61,7,2,0,0,0,4528,0
1972,Graduation,Alone,31907.0,0,0,2013-03-04,75,33,87,64,175,16,74,1,6,1,6,7,0,0,0,0,0,0,3,11,0,54,449,14,0,0,1,0,4919,0
1973,Basic,Alone,31163.0,1,0,2014-02-13,54,2,3,10,11,2,10,1,1,0,3,6,0,0,0,0,0,0,3,11,0,53,38,5,1,0,0,0,4573,0
1985,Graduation,With_Partner,92533.0,0,0,2013-12-19,84,693,21,118,110,147,42,1,6,5,11,2,0,0,1,1,0,0,3,11,0,41,1131,23,0,2,1,2,4629,0
1973,Graduation,Alone,34853.0,1,1,2013-12-23,75,9,3,15,2,3,2,2,2,0,3,6,0,0,0,0,0,0,3,11,0,53,34,7,2,0,1,0,4625,0
1967,Graduation,Alone,70844.0,1,1,2013-10-30,16,129,26,67,3,67,2,5,6,1,5,7,0,0,0,0,0,0,3,11,0,59,294,17,2,0,1,0,4679,0
1979,Basic,With_Partner,31086.0,1,1,2013-05-04,79,16,2,11,3,0,16,2,1,1,2,8,1,0,0,0,0,0,3,11,0,47,48,6,2,1,0,2,4858,0
1986,Basic,With_Partner,20491.0,0,0,2013-01-25,16,5,4,5,4,2,10,1,0,1,2,7,0,0,0,0,0,0,3,11,0,40,30,4,0,0,0,2,4957,0
1964,Graduation,With_Partner,42523.0,0,0,2014-04-23,96,14,36,11,3,26,35,1,1,1,4,2,0,0,0,0,0,0,3,11,0,62,125,7,0,0,1,2,4504,0
1952,Graduation,With_Partner,33402.0,1,1,2013-07-18,60,26,2,19,10,5,8,3,2,1,3,8,0,0,0,0,0,0,3,11,0,74,70,9,2,0,1,2,4783,0
1949,Master,With_Partner,36408.0,1,1,2013-09-21,11,9,1,4,3,2,3,1,1,0,2,6,0,0,0,0,0,0,3,11,0,77,22,4,2,0,2,2,4718,0
1979,Graduation,With_Partner,21645.0,1,0,2012-09-03,75,14,0,23,4,5,19,3,3,0,3,9,0,0,0,0,0,0,3,11,1,47,65,9,1,0,1,2,5101,0
1948,Master,Alone,78427.0,0,0,2012-10-24,36,972,19,595,180,26,138,3,3,7,10,3,0,0,0,1,0,0,3,11,1,78,1930,23,0,1,2,0,5050,0
1946,Graduation,With_Partner,82657.0,0,0,2013-09-27,71,966,168,672,246,105,126,1,7,5,10,4,0,1,0,1,0,0,3,11,0,80,2283,23,0,2,1,2,4712,0
1958,Graduation,With_Partner,51876.0,0,0,2013-10-15,88,99,27,102,28,48,6,1,2,2,8,1,0,0,0,0,0,0,3,11,0,68,310,13,0,0,1,2,4694,0
1971,Basic,With_Partner,78041.0,0,0,2012-12-16,93,482,35,553,72,160,17,1,4,4,9,2,0,0,0,0,0,0,3,11,0,55,1319,18,0,0,0,2,4997,0
1957,Graduation,With_Partner,52852.0,0,1,2012-12-01,93,714,8,99,11,0,47,4,10,7,5,8,1,0,0,0,0,0,3,11,0,69,879,26,1,1,1,2,5012,0
1982,PhD,With_Partner,70038.0,0,0,2013-10-25,54,587,54,348,71,54,130,1,4,4,8,2,0,0,0,0,0,0,3,11,0,44,1244,17,0,0,3,2,4684,0
1973,Basic,With_Partner,69401.0,0,1,2014-03-23,41,399,27,159,58,8,39,4,4,4,5,2,0,0,0,0,0,0,3,11,0,53,690,17,1,0,0,2,4535,0
1972,Graduation,With_Partner,46053.0,1,0,2013-02-17,46,56,10,92,19,7,25,3,3,2,4,5,0,0,0,0,0,0,3,11,0,54,209,12,1,0,1,2,4934,0
1965,Graduation,With_Partner,77343.0,0,0,2014-06-09,28,227,151,573,98,54,31,1,3,4,9,1,0,0,0,0,0,0,3,11,0,61,1134,17,0,0,1,2,4457,0
1953,Graduation,Alone,73892.0,0,0,2013-11-13,40,703,102,601,0,58,43,1,3,11,8,1,0,0,0,0,0,0,3,11,1,73,1507,23,0,0,1,0,4665,0
1967,PhD,Alone,40304.0,1,0,2013-09-30,82,37,0,17,0,0,3,1,2,0,3,7,0,0,0,0,0,0,3,11,0,59,57,6,1,0,3,0,4709,0
1965,PhD,With_Partner,32727.0,0,0,2012-08-28,38,167,13,180,86,13,70,2,7,3,5,8,0,0,0,0,0,0,3,11,0,61,529,17,0,0,3,2,5107,0
1971,Graduation,Alone,43300.0,0,1,2012-10-13,87,91,3,52,2,1,31,3,4,0,4,8,0,0,0,0,0,0,3,11,1,55,180,11,1,0,1,0,5061,0
1972,Graduation,With_Partner,26290.0,1,1,2013-01-12,49,15,8,16,11,5,22,4,2,0,4,6,0,0,0,0,0,0,3,11,0,54,77,10,2,0,1,2,4970,0
1970,Graduation,Alone,93790.0,0,0,2014-02-12,16,1302,68,731,89,114,45,0,6,7,12,2,0,1,1,1,0,0,3,11,1,56,2349,25,0,3,1,0,4574,0
1974,PhD,With_Partner,38410.0,0,0,2012-09-14,65,153,64,123,116,64,14,2,5,2,9,6,0,0,0,0,0,0,3,11,1,52,534,18,0,0,3,2,5090,0
1950,Master,Alone,64866.0,0,1,2014-01-26,9,508,5,21,7,5,10,4,7,3,7,5,0,1,0,0,0,0,3,11,0,76,556,21,1,1,2,0,4591,0
1959,Graduation,With_Partner,57957.0,0,1,2013-08-19,24,290,59,177,77,5,29,7,4,6,8,3,0,0,0,0,0,1,3,11,0,67,637,25,1,0,1,2,4751,1
1978,Graduation,With_Partner,16531.0,1,0,2014-06-18,43,2,13,6,7,5,11,3,3,0,3,7,0,0,0,0,0,0,3,11,0,48,44,9,1,0,1,2,4448,0
1986,Master,With_Partner,28072.0,1,0,2013-07-08,10,30,0,10,2,0,5,1,1,0,3,7,0,0,0,0,0,0,3,11,0,40,47,5,1,0,2,2,4793,0
1963,Master,Alone,49476.0,0,1,2013-06-20,29,386,23,95,54,41,196,4,2,11,5,2,0,0,0,0,0,0,3,11,0,63,795,22,1,0,2,0,4811,0
1953,Graduation,With_Partner,50725.0,0,1,2013-02-13,45,443,10,75,0,10,48,4,8,1,8,8,0,0,0,0,0,0,3,11,0,73,586,21,1,0,1,2,4938,0
1950,PhD,With_Partner,41145.0,1,1,2014-02-08,20,9,0,3,0,0,1,1,0,0,3,3,0,0,0,0,0,0,3,11,0,76,13,4,2,0,3,2,4578,0
1970,Graduation,With_Partner,67419.0,0,1,2013-01-16,29,846,84,352,91,56,42,4,9,4,8,5,0,0,0,0,0,0,3,11,0,56,1471,25,1,0,1,2,4966,0
1970,Basic,With_Partner,23162.0,1,1,2013-12-21,82,8,3,9,19,4,22,3,1,1,3,6,0,0,0,0,0,0,3,11,0,56,65,8,2,0,0,2,4627,0
1977,Graduation,With_Partner,34380.0,1,0,2013-05-02,68,72,7,58,13,1,24,4,4,1,3,8,0,0,0,0,0,0,3,11,0,49,175,12,1,0,1,2,4860,0
1966,Graduation,Alone,34704.0,0,1,2013-04-27,65,29,0,5,0,1,5,1,1,0,3,5,0,0,0,0,0,0,3,11,0,60,40,5,1,0,1,0,4865,0
1969,PhD,With_Partner,94871.0,0,2,2012-09-01,99,169,24,553,188,0,144,1,8,5,4,7,0,1,1,0,0,0,3,11,1,57,1078,18,2,2,3,2,5103,0
1958,Graduation,With_Partner,65148.0,0,1,2012-11-16,9,460,35,422,33,12,153,2,6,6,7,4,0,0,0,0,0,0,3,11,0,68,1115,21,1,0,1,2,5027,0
1954,Graduation,With_Partner,39898.0,0,1,2013-02-12,20,69,8,26,12,7,12,2,3,0,4,7,0,0,0,0,0,0,3,11,0,72,134,9,1,0,1,2,4939,0
1970,PhD,With_Partner,59892.0,0,1,2013-11-02,26,73,0,13,0,1,0,1,2,1,3,3,0,0,0,0,0,0,3,11,0,56,87,7,1,0,3,2,4676,0
1987,Master,Alone,41020.0,0,0,2013-10-28,68,112,1,54,7,7,36,1,3,2,4,3,0,0,0,0,0,0,3,11,0,39,217,10,0,0,2,0,4681,0
1961,PhD,With_Partner,57072.0,0,1,2014-01-24,79,944,0,60,0,0,30,2,7,5,13,5,1,0,0,0,0,0,3,11,0,65,1034,27,1,1,3,2,4593,0
1981,Basic,With_Partner,19414.0,1,0,2013-10-16,32,2,3,12,3,5,7,1,1,0,3,8,0,0,0,0,0,0,3,11,0,45,32,5,1,0,0,2,4693,0
1980,Graduation,With_Partner,19107.0,1,0,2013-08-22,49,2,4,9,10,5,16,2,1,0,3,7,0,0,0,0,0,0,3,11,0,46,46,6,1,0,1,2,4748,0
1976,Basic,With_Partner,75484.0,0,1,2012-08-02,50,378,97,259,197,194,34,2,7,3,6,4,0,0,0,0,0,0,3,11,0,50,1159,18,1,0,0,2,5133,0
1976,Master,Alone,70379.0,0,1,2013-03-03,84,553,25,142,65,67,8,3,6,3,13,4,0,0,0,0,0,0,3,11,0,50,860,25,1,0,2,0,4920,0
1970,Master,With_Partner,79419.0,0,0,2014-06-22,96,751,127,687,20,15,31,1,4,6,4,2,0,0,0,0,0,0,3,11,0,56,1631,15,0,0,2,2,4444,0
1946,PhD,With_Partner,64014.0,2,1,2014-06-10,56,406,0,30,0,0,8,7,8,2,5,7,0,0,0,1,0,0,3,11,0,80,444,22,3,1,3,2,4456,0
1955,Graduation,With_Partner,76998.0,0,1,2013-01-11,85,1449,89,161,69,35,107,2,11,8,8,6,0,0,1,0,0,0,3,11,0,71,1910,29,1,1,1,2,4971,0
1972,Master,With_Partner,49854.0,1,0,2013-11-10,63,123,17,171,39,0,30,5,6,2,5,6,0,0,0,0,0,0,3,11,0,54,380,18,1,0,2,2,4668,0
1971,PhD,With_Partner,60585.0,1,1,2013-06-24,17,267,42,309,55,42,21,10,7,4,9,5,0,0,0,0,0,0,3,11,1,55,736,30,2,0,3,2,4807,0
1950,PhD,Alone,42873.0,1,1,2013-01-21,11,209,0,40,3,2,15,4,6,1,4,8,0,0,0,0,0,0,3,11,0,76,269,15,2,0,3,0,4961,0
1988,Graduation,With_Partner,87679.0,0,0,2013-07-27,62,1259,172,815,97,148,33,1,7,11,10,4,1,0,1,1,0,0,3,11,1,38,2524,29,0,3,1,2,4774,0
1978,Graduation,With_Partner,57867.0,1,0,2013-10-01,48,344,35,178,15,23,17,7,7,2,9,6,0,0,0,0,0,0,3,11,0,48,612,25,1,0,1,2,4708,0
1990,Graduation,With_Partner,35765.0,1,0,2013-12-11,86,22,3,30,0,5,15,2,2,0,4,6,0,0,0,0,0,0,3,11,0,36,75,8,1,0,1,2,4637,0
1959,Graduation,With_Partner,65492.0,0,0,2014-01-26,73,247,161,295,210,85,47,2,4,7,13,2,0,0,0,0,0,0,3,11,0,67,1045,26,0,0,1,2,4591,0
1977,Graduation,Alone,32952.0,1,0,2013-12-01,36,38,0,12,3,1,1,1,2,0,3,7,0,0,0,0,0,0,3,11,0,49,55,6,1,0,1,0,4647,0
1969,PhD,With_Partner,53374.0,0,1,2012-08-16,34,896,10,101,13,10,34,6,4,2,9,9,1,0,0,0,0,0,3,11,1,57,1064,21,1,1,3,2,5119,0
1959,Graduation,With_Partner,71706.0,0,1,2012-11-13,16,931,56,253,91,98,14,4,9,5,7,5,0,0,0,0,0,0,3,11,0,67,1443,25,1,0,1,2,5030,0
1988,Graduation,With_Partner,68487.0,0,0,2013-01-13,48,758,12,385,33,89,89,1,9,7,13,4,0,0,0,0,0,0,3,11,0,38,1366,30,0,0,1,2,4969,0
1975,Master,With_Partner,53253.0,1,1,2013-02-11,61,216,9,57,20,9,125,7,4,3,5,5,0,0,0,0,0,0,3,11,0,51,436,19,2,0,2,2,4940,0
1977,Graduation,With_Partner,42014.0,1,0,2012-08-17,56,244,15,108,4,15,50,6,7,1,6,8,0,0,0,0,0,0,3,11,1,49,436,20,1,0,1,2,5118,0
1973,Master,With_Partner,54108.0,1,1,2012-11-05,74,539,6,91,8,6,97,13,8,2,9,8,0,0,0,0,0,0,3,11,0,53,747,32,2,0,2,2,5038,0
1955,PhD,Alone,49667.0,0,0,2012-08-20,35,1181,26,120,17,13,39,2,5,10,5,8,1,0,0,0,0,0,3,11,1,71,1396,22,0,1,3,0,5115,0
1974,Master,With_Partner,63206.0,0,0,2014-03-20,65,750,8,125,11,8,26,1,4,3,6,2,0,0,1,0,0,0,3,11,0,52,928,14,0,1,2,2,4538,0
1972,Master,With_Partner,57136.0,1,1,2013-07-09,48,306,5,109,21,109,92,9,5,2,10,6,0,0,0,0,0,0,3,11,0,54,642,26,2,0,2,2,4792,0
1975,Basic,With_Partner,46772.0,0,1,2012-11-07,88,350,104,189,197,151,57,6,11,8,5,8,1,0,0,0,0,0,3,11,0,51,1048,30,1,1,0,2,5036,0
1971,PhD,With_Partner,78931.0,0,0,2013-10-25,19,331,197,170,58,152,35,1,2,8,13,1,0,0,0,0,0,0,3,11,0,55,943,24,0,0,3,2,4684,0
1958,Graduation,With_Partner,53977.0,0,1,2013-06-08,21,620,16,165,0,24,82,5,5,5,12,5,0,0,0,0,0,0,3,11,0,68,907,27,1,0,1,2,4823,0
1965,Graduation,With_Partner,73538.0,0,1,2012-11-25,92,811,76,428,99,137,107,3,10,4,9,7,0,0,0,0,0,0,3,11,0,61,1658,26,1,0,1,2,5018,0
1986,Graduation,With_Partner,79529.0,0,0,2014-04-27,1,423,42,706,73,197,197,1,4,8,9,2,0,0,0,0,0,0,3,11,0,40,1638,22,0,0,1,2,4500,0
1977,Basic,With_Partner,20981.0,0,0,2013-04-30,14,2,12,10,6,13,30,1,3,1,2,8,0,0,0,0,0,0,3,11,1,49,73,7,0,0,0,2,4862,0
1980,Graduation,Alone,51766.0,1,0,2014-03-11,74,60,51,87,6,20,51,2,4,2,4,5,0,0,0,0,0,0,3,11,0,46,275,12,1,0,1,0,4547,0
1962,Graduation,With_Partner,55759.0,0,1,2012-11-28,84,675,0,85,10,7,77,5,10,3,8,8,0,0,0,0,0,0,3,11,0,64,854,26,1,0,1,2,5015,0
1972,Master,With_Partner,37787.0,1,0,2013-09-20,50,40,1,40,4,3,18,1,3,0,3,8,0,0,0,0,0,0,3,11,0,54,106,7,1,0,2,2,4719,0
1970,Graduation,Alone,27242.0,1,0,2012-11-11,2,3,17,26,20,1,39,2,2,0,3,9,0,0,0,0,0,0,3,11,1,56,106,7,1,0,1,0,5032,0
1983,PhD,Alone,87188.0,0,0,2013-06-03,73,910,111,724,49,74,55,1,10,2,6,3,0,0,0,0,0,0,3,11,1,43,1923,19,0,0,3,0,4828,0
1971,Graduation,With_Partner,69930.0,0,0,2013-05-26,21,252,98,827,219,70,196,1,4,5,12,3,0,0,0,0,0,0,3,11,0,55,1662,22,0,0,1,2,4836,0
1976,Graduation,Alone,37697.0,1,0,2014-02-07,82,34,6,21,11,4,8,1,2,1,3,6,0,0,0,0,0,0,3,11,0,50,84,7,1,0,1,0,4579,0
1973,Graduation,Alone,3502.0,1,0,2013-04-13,56,2,1,1,0,0,1,0,0,0,0,14,0,0,0,0,0,0,3,11,0,53,5,0,1,0,1,0,4879,0
1976,Graduation,With_Partner,58597.0,1,1,2012-11-20,20,490,0,184,10,28,21,12,7,4,9,7,0,0,0,0,0,0,3,11,0,50,733,32,2,0,1,2,5023,0
1948,PhD,Alone,82032.0,0,0,2014-04-05,54,332,194,377,149,125,57,0,4,6,7,1,0,0,0,0,0,0,3,11,0,78,1234,17,0,0,3,0,4522,0
1958,Graduation,With_Partner,28087.0,1,1,2012-12-11,77,53,8,17,13,0,21,3,2,2,2,7,0,0,0,0,0,0,3,11,0,68,112,9,2,0,1,2,5002,0
1987,PhD,Alone,74004.0,0,0,2014-02-24,5,784,48,560,42,176,48,1,4,6,4,3,0,0,1,1,0,0,3,11,1,39,1658,15,0,2,3,0,4562,0
1960,Graduation,With_Partner,19740.0,0,1,2013-03-24,65,7,11,3,10,4,20,2,1,1,3,5,0,0,0,0,0,0,3,11,0,66,55,7,1,0,1,2,4899,0
1975,Basic,With_Partner,57036.0,0,1,2012-12-11,33,1171,43,219,19,14,47,4,6,3,13,9,1,0,0,0,0,0,3,11,0,51,1513,26,1,1,0,2,5002,0
1958,Basic,With_Partner,53083.0,1,1,2013-05-15,65,215,7,33,3,0,13,6,5,1,5,7,0,1,0,0,0,0,3,11,0,68,271,17,2,1,0,2,4847,0
1975,PhD,With_Partner,69283.0,0,1,2014-06-14,41,674,62,134,0,26,8,4,7,3,13,5,0,0,0,0,0,0,3,11,0,51,904,27,1,0,3,2,4452,0
1975,Master,Alone,46098.0,1,1,2012-08-18,86,57,0,27,0,0,36,4,3,2,2,8,0,0,0,0,0,0,3,11,1,51,120,11,2,0,2,0,5117,0
1988,Basic,With_Partner,23331.0,1,0,2012-09-04,92,5,36,7,0,10,45,2,3,0,3,8,0,0,0,0,0,0,3,11,0,38,103,8,1,0,0,2,5100,0
1988,Basic,Alone,23331.0,1,0,2012-10-05,97,104,20,101,24,15,5,6,5,1,5,9,0,0,0,0,0,0,3,11,0,38,269,17,1,0,0,0,5069,0
1989,Graduation,Alone,9255.0,1,0,2013-12-20,91,9,0,7,2,0,4,1,1,1,2,8,0,0,0,0,0,0,3,11,0,37,22,5,1,0,1,0,4628,0
1959,PhD,Alone,67786.0,0,0,2013-12-07,0,431,82,441,80,20,102,1,3,6,6,1,0,0,0,0,0,0,3,11,1,67,1156,16,0,0,3,0,4641,0
1971,PhD,With_Partner,71969.0,0,1,2012-10-16,59,1000,0,76,0,0,10,3,3,4,9,8,0,1,0,0,0,0,3,11,0,55,1086,19,1,1,3,2,5058,0
1967,Master,Alone,59235.0,1,0,2013-01-12,4,448,40,469,80,0,91,3,11,2,12,7,0,0,0,0,0,0,3,11,0,59,1128,28,1,0,2,0,4970,0
1989,Graduation,With_Partner,31928.0,1,0,2014-03-28,5,33,4,24,4,2,5,2,3,0,4,7,0,0,0,0,0,0,3,11,0,37,72,9,1,0,1,2,4530,0
1961,Master,With_Partner,74881.0,1,1,2013-03-08,48,505,72,270,36,27,54,4,9,2,12,5,0,0,0,0,0,0,3,11,0,65,964,27,2,0,2,2,4915,0
1978,Graduation,With_Partner,65819.0,0,0,2012-11-29,99,267,38,701,149,165,63,1,5,4,10,3,0,0,0,0,0,0,3,11,0,48,1383,20,0,0,1,2,5014,0
1953,PhD,Alone,51411.0,1,2,2013-05-26,81,14,0,3,0,0,1,1,0,0,3,5,0,0,0,0,0,0,3,11,0,73,18,4,3,0,3,0,4836,0
1964,Graduation,Alone,51983.0,0,1,2012-08-31,95,631,0,115,10,7,30,3,9,2,10,7,0,0,0,0,0,0,3,11,0,62,793,24,1,0,1,0,5104,0
1987,Basic,With_Partner,30390.0,0,0,2013-09-02,5,10,12,12,25,1,20,1,2,0,3,6,0,0,0,0,0,0,3,11,0,39,80,6,0,0,0,2,4737,0
1963,Graduation,Alone,30983.0,0,0,2012-11-09,50,51,4,50,12,1,49,1,4,0,3,8,0,0,0,0,0,0,3,11,1,63,167,8,0,0,1,0,5034,0
1957,Graduation,Alone,66033.0,0,1,2013-01-20,76,293,35,179,46,59,65,2,8,3,7,7,0,0,0,0,0,0,3,11,0,69,677,20,1,0,1,0,4962,0
1975,Basic,With_Partner,37284.0,1,1,2013-03-29,46,11,1,2,2,1,6,1,0,0,3,6,0,0,0,0,0,0,3,11,0,51,23,4,2,0,0,2,4894,0
1951,Master,Alone,57530.0,0,1,2013-10-12,68,50,1,27,6,7,1,1,1,1,4,1,0,0,0,0,0,0,3,11,0,75,92,7,1,0,2,0,4697,0
1965,Basic,With_Partner,76800.0,0,0,2014-03-08,33,173,26,255,35,71,81,1,4,4,7,1,0,0,0,0,0,0,3,11,0,61,641,16,0,0,0,2,4550,0
1956,Graduation,With_Partner,63943.0,0,1,2012-09-02,50,423,184,368,13,97,21,1,6,4,6,5,0,0,0,0,0,0,3,11,0,70,1106,17,1,0,1,2,5102,0
1967,Master,With_Partner,37054.0,1,1,2013-09-15,89,12,1,6,0,1,5,2,1,0,3,7,0,0,0,0,0,0,3,11,0,59,25,6,2,0,2,2,4724,0
1962,Master,With_Partner,47175.0,1,1,2012-10-28,81,167,2,44,6,2,19,7,4,2,4,8,1,0,0,0,0,0,3,11,1,64,240,17,2,1,2,2,5046,0
1976,Graduation,Alone,31859.0,1,0,2013-06-14,77,3,1,3,8,0,5,1,1,0,2,7,0,0,0,0,0,0,3,11,0,50,20,4,1,0,1,0,4817,0
1961,Graduation,Alone,27215.0,2,1,2013-01-23,50,30,5,22,8,9,28,4,2,1,4,6,0,0,0,0,0,0,3,11,0,65,102,11,3,0,1,0,4959,0
1976,PhD,Alone,70179.0,0,1,2013-07-21,10,532,88,168,69,44,133,3,7,3,13,5,0,0,0,0,0,0,3,11,0,50,1034,26,1,0,3,0,4780,0
1988,Graduation,With_Partner,24645.0,1,0,2012-11-01,16,5,3,4,4,1,0,1,1,0,2,8,0,0,0,0,0,0,3,11,0,38,17,4,1,0,1,2,5042,0
1954,Graduation,Alone,79865.0,0,1,2014-06-18,12,71,99,278,185,121,38,1,5,10,5,1,0,0,0,0,0,0,3,11,0,72,792,21,1,0,1,0,4448,0
1985,Graduation,With_Partner,44322.0,1,0,2014-06-16,30,46,0,40,3,0,3,2,3,0,3,8,0,0,0,0,0,0,3,11,0,41,92,8,1,0,1,2,4450,0
1952,Graduation,Alone,47958.0,0,1,2013-01-19,8,268,11,88,15,3,22,2,6,3,5,5,0,0,0,0,0,0,3,11,0,74,407,16,1,0,1,0,4963,0
1964,Master,Alone,63972.0,0,1,2012-12-02,93,928,63,254,0,12,12,4,5,4,10,4,0,1,0,0,0,0,3,11,0,62,1269,23,1,1,2,0,5011,0
1954,Graduation,With_Partner,75315.0,0,1,2014-04-15,14,459,15,171,142,23,31,2,5,4,12,2,0,0,0,0,0,0,3,11,0,72,841,23,1,0,1,2,4512,0
1950,PhD,With_Partner,55517.0,1,1,2012-09-27,53,483,0,108,0,6,36,5,11,1,6,9,0,0,0,0,0,0,3,11,1,76,633,23,2,0,3,2,5077,0
1957,PhD,With_Partner,75283.0,1,2,2013-03-27,26,733,9,180,12,19,66,11,6,3,5,4,0,0,0,0,0,0,3,11,0,69,1019,25,3,0,3,2,4896,0
1991,Master,Alone,90638.0,0,0,2014-02-13,29,1156,120,915,94,144,96,1,3,4,10,1,0,0,1,0,0,0,3,11,1,35,2525,18,0,1,2,0,4573,0
1986,Master,With_Partner,27161.0,1,0,2013-10-28,41,7,4,23,7,0,11,1,1,0,3,7,0,0,0,0,0,0,3,11,0,40,52,5,1,0,2,2,4681,0
1960,PhD,With_Partner,38201.0,0,1,2013-03-29,19,233,0,23,0,0,12,4,5,1,5,8,0,0,0,0,0,0,3,11,0,66,268,15,1,0,3,2,4894,0
1982,Graduation,With_Partner,45203.0,2,0,2014-03-23,4,35,3,67,10,8,24,1,3,1,3,6,0,0,0,0,0,0,3,11,1,44,147,8,2,0,1,2,4535,0
1947,PhD,With_Partner,81574.0,0,0,2014-04-28,89,1252,0,465,46,35,0,1,4,5,8,1,0,1,1,0,0,0,3,11,0,79,1798,18,0,2,3,2,4499,0
1976,Master,Alone,60482.0,0,1,2013-01-23,81,255,43,134,37,14,24,1,7,2,7,7,0,0,0,0,0,0,3,11,0,50,507,17,1,0,2,0,4959,0
1956,Graduation,With_Partner,34633.0,2,1,2014-01-23,31,8,1,5,0,0,1,1,1,0,2,6,0,0,0,0,0,0,3,11,0,70,15,4,3,0,1,2,4594,0
1947,Master,With_Partner,78093.0,0,0,2013-12-11,53,368,32,639,13,43,10,1,4,7,5,1,0,0,0,0,0,0,3,11,0,79,1105,17,0,0,2,2,4637,0
1950,Graduation,Alone,82460.0,0,0,2013-12-02,78,255,47,573,52,32,15,1,5,3,6,1,0,0,0,0,0,0,3,11,0,76,974,15,0,0,1,0,4646,0
1966,Master,With_Partner,45903.0,0,1,2014-04-23,80,33,8,10,2,10,3,2,2,1,3,4,0,0,0,0,0,0,3,11,0,60,66,8,1,0,2,2,4504,0
1987,Graduation,Alone,81361.0,0,0,2014-02-25,18,163,23,424,27,65,76,1,3,10,13,1,0,0,0,0,0,0,3,11,1,39,778,27,0,0,1,0,4561,0
1973,PhD,Alone,35860.0,1,1,2014-05-19,37,15,0,8,4,2,20,2,1,1,2,5,1,0,0,0,0,0,3,11,1,53,49,6,2,1,3,0,4478,0
1952,Master,With_Partner,40442.0,1,1,2012-08-19,52,45,12,52,25,22,13,4,3,1,4,7,0,0,0,0,0,0,3,11,1,74,169,12,2,0,2,2,5116,0
1965,Graduation,With_Partner,61482.0,0,0,2014-06-27,39,48,58,68,16,66,43,1,3,2,6,2,0,0,0,0,0,0,3,11,0,61,299,12,0,0,1,2,4439,0
1980,Graduation,With_Partner,34968.0,1,0,2013-04-10,11,158,6,45,8,2,2,7,3,2,5,7,0,0,0,0,0,0,3,11,0,46,221,17,1,0,1,2,4882,0
1987,Graduation,With_Partner,75794.0,0,0,2013-12-24,33,754,160,625,63,32,48,1,7,5,12,3,0,0,0,1,0,0,3,11,0,39,1682,25,0,1,1,2,4624,0
1955,Graduation,With_Partner,74268.0,0,0,2013-02-14,83,199,66,315,97,174,41,1,4,3,5,2,0,0,0,0,0,0,3,11,0,71,892,13,0,0,1,2,4937,0
1988,Basic,With_Partner,13724.0,1,0,2012-08-31,43,2,7,5,2,15,27,1,2,0,2,9,1,0,0,0,0,0,3,11,0,38,58,5,1,1,0,2,5104,0
1967,PhD,Alone,52569.0,0,1,2014-04-05,54,85,0,3,0,0,7,1,2,0,4,3,0,0,0,0,0,0,3,11,0,59,95,7,1,0,3,0,4522,0
1973,PhD,Alone,48432.0,0,1,2012-10-18,3,322,3,50,4,3,42,5,7,1,6,8,0,0,0,0,0,0,3,11,1,53,424,19,1,0,3,0,5056,0
1984,Graduation,Alone,36108.0,1,0,2013-10-15,68,141,8,129,3,11,47,3,7,1,4,9,1,0,0,0,0,0,3,11,0,42,339,15,1,1,1,0,4694,0
1971,Graduation,With_Partner,76445.0,1,0,2012-09-28,2,739,107,309,140,80,35,1,2,5,13,6,0,0,0,0,0,0,3,11,0,55,1410,21,1,0,1,2,5076,0
1975,PhD,With_Partner,36663.0,1,0,2014-04-25,40,18,0,6,3,3,5,1,1,1,3,2,0,0,0,0,0,0,3,11,0,51,35,6,1,0,3,2,4502,0
1965,Master,With_Partner,53843.0,0,1,2013-06-27,64,378,0,88,19,4,73,4,8,5,3,7,0,0,0,0,0,0,3,11,0,61,562,20,1,0,2,2,4804,0
1956,Master,With_Partner,90226.0,0,0,2012-09-26,26,1083,108,649,253,151,108,1,4,7,12,2,0,0,0,1,0,0,3,11,0,70,2352,24,0,1,2,2,5078,0
1955,Master,Alone,70638.0,0,0,2013-06-01,69,1016,12,215,16,12,63,1,4,5,10,3,0,1,0,0,0,0,3,11,0,71,1334,20,0,1,2,0,4830,0
1960,Graduation,With_Partner,44512.0,1,1,2013-08-30,57,23,1,6,0,0,2,2,1,0,3,4,0,0,0,0,0,0,3,11,0,66,32,6,2,0,1,2,4740,0
1961,Graduation,With_Partner,27116.0,1,1,2014-03-02,78,12,1,21,2,2,3,2,2,0,3,7,0,0,0,0,0,0,3,11,0,65,41,7,2,0,1,2,4556,0
1963,PhD,With_Partner,54072.0,1,1,2013-07-27,71,35,0,4,0,0,0,1,2,0,2,8,0,0,0,0,0,0,3,11,0,63,39,5,2,0,3,2,4774,0
1977,Graduation,With_Partner,71855.0,0,1,2013-01-16,59,548,31,422,0,112,28,4,5,5,11,3,0,0,0,0,0,0,3,11,0,49,1141,25,1,0,1,2,4966,0
1990,Basic,Alone,51250.0,1,0,2013-03-30,28,342,32,230,34,32,40,5,10,5,4,9,1,0,0,0,0,0,3,11,0,36,710,24,1,1,0,0,4893,0
1973,Master,With_Partner,60432.0,0,1,2014-03-09,61,365,3,15,4,3,11,5,7,2,5,6,0,0,0,0,0,0,3,11,0,53,401,19,1,0,2,2,4549,0
1978,Basic,With_Partner,12393.0,0,0,2012-12-04,38,5,6,15,11,7,13,1,2,0,3,9,0,0,0,0,0,0,3,11,0,48,57,6,0,0,0,2,5009,0
1990,Graduation,Alone,64509.0,0,0,2013-08-17,19,836,185,575,24,25,77,1,6,3,9,4,1,0,0,0,0,0,3,11,1,36,1722,19,0,1,1,0,4753,0
1975,Graduation,Alone,33955.0,1,0,2013-08-09,92,100,2,128,23,7,10,4,5,1,5,8,0,0,0,0,0,0,3,11,0,51,270,15,1,0,1,0,4761,0
1977,Graduation,With_Partner,31353.0,1,1,2013-12-29,24,10,0,10,3,1,7,2,1,1,2,8,0,0,0,0,0,0,3,11,1,49,31,6,2,0,1,2,4619,0
1984,Graduation,With_Partner,55434.0,1,0,2013-10-05,21,238,115,215,169,69,76,3,5,3,13,4,0,0,0,0,0,0,3,11,0,42,882,24,1,0,1,2,4704,0
1983,Graduation,With_Partner,28359.0,1,0,2013-10-27,35,6,0,5,2,1,2,1,1,0,2,7,0,0,0,0,0,0,3,11,0,43,16,4,1,0,1,2,4682,0
1987,Graduation,Alone,57100.0,1,0,2014-05-18,9,158,11,99,15,11,17,2,3,2,7,3,0,0,0,0,0,0,3,11,0,39,311,14,1,0,1,0,4479,0
1956,Master,With_Partner,52973.0,0,1,2012-11-08,92,856,0,76,12,9,199,7,9,6,9,8,0,0,0,0,0,0,3,11,0,70,1152,31,1,0,2,2,5035,0
1965,PhD,With_Partner,51717.0,0,1,2013-08-20,55,98,1,17,0,1,5,1,3,0,4,7,0,1,0,0,0,0,3,11,0,61,122,8,1,1,3,2,4750,0
1971,Graduation,With_Partner,18793.0,1,0,2013-01-12,14,4,16,20,0,17,20,3,2,0,4,8,0,0,0,0,0,0,3,11,0,55,77,9,1,0,1,2,4970,0
1959,Graduation,Alone,50664.0,1,1,2013-01-16,64,313,8,104,6,4,126,9,8,1,6,9,0,0,0,0,0,0,3,11,0,67,561,24,2,0,1,0,4966,0
1963,Graduation,With_Partner,54414.0,1,1,2013-01-23,49,109,18,16,24,26,18,4,3,1,5,4,0,0,0,0,0,0,3,11,0,63,211,13,2,0,1,2,4959,0
1952,PhD,With_Partner,54549.0,0,1,2014-03-03,8,216,2,6,0,0,9,2,5,1,4,7,0,0,0,0,0,0,3,11,0,74,233,12,1,0,3,2,4555,0
1971,PhD,Alone,47111.0,0,1,2012-09-08,35,595,71,153,120,112,41,6,3,2,10,9,0,0,0,0,0,0,3,11,0,55,1092,21,1,0,3,0,5096,0
1963,PhD,Alone,41003.0,0,0,2013-03-17,11,123,133,142,71,44,88,1,6,2,8,6,0,0,0,0,0,0,3,11,0,63,601,17,0,0,3,0,4906,0
1982,Graduation,With_Partner,19444.0,1,0,2014-02-22,8,16,0,23,3,2,10,3,4,1,2,7,0,0,0,0,0,0,3,11,1,44,54,10,1,0,1,2,4564,0
1976,Basic,With_Partner,36301.0,1,0,2013-10-25,53,11,12,35,3,5,12,1,3,0,3,7,0,0,0,0,0,0,3,11,0,50,78,7,1,0,0,2,4684,0
1969,PhD,With_Partner,42731.0,1,0,2013-10-21,64,159,2,51,6,2,24,3,4,1,5,5,0,0,0,0,0,0,3,11,0,57,244,13,1,0,3,2,4688,0
1959,PhD,With_Partner,52854.0,1,1,2014-03-24,43,105,0,10,0,1,0,2,2,1,4,5,0,0,0,0,0,0,3,11,0,67,116,9,2,0,3,2,4534,0
1978,Graduation,With_Partner,22775.0,1,0,2013-06-19,40,5,1,8,0,0,1,1,1,0,2,8,0,0,0,0,0,0,3,11,0,48,15,4,1,0,1,2,4812,0
1955,PhD,With_Partner,59821.0,0,1,2013-04-12,11,629,0,70,0,0,35,6,11,2,7,8,0,0,0,0,0,0,3,11,0,71,734,26,1,0,3,2,4880,0
1954,Graduation,Alone,50002.0,0,1,2013-06-17,21,443,5,71,21,16,82,2,8,2,7,7,0,0,0,0,0,0,3,11,0,72,638,19,1,0,1,0,4814,0
1945,Graduation,With_Partner,69755.0,0,0,2013-10-02,23,217,77,373,111,23,93,1,3,6,12,1,0,0,0,0,0,0,3,11,0,81,894,22,0,0,1,2,4707,0
1969,Graduation,With_Partner,44078.0,1,1,2014-06-19,17,24,1,10,2,0,4,2,2,0,3,5,0,0,0,0,0,0,3,11,0,57,41,7,2,0,1,2,4447,0
1976,Master,With_Partner,30560.0,1,0,2013-06-27,6,9,1,5,4,5,7,1,1,0,3,7,0,0,0,0,0,0,3,11,0,50,31,5,1,0,2,2,4804,0
1969,Master,With_Partner,35924.0,1,1,2014-03-23,56,8,0,14,2,3,7,1,1,0,3,5,0,0,0,0,0,0,3,11,0,57,34,5,2,0,2,2,4535,0
1964,PhD,Alone,64140.0,0,2,2013-09-23,71,1459,0,61,0,15,215,5,2,5,6,5,1,0,1,0,1,0,3,11,1,62,1750,18,2,3,3,0,4716,0
1981,Graduation,With_Partner,56386.0,1,1,2012-10-27,51,230,48,214,13,32,75,8,9,1,7,9,0,0,0,0,0,0,3,11,0,45,612,25,2,0,1,2,5047,0
1981,Basic,With_Partner,75774.0,1,0,2014-05-02,27,340,21,134,258,14,56,1,7,5,8,4,0,0,0,0,0,0,3,11,0,45,823,21,1,0,0,2,4495,0
1960,Master,Alone,39228.0,0,0,2013-05-10,1,7,1,6,0,3,3,1,0,0,3,4,0,0,0,0,0,0,3,11,0,66,20,4,0,0,2,0,4852,0
1974,Master,With_Partner,58494.0,0,1,2013-12-12,56,298,7,68,4,0,19,2,6,2,6,6,0,0,0,0,0,0,3,11,0,52,396,16,1,0,2,2,4636,0
1981,Graduation,Alone,58684.0,0,0,2014-06-16,71,479,35,179,28,7,85,1,5,3,12,2,0,1,0,0,0,0,3,11,0,45,813,21,0,1,1,0,4450,0
1967,Graduation,Alone,57136.0,0,0,2013-05-18,18,267,140,599,34,12,127,1,7,5,7,6,0,0,0,0,0,0,3,11,1,59,1179,20,0,0,1,0,4844,0
1950,PhD,Alone,56551.0,1,1,2014-05-07,48,67,4,32,17,2,16,3,2,1,4,4,0,0,0,0,0,0,3,11,0,76,138,10,2,0,3,0,4490,0
1982,Graduation,With_Partner,22448.0,1,0,2014-02-26,86,3,1,8,23,2,18,3,2,1,3,3,0,0,0,0,0,0,3,11,0,44,55,9,1,0,1,2,4560,0
1961,Graduation,Alone,82014.0,0,0,2012-08-20,48,980,37,265,35,163,31,1,3,6,12,6,0,0,0,0,0,0,3,11,1,65,1511,22,0,0,1,0,5115,0
1963,Graduation,Alone,34213.0,1,1,2012-09-07,2,50,4,28,6,3,26,3,3,1,2,9,0,0,0,0,0,0,3,11,1,63,117,9,2,0,1,0,5097,0
1977,Graduation,With_Partner,157146.0,0,0,2013-04-29,13,1,0,1725,2,1,1,0,0,28,0,1,0,0,0,0,0,0,3,11,0,49,1730,28,0,0,1,2,4863,0
1947,PhD,Alone,25358.0,0,1,2013-07-22,57,19,0,5,0,0,8,2,1,0,3,6,0,0,0,0,0,0,3,11,0,79,32,6,1,0,3,0,4779,0
1978,Master,Alone,35544.0,1,0,2014-03-08,77,30,5,23,4,1,4,1,2,0,3,7,0,0,0,0,0,0,3,11,0,48,67,6,1,0,2,0,4550,0
1954,Master,With_Partner,36634.0,0,1,2013-05-28,0,213,9,76,4,3,30,3,5,2,5,7,0,0,0,0,0,0,3,11,0,72,335,15,1,0,2,2,4834,0
1954,PhD,With_Partner,62670.0,0,1,2014-02-02,57,539,30,92,80,46,38,1,5,3,13,3,0,0,0,0,0,0,3,11,0,72,825,22,1,0,3,2,4584,0
1972,Basic,With_Partner,50334.0,0,1,2013-07-24,24,284,16,160,84,16,134,6,7,4,6,6,0,0,0,0,0,0,3,11,0,54,694,23,1,0,0,2,4777,0
1981,Graduation,Alone,72066.0,0,0,2014-06-23,55,1003,34,536,134,51,34,1,4,6,6,2,0,0,1,1,0,0,3,11,1,45,1792,17,0,2,1,0,4443,0
1958,PhD,Alone,50729.0,1,1,2013-05-02,62,239,13,143,45,4,52,9,6,2,7,6,0,0,0,0,0,0,3,11,0,68,496,24,2,0,3,0,4860,0
1968,Graduation,With_Partner,34916.0,2,0,2013-05-15,89,51,23,82,33,0,42,4,5,1,3,9,0,0,0,0,0,0,3,11,0,58,231,13,2,0,1,2,4847,0
1976,Graduation,Alone,64892.0,0,1,2014-05-29,77,527,24,230,32,24,65,2,6,4,12,4,0,0,0,0,0,0,3,11,0,50,902,24,1,0,1,0,4468,0
1966,Graduation,Alone,43602.0,1,1,2014-01-10,45,19,5,12,10,3,19,3,3,1,2,6,0,0,0,0,0,0,3,11,0,60,68,9,2,0,1,0,4607,0
1985,Basic,Alone,41473.0,1,0,2013-06-19,80,21,8,20,15,3,9,1,2,0,3,7,0,0,0,0,0,0,3,11,0,41,76,6,1,0,0,0,4812,0
1967,PhD,With_Partner,63246.0,0,2,2013-08-20,60,593,30,91,29,22,7,1,6,3,12,4,0,0,0,0,0,0,3,11,0,59,772,22,2,0,3,2,4750,0
1959,PhD,With_Partner,36732.0,1,1,2013-12-29,71,21,5,3,10,1,7,3,1,1,4,2,0,0,0,0,0,0,3,11,0,67,47,9,2,0,3,2,4619,0
1985,PhD,Alone,37929.0,0,0,2013-07-30,49,202,2,46,3,2,10,2,4,2,5,7,0,1,0,1,0,0,3,11,1,41,265,13,0,2,3,0,4771,0
1951,Graduation,With_Partner,86610.0,0,0,2013-09-05,66,446,107,768,33,196,53,1,5,6,6,2,0,0,0,0,0,0,3,11,0,75,1603,18,0,0,1,2,4734,0
1986,Master,With_Partner,80141.0,0,0,2013-01-11,20,1184,102,673,52,40,40,1,7,4,10,6,0,0,1,0,0,0,3,11,1,40,2091,22,0,1,2,2,4971,0
1970,Graduation,With_Partner,69016.0,0,1,2012-11-22,61,726,53,363,123,107,161,4,8,9,13,5,0,0,0,0,0,0,3,11,0,56,1533,34,1,0,1,2,5021,0
1991,Basic,With_Partner,20193.0,0,0,2012-11-28,18,8,8,22,24,11,9,1,1,1,4,4,0,0,0,0,0,0,3,11,0,35,82,7,0,0,0,2,5015,0
1975,Graduation,With_Partner,27573.0,1,0,2013-03-25,45,50,15,110,39,15,15,4,5,1,4,8,0,0,0,0,0,0,3,11,0,51,244,14,1,0,1,2,4898,0
1979,Basic,Alone,15862.0,1,0,2013-06-27,26,1,1,4,11,9,10,1,1,0,3,8,0,0,0,0,0,0,3,11,0,47,36,5,1,0,0,0,4804,0
1976,PhD,With_Partner,49544.0,1,0,2013-02-12,0,308,0,73,0,0,23,2,5,1,8,7,0,0,0,0,0,0,3,11,0,50,404,16,1,0,3,2,4939,0
1980,Graduation,With_Partner,33228.0,1,0,2014-01-23,28,22,2,31,7,4,5,1,2,0,3,7,0,0,0,0,0,0,3,11,0,46,71,6,1,0,1,2,4594,0
1978,Graduation,With_Partner,70440.0,0,0,2013-10-08,49,690,117,499,76,102,88,1,5,10,7,3,0,0,0,1,0,0,3,11,0,48,1572,23,0,1,1,2,4701,0
1971,Graduation,With_Partner,38232.0,1,1,2014-01-17,84,43,5,28,7,6,33,4,3,1,3,5,0,0,0,0,0,0,3,11,0,55,122,11,2,0,1,2,4600,0
1955,PhD,With_Partner,22554.0,1,1,2012-11-03,38,27,0,10,0,0,4,4,2,0,4,5,0,0,0,0,0,0,3,11,0,71,41,10,2,0,3,2,5040,0
1983,PhD,With_Partner,23536.0,1,0,2014-06-04,53,6,0,3,0,0,1,1,0,0,3,3,0,0,0,0,0,0,3,11,0,43,10,4,1,0,3,2,4462,0
1952,Graduation,With_Partner,49413.0,0,1,2013-10-25,88,205,7,41,3,2,46,2,4,2,5,5,0,0,0,0,0,0,3,11,0,74,304,13,1,0,1,2,4684,0
1969,Graduation,With_Partner,42231.0,1,1,2014-03-25,99,24,0,8,0,1,4,1,1,0,3,5,0,0,0,0,0,0,3,11,0,57,37,5,2,0,1,2,4533,0
1980,Master,Alone,78789.0,0,0,2012-08-08,12,667,50,850,21,83,83,1,4,6,5,2,0,0,0,0,0,0,3,11,1,46,1754,16,0,0,2,0,5127,0
1968,Graduation,With_Partner,56534.0,0,1,2013-07-23,35,691,7,61,10,0,46,4,10,4,7,8,0,1,0,0,1,0,3,11,1,58,815,25,1,2,1,2,4778,0
1971,Graduation,Alone,58350.0,0,1,2013-01-04,5,493,26,206,116,80,80,4,8,3,12,6,0,0,0,0,0,0,3,11,0,55,1001,27,1,0,1,0,4978,0
1951,Graduation,Alone,49090.0,0,1,2013-07-19,45,494,5,82,7,0,100,3,7,2,9,7,0,0,0,0,0,0,3,11,0,75,688,21,1,0,1,0,4782,0
1987,Master,Alone,61787.0,0,0,2013-07-06,71,621,73,414,78,48,85,1,8,4,6,5,0,0,0,0,0,0,3,11,0,39,1319,19,0,0,2,0,4795,0
1985,PhD,With_Partner,18169.0,1,0,2013-02-19,40,9,0,5,0,0,7,1,1,0,2,8,0,0,0,0,0,0,3,11,0,41,21,4,1,0,3,2,4932,0
1981,Basic,Alone,24336.0,1,0,2012-08-27,82,1,6,2,8,2,12,1,1,0,2,7,0,0,0,0,0,0,3,11,0,45,31,4,1,0,0,0,5108,0
1990,Graduation,With_Partner,18222.0,0,0,2012-12-31,70,12,4,19,12,6,14,1,2,0,3,8,0,0,0,0,0,0,3,11,0,36,67,6,0,0,1,2,4982,0
1952,Graduation,Alone,62335.0,0,1,2013-05-23,87,243,131,217,85,6,26,2,3,3,13,2,0,0,0,0,0,0,3,11,0,74,708,21,1,0,1,0,4839,0
1971,Basic,With_Partner,42033.0,1,1,2012-09-19,95,11,1,4,2,0,7,1,1,0,2,7,0,0,0,0,0,0,3,11,0,55,25,4,2,0,0,2,5085,0
1983,PhD,With_Partner,86580.0,0,0,2013-02-27,72,532,21,127,26,20,20,0,4,2,5,1,0,0,1,0,0,0,3,11,0,43,746,11,0,1,3,2,4924,0
1957,PhD,Alone,41437.0,1,1,2012-09-22,5,29,0,2,0,0,1,1,1,0,3,7,0,0,0,0,0,0,3,11,0,69,32,5,2,0,3,0,5082,0
1951,Master,Alone,73705.0,0,2,2014-03-05,86,612,91,520,258,107,107,2,9,6,8,5,0,0,0,0,0,0,3,11,0,75,1695,25,2,0,2,0,4553,0
1976,Graduation,With_Partner,61064.0,0,1,2012-08-31,80,387,126,342,0,45,180,5,8,4,11,6,0,0,0,0,0,0,3,11,0,50,1080,28,1,0,1,2,5104,0
1989,Graduation,Alone,18358.0,1,0,2013-11-20,49,6,8,19,16,4,4,3,3,0,4,7,0,0,0,0,0,0,3,11,0,37,57,10,1,0,1,0,4658,0
1973,PhD,With_Partner,55012.0,0,1,2014-03-21,85,582,0,65,0,0,13,6,8,2,9,5,0,0,0,0,0,0,3,11,0,53,660,25,1,0,3,2,4537,0
1973,Basic,With_Partner,9722.0,1,0,2012-10-02,7,6,17,16,6,16,42,4,3,1,3,8,0,0,0,0,0,0,3,11,1,53,103,11,1,0,0,2,5072,0
1984,PhD,With_Partner,38175.0,1,0,2013-09-23,6,70,6,69,2,3,3,3,3,1,4,7,0,0,0,0,0,0,3,11,0,42,153,11,1,0,3,2,4716,0
1956,Master,With_Partner,58656.0,0,1,2012-09-20,25,962,12,194,16,24,12,4,7,8,13,6,0,0,1,0,0,0,3,11,0,70,1220,32,1,1,2,2,5084,0
1965,Graduation,With_Partner,52117.0,0,1,2012-08-16,55,112,10,107,30,0,20,2,5,2,4,7,0,0,0,0,0,0,3,11,0,61,279,13,1,0,1,2,5119,0
1978,Graduation,With_Partner,64813.0,1,0,2014-01-02,81,293,0,124,179,97,52,1,7,2,10,5,0,0,0,0,0,0,3,11,0,48,745,20,1,0,1,2,4615,0
1973,PhD,With_Partner,54222.0,0,1,2014-03-01,98,199,12,31,3,12,7,1,3,3,5,3,0,0,0,0,0,0,3,11,0,53,264,12,1,0,3,2,4557,0
1986,Graduation,With_Partner,83512.0,0,0,2014-06-17,31,1060,61,835,80,20,101,1,4,7,10,1,1,0,1,1,1,0,3,11,1,40,2157,22,0,4,1,2,4449,0
1959,Master,With_Partner,77520.0,0,1,2013-08-28,30,940,44,396,0,88,58,1,8,7,7,4,1,0,1,1,0,0,3,11,1,67,1526,23,1,3,2,2,4742,0
1978,Graduation,With_Partner,41154.0,0,1,2013-04-09,98,44,2,11,2,3,7,1,1,0,4,5,0,0,0,0,0,0,3,11,0,48,69,6,1,0,1,2,4883,0
1966,Graduation,With_Partner,80398.0,0,0,2012-11-10,92,342,51,936,207,35,26,1,5,8,12,3,0,0,1,0,0,0,3,11,0,60,1597,26,0,1,1,2,5033,0
1992,Basic,Alone,18746.0,1,0,2014-05-29,41,2,10,11,12,9,20,2,3,0,3,6,0,0,0,0,0,0,3,11,0,34,64,8,1,0,0,0,4468,0
1984,Graduation,With_Partner,35196.0,1,0,2012-11-13,68,75,12,141,43,39,187,6,6,1,5,8,0,0,0,0,0,0,3,11,0,42,497,18,1,0,1,2,5030,0
1956,Graduation,Alone,60230.0,0,1,2013-05-20,78,520,20,367,39,81,40,2,6,3,6,5,0,0,0,0,0,0,3,11,0,70,1067,17,1,0,1,0,4842,0
1977,Graduation,With_Partner,22108.0,1,1,2014-05-08,46,5,3,9,6,2,6,2,2,0,3,7,0,0,0,0,0,0,3,11,0,49,31,7,2,0,1,2,4489,0
1974,Graduation,With_Partner,44392.0,1,1,2013-09-05,71,87,5,71,7,12,29,5,4,1,4,7,0,0,0,0,0,0,3,11,0,52,211,14,2,0,1,2,4734,0
1976,PhD,With_Partner,55424.0,0,1,2012-11-25,6,462,61,184,10,53,107,4,7,5,9,6,1,0,0,0,0,0,3,11,1,50,877,25,1,1,3,2,5018,0
1979,Graduation,With_Partner,17688.0,1,0,2013-01-13,82,2,2,1,3,1,2,1,1,0,2,8,0,0,0,0,0,1,3,11,0,47,11,4,1,0,1,2,4969,1
1983,PhD,With_Partner,92491.0,0,0,2013-05-01,71,979,44,935,29,25,22,1,7,5,12,3,0,1,1,1,0,0,3,11,1,43,2034,25,0,3,3,2,4861,0
1991,Graduation,Alone,90273.0,0,0,2013-12-14,32,704,129,853,120,74,111,1,5,6,7,2,0,1,1,1,0,0,3,11,1,35,1991,19,0,3,1,0,4634,0
1962,PhD,Alone,82571.0,0,0,2014-04-02,28,861,31,558,62,95,79,0,6,5,13,2,0,0,1,0,0,0,3,11,0,64,1686,24,0,1,3,0,4525,0
1982,PhD,Alone,38513.0,1,0,2014-01-28,20,172,3,115,16,0,18,5,6,1,5,8,0,0,0,0,0,0,3,11,1,44,324,17,1,0,3,0,4589,0
1979,Master,Alone,16653.0,1,0,2014-04-18,10,5,7,31,15,4,7,3,2,1,3,6,0,0,0,0,0,0,3,11,1,47,69,9,1,0,2,0,4509,0
1955,Graduation,With_Partner,42586.0,1,1,2012-10-29,7,194,2,56,0,0,0,5,4,1,6,8,0,0,0,0,0,0,3,11,1,71,252,16,2,0,1,2,5045,0
1965,Basic,Alone,23529.0,0,1,2013-01-07,67,9,7,13,3,2,20,1,1,1,2,6,0,0,0,0,0,0,3,11,0,61,54,5,1,0,0,0,4975,0
1951,Graduation,With_Partner,71107.0,0,1,2013-02-17,61,533,10,217,198,174,195,2,7,6,13,4,0,0,0,0,0,0,3,11,0,75,1327,28,1,0,1,2,4934,0
1964,PhD,With_Partner,46910.0,1,1,2014-03-23,36,48,0,14,0,0,6,2,2,0,3,6,0,0,0,0,0,0,3,11,0,62,68,7,2,0,3,2,4535,0
1955,Graduation,Alone,37244.0,1,1,2013-04-27,90,18,2,10,0,0,25,1,1,1,2,7,1,0,0,0,0,0,3,11,0,71,55,5,2,1,1,0,4865,0
1966,Graduation,With_Partner,82427.0,0,0,2014-03-12,35,482,147,509,104,107,107,1,3,5,12,1,0,0,1,0,0,0,3,11,0,60,1456,21,0,1,1,2,4546,0
1958,Basic,Alone,75342.0,0,1,2013-05-06,38,204,97,97,21,118,26,1,5,2,10,4,0,0,0,0,0,0,3,11,0,68,563,18,1,0,0,0,4856,0
1954,Graduation,Alone,70044.0,0,1,2013-02-18,46,1073,0,250,153,14,14,4,7,10,5,5,0,0,0,0,0,0,3,11,0,72,1504,26,1,0,1,0,4933,0
1963,Graduation,With_Partner,77437.0,0,0,2013-11-26,70,560,21,442,29,44,29,1,4,5,13,1,0,0,1,0,0,0,3,11,0,63,1125,23,0,1,1,2,4652,0
1959,Graduation,With_Partner,54984.0,0,1,2014-05-24,51,173,13,131,32,3,6,4,6,1,6,7,0,0,0,1,0,0,3,11,0,67,358,17,1,1,1,2,4473,0
1971,PhD,With_Partner,42403.0,1,0,2013-12-11,18,22,1,11,0,5,3,1,1,0,3,8,0,0,0,0,0,0,3,11,0,55,42,5,1,0,3,2,4637,0
1964,Graduation,With_Partner,55761.0,0,1,2014-04-24,97,136,1,12,0,3,32,2,4,1,3,6,0,1,0,0,0,0,3,11,0,62,184,10,1,1,1,2,4503,0
1983,Graduation,With_Partner,37292.0,1,0,2013-04-18,32,275,0,86,10,23,66,5,6,3,5,8,0,0,0,0,0,0,3,11,0,43,460,19,1,0,1,2,4874,0
1945,PhD,Alone,45576.0,0,0,2014-05-28,9,56,19,29,2,14,25,1,3,1,3,8,0,0,0,0,0,0,3,11,1,81,145,8,0,0,3,0,4469,0
1947,Graduation,With_Partner,70321.0,0,0,2013-01-16,6,303,23,751,82,26,191,1,6,5,13,4,0,0,0,0,0,0,3,11,1,79,1376,25,0,0,1,2,4966,0
1969,PhD,Alone,58086.0,0,1,2013-01-20,80,708,7,62,0,0,15,2,11,3,7,8,0,0,0,0,0,0,3,11,0,57,792,23,1,0,3,0,4962,0
1952,Graduation,With_Partner,81795.0,0,0,2012-10-26,74,324,132,693,27,118,88,1,4,11,7,2,0,0,0,0,0,0,3,11,0,74,1382,23,0,0,1,2,5048,0
1947,Basic,With_Partner,28389.0,0,0,2012-11-20,49,1,5,3,7,4,8,1,1,0,2,7,0,0,0,0,0,0,3,11,0,79,28,4,0,0,0,2,5023,0
1969,Graduation,Alone,69901.0,0,1,2013-05-29,95,312,21,206,102,92,149,3,7,3,10,5,0,0,0,0,0,0,3,11,0,57,882,23,1,0,1,0,4833,0
1949,PhD,With_Partner,80360.0,0,0,2013-03-03,56,1493,86,454,112,43,43,2,4,4,5,2,0,1,1,1,0,0,3,11,0,77,2231,15,0,3,3,2,4920,0
1961,PhD,With_Partner,63342.0,0,1,2012-10-16,48,918,21,118,13,10,21,3,8,3,5,6,0,1,0,0,0,0,3,11,1,65,1101,19,1,1,3,2,5058,0
1980,Basic,Alone,31859.0,1,0,2014-02-27,3,3,4,7,15,8,11,1,1,0,3,7,0,0,0,0,0,0,3,11,0,46,48,5,1,0,0,0,4559,0
1949,PhD,Alone,51569.0,0,1,2013-02-12,39,380,0,47,6,0,34,4,7,1,7,8,0,1,0,0,0,0,3,11,1,77,467,19,1,1,3,0,4939,0
1979,Basic,Alone,16014.0,1,1,2013-03-17,42,3,9,4,7,8,7,4,1,1,4,3,0,0,0,0,0,0,3,11,0,47,38,10,2,0,0,0,4906,0
1968,Graduation,With_Partner,41120.0,1,1,2013-11-06,80,24,2,23,0,8,24,3,2,1,3,6,0,0,0,0,0,0,3,11,0,58,81,9,2,0,1,2,4672,0
1971,Master,Alone,39763.0,1,0,2013-08-04,9,80,1,60,4,6,16,2,5,1,2,9,0,0,0,0,0,0,3,11,1,55,167,10,1,0,2,0,4766,0
1955,PhD,With_Partner,38725.0,1,1,2014-05-10,52,31,0,6,2,1,5,2,1,0,4,4,0,0,0,0,0,0,3,11,0,71,45,7,2,0,3,2,4487,0
1972,Graduation,With_Partner,77981.0,1,0,2013-05-26,78,138,120,204,16,126,60,3,7,4,7,5,0,0,0,0,0,0,3,11,0,54,664,21,1,0,1,2,4836,0
1964,Basic,With_Partner,62905.0,0,1,2013-09-10,68,166,75,96,119,107,59,3,7,2,8,4,0,0,0,0,0,0,3,11,0,62,622,20,1,0,0,2,4729,0
1979,Basic,Alone,13533.0,1,0,2013-03-10,45,12,3,8,8,0,17,2,2,0,3,7,0,0,0,0,0,0,3,11,0,47,48,7,1,0,0,0,4913,0
1975,Graduation,With_Partner,59481.0,0,1,2013-10-23,47,178,3,85,71,66,58,2,3,3,8,2,0,0,0,0,0,0,3,11,0,51,461,16,1,0,1,2,4686,0
1977,Graduation,With_Partner,72117.0,0,1,2013-08-20,34,707,20,171,65,60,50,1,9,7,9,5,0,0,0,0,0,0,3,11,0,49,1073,26,1,0,1,2,4750,0
1986,Basic,With_Partner,21955.0,1,0,2013-09-07,81,5,1,7,17,14,11,2,2,1,3,6,0,0,0,0,0,0,3,11,0,40,55,8,1,0,0,2,4732,0
1956,Graduation,With_Partner,67131.0,0,1,2013-03-26,72,465,71,250,93,35,62,3,9,2,12,6,0,0,0,0,0,0,3,11,0,70,976,26,1,0,1,2,4897,0
1980,PhD,Alone,36802.0,1,0,2014-06-16,23,16,1,2,0,0,1,1,1,0,3,5,0,0,0,0,0,0,3,11,0,46,20,5,1,0,3,0,4450,0
1975,Master,With_Partner,47808.0,0,1,2013-10-20,30,123,1,26,2,0,72,2,3,2,3,7,1,0,0,0,0,0,3,11,0,51,224,10,1,1,2,2,4689,0
1974,PhD,Alone,25509.0,1,0,2012-09-18,15,40,3,30,10,7,11,3,3,0,3,9,0,0,0,0,0,0,3,11,1,52,101,9,1,0,3,0,5086,0
1952,PhD,With_Partner,85431.0,0,0,2013-06-08,54,376,53,462,168,53,53,1,2,7,7,0,0,0,0,0,0,0,3,11,0,74,1165,17,0,0,3,2,4823,0
1967,Graduation,With_Partner,42664.0,0,1,2014-03-18,44,21,0,3,0,0,0,1,1,0,3,6,0,0,0,0,0,0,3,11,0,59,24,5,1,0,1,2,4540,0
1977,PhD,With_Partner,28973.0,0,0,2012-10-13,59,206,0,46,3,2,12,2,5,1,5,8,0,0,0,0,0,0,3,11,0,49,269,13,0,0,3,2,5061,0
1973,PhD,With_Partner,39435.0,1,0,2013-08-06,16,71,0,18,0,0,13,1,3,1,2,7,0,0,0,0,0,0,3,11,0,53,102,7,1,0,3,2,4764,0
1984,Basic,With_Partner,65370.0,0,0,2013-08-01,1,71,22,112,138,89,29,1,2,3,13,1,0,0,0,0,0,0,3,11,0,42,461,19,0,0,0,2,4769,0
1979,Basic,Alone,20194.0,1,0,2012-12-17,64,0,4,7,11,10,15,2,2,0,3,6,0,0,0,0,0,0,3,11,0,47,47,7,1,0,0,0,4996,0
1976,PhD,Alone,42473.0,1,1,2014-02-17,72,93,1,21,0,4,25,3,2,1,4,5,0,0,0,0,0,0,3,11,0,50,144,10,2,0,3,0,4569,0
1968,Graduation,With_Partner,64590.0,0,0,2012-10-14,98,920,138,168,36,46,30,1,9,4,10,6,0,0,0,0,0,0,3,11,0,58,1338,24,0,0,1,2,5060,0
1959,Graduation,With_Partner,71232.0,0,1,2013-11-28,91,653,17,170,34,26,17,2,11,2,10,7,0,0,0,0,0,0,3,11,0,67,917,25,1,0,1,2,4650,0
1971,Graduation,With_Partner,34600.0,1,1,2013-01-01,8,199,33,60,8,3,15,5,5,2,5,8,0,0,0,0,0,0,3,11,1,55,318,17,2,0,1,2,4981,0
1967,Graduation,Alone,46904.0,1,1,2012-11-03,20,153,4,56,0,9,31,4,5,1,4,8,0,0,0,0,0,0,3,11,0,59,253,14,2,0,1,0,5040,0
1973,Graduation,With_Partner,49094.0,0,1,2012-09-21,6,376,0,38,11,8,69,5,6,3,6,6,0,0,0,0,0,0,3,11,0,53,502,20,1,0,1,2,5083,0
1983,Graduation,With_Partner,36075.0,1,0,2013-12-09,54,46,0,30,12,1,30,1,2,0,4,6,0,0,0,0,0,0,3,11,0,43,119,7,1,0,1,2,4639,0
1979,Basic,With_Partner,60839.0,1,1,2012-08-28,72,600,21,128,223,150,128,13,2,2,12,8,0,0,0,0,0,0,3,11,0,47,1250,29,2,0,0,2,5107,0
1962,Basic,With_Partner,82122.0,0,0,2013-08-15,89,734,22,350,151,25,100,1,3,9,13,1,0,0,1,0,0,0,3,11,0,64,1382,26,0,1,0,2,4755,0
1952,Graduation,With_Partner,34074.0,1,1,2013-07-13,69,135,1,41,10,1,67,5,3,3,3,6,1,0,0,0,0,0,3,11,0,74,255,14,2,1,1,2,4788,0
1960,Master,With_Partner,28520.0,1,1,2013-06-14,55,11,0,10,0,2,20,1,1,1,2,6,0,0,0,0,0,0,3,11,0,66,43,5,2,0,2,2,4817,0
1955,Graduation,Alone,62535.0,0,1,2013-10-03,13,163,48,90,0,45,52,1,3,2,8,3,0,0,0,0,0,0,3,11,0,71,398,14,1,0,1,0,4706,0
1977,Master,Alone,36273.0,1,0,2014-04-16,80,29,3,30,3,2,9,2,3,0,3,6,0,0,0,0,0,0,3,11,0,49,76,8,1,0,2,0,4511,0
1964,Graduation,With_Partner,63404.0,0,2,2014-06-06,97,734,26,70,11,44,17,2,6,3,4,4,0,0,0,1,0,0,3,11,0,62,902,15,2,1,1,2,4460,0
1976,Graduation,With_Partner,78416.0,0,1,2014-06-27,99,453,38,279,188,38,183,2,7,7,10,3,0,0,0,0,0,0,3,11,0,50,1179,26,1,0,1,2,4439,0
1974,Graduation,With_Partner,75702.0,0,1,2012-10-14,87,1073,0,629,145,37,37,1,10,5,13,6,0,0,1,0,0,0,3,11,0,52,1921,29,1,1,1,2,5060,0
1951,Master,With_Partner,59385.0,1,1,2013-04-28,85,135,0,10,0,4,36,2,3,1,4,5,0,0,0,0,0,0,3,11,0,75,185,10,2,0,2,2,4864,0
1951,Graduation,With_Partner,44689.0,1,1,2014-01-10,82,18,0,5,0,0,11,2,1,1,2,7,1,0,0,0,0,0,3,11,0,75,34,6,2,1,1,2,4607,0
1966,PhD,Alone,7144.0,0,2,2013-12-07,92,81,4,33,5,2,291,0,23,1,1,0,0,0,0,0,0,0,3,11,0,60,416,25,2,0,3,0,4641,0
1956,Graduation,With_Partner,90369.0,0,0,2014-04-28,2,292,51,981,224,23,17,1,4,6,6,1,0,0,0,0,0,0,3,11,1,70,1588,17,0,0,1,2,4499,0
1974,PhD,Alone,63159.0,0,0,2012-11-05,74,965,34,586,89,86,37,1,3,5,8,3,1,0,0,0,0,0,3,11,0,52,1797,17,0,1,3,0,5038,0
1963,PhD,Alone,46757.0,0,1,2012-11-16,71,777,30,163,0,51,122,6,4,4,7,9,0,0,0,0,0,0,3,11,0,63,1143,21,1,0,3,0,5027,0
1969,Master,With_Partner,79734.0,0,0,2014-06-28,72,572,8,232,23,62,17,1,4,3,6,1,0,0,0,1,0,0,3,11,0,57,914,14,0,1,2,2,4438,0
1992,Graduation,With_Partner,63207.0,0,0,2013-01-20,68,438,169,565,91,169,70,1,2,3,6,7,0,0,0,1,0,0,3,11,0,34,1502,12,0,1,1,2,4962,0
1954,Graduation,Alone,72071.0,0,1,2013-02-14,4,531,69,300,150,138,150,3,5,4,8,2,0,0,0,0,0,0,3,11,0,72,1338,20,1,0,1,0,4937,0
1983,PhD,With_Partner,21840.0,1,0,2013-07-21,80,17,0,9,0,0,1,1,1,0,3,9,0,0,0,0,0,0,3,11,0,43,27,5,1,0,3,2,4780,0
1982,Basic,With_Partner,58582.0,0,1,2013-09-28,15,402,35,106,101,77,42,2,9,2,9,5,0,1,0,0,0,0,3,11,0,44,763,22,1,1,0,2,4711,0
1951,Graduation,Alone,72282.0,0,0,2013-07-19,70,503,27,419,90,139,153,1,5,7,9,7,0,0,0,0,0,0,3,11,1,75,1331,22,0,0,1,0,4782,0
1956,Graduation,With_Partner,50387.0,0,2,2013-08-31,91,369,9,87,12,14,34,3,6,2,8,5,0,0,0,0,0,0,3,11,0,70,525,19,2,0,1,2,4739,0
1961,PhD,With_Partner,32583.0,1,1,2014-06-15,10,5,0,3,0,0,1,1,1,0,2,7,0,0,0,0,0,0,3,11,0,65,9,4,2,0,3,2,4451,0
1962,Graduation,With_Partner,62568.0,0,1,2014-04-07,99,362,17,398,80,35,61,3,5,3,5,4,0,0,0,1,0,0,3,11,0,64,953,16,1,1,1,2,4520,0
1971,Master,Alone,44635.0,1,1,2013-10-11,25,56,0,9,0,0,3,2,2,0,3,7,0,0,0,0,0,0,3,11,0,55,68,7,2,0,2,0,4698,0
1968,Graduation,With_Partner,63967.0,0,1,2013-08-09,57,387,84,141,73,35,162,3,4,4,12,2,0,0,0,0,0,0,3,11,0,58,882,23,1,0,1,2,4761,0
1978,Basic,With_Partner,52513.0,0,0,2012-09-04,84,367,17,241,104,188,232,2,9,5,9,7,0,0,0,0,0,0,3,11,0,48,1149,25,0,0,0,2,5100,0
1969,Graduation,With_Partner,25293.0,1,0,2013-09-15,51,15,0,11,0,2,9,1,1,1,2,8,0,0,0,0,0,0,3,11,0,57,37,5,1,0,1,2,4724,0
1965,PhD,Alone,54111.0,0,1,2013-08-25,97,267,6,54,8,3,50,2,5,2,6,5,0,0,0,0,0,0,3,11,0,61,388,15,1,0,3,0,4745,0
1986,Graduation,With_Partner,78394.0,0,0,2013-02-15,13,298,27,697,216,24,166,1,4,6,5,2,0,0,0,0,0,0,3,11,1,40,1428,16,0,0,1,2,4936,0
1958,Master,With_Partner,80739.0,0,0,2013-05-23,92,674,92,736,39,0,92,1,3,11,9,1,0,0,0,0,0,0,3,11,0,68,1633,24,0,0,2,2,4839,0
1975,Master,With_Partner,22669.0,1,0,2013-05-22,30,16,14,36,37,22,48,3,4,1,2,9,0,0,0,0,0,0,3,11,1,51,173,10,1,0,2,2,4840,0
1987,Graduation,Alone,29236.0,1,0,2013-10-08,30,37,4,24,16,9,9,2,4,0,3,9,0,0,0,0,0,0,3,11,0,39,99,9,1,0,1,0,4701,0
1959,Graduation,With_Partner,44911.0,0,1,2013-03-15,11,159,0,22,2,1,31,3,4,1,4,7,0,0,0,0,0,0,3,11,0,67,215,12,1,0,1,2,4908,0
1962,PhD,With_Partner,54693.0,0,1,2013-02-17,72,686,17,142,23,26,35,8,6,4,13,6,0,0,0,0,0,0,3,11,0,64,929,31,1,0,3,2,4934,0
1974,Graduation,With_Partner,48186.0,1,0,2014-03-20,39,97,3,66,12,7,34,3,4,1,4,7,0,0,0,0,0,0,3,11,0,52,219,12,1,0,1,2,4538,0
1977,Graduation,With_Partner,54809.0,1,1,2013-09-11,0,63,6,57,13,13,22,4,2,1,5,4,0,0,0,0,0,0,3,11,1,49,174,12,2,0,1,2,4728,0
1978,Graduation,With_Partner,41580.0,1,1,2012-12-10,15,56,5,24,4,0,3,3,2,1,3,5,0,0,0,0,0,0,3,11,0,48,92,9,2,0,1,2,5003,0
1970,PhD,With_Partner,80336.0,0,0,2013-09-09,12,209,19,456,160,142,66,1,2,9,13,1,0,0,0,0,0,0,3,11,0,56,1052,25,0,0,3,2,4730,0
1957,Graduation,With_Partner,47743.0,0,1,2013-03-22,56,198,2,43,0,12,20,3,4,1,6,6,0,1,0,0,0,0,3,11,0,69,275,14,1,1,1,2,4901,0
1955,Basic,With_Partner,62972.0,0,1,2012-08-03,39,313,15,47,20,0,192,2,7,4,3,6,0,0,0,0,0,0,3,11,0,71,587,16,1,0,0,2,5132,0
1954,PhD,Alone,57333.0,0,1,2012-09-22,55,941,14,397,76,58,176,11,8,5,9,6,0,0,0,0,0,0,3,11,1,72,1662,33,1,0,3,0,5082,0
1982,PhD,With_Partner,32313.0,1,0,2013-02-11,60,86,4,56,2,4,7,3,4,0,4,9,0,0,0,0,0,0,3,11,0,44,159,11,1,0,3,2,4940,0
1953,Master,Alone,84953.0,0,0,2013-06-03,73,167,48,602,63,72,72,1,3,10,4,2,0,1,1,1,0,0,3,11,1,73,1024,18,0,3,2,0,4828,0
1968,Master,Alone,27071.0,1,0,2014-04-23,90,8,3,19,0,2,3,2,2,0,3,6,0,0,0,0,0,0,3,11,0,58,35,7,1,0,2,0,4504,0
1957,Master,With_Partner,68148.0,0,0,2013-08-31,86,389,66,408,37,57,85,1,4,4,6,2,0,0,0,0,0,0,3,11,0,69,1042,15,0,0,2,2,4739,0
1965,Master,With_Partner,65735.0,1,1,2013-12-07,37,239,7,119,4,15,11,5,6,2,6,7,0,0,0,0,0,0,3,11,0,61,395,19,2,0,2,2,4641,0
1975,PhD,With_Partner,86836.0,0,0,2012-09-12,7,179,21,273,0,21,63,1,6,10,6,5,1,0,1,1,0,0,3,11,1,51,557,23,0,3,3,2,5092,0
1963,PhD,With_Partner,4023.0,1,1,2014-06-23,29,5,0,1,1,1,1,15,0,0,0,19,0,0,0,0,0,0,3,11,0,63,9,15,2,0,3,2,4443,0
1990,Graduation,With_Partner,30093.0,0,0,2013-07-08,19,2,6,28,13,4,16,1,2,0,3,7,0,0,0,0,0,0,3,11,0,36,69,6,0,0,1,2,4793,0
1966,PhD,With_Partner,57705.0,0,1,2014-01-11,14,383,0,53,6,4,40,3,8,1,6,6,0,0,0,0,0,0,3,11,0,60,486,18,1,0,3,2,4606,0
1988,Graduation,Alone,25008.0,1,0,2014-02-02,72,2,8,8,6,1,9,2,1,0,3,8,0,0,0,0,0,0,3,11,0,38,34,6,1,0,1,0,4584,0
1995,Basic,Alone,83257.0,0,0,2012-09-18,56,536,27,590,38,107,67,1,5,10,12,6,1,0,1,0,0,1,3,11,1,31,1365,28,0,2,0,0,5086,1
1975,Graduation,With_Partner,22280.0,1,0,2013-05-19,85,2,1,4,3,1,2,1,1,0,2,8,0,0,0,0,0,0,3,11,0,51,13,4,1,0,1,2,4843,0
1978,PhD,With_Partner,72159.0,0,0,2012-10-29,62,322,53,899,34,40,53,1,4,6,10,2,0,0,0,0,0,0,3,11,0,48,1401,21,0,0,3,2,5045,0
1961,Graduation,With_Partner,64260.0,0,0,2013-01-11,1,539,169,816,20,0,30,1,4,5,4,3,0,0,0,0,0,0,3,11,1,65,1574,14,0,0,1,2,4971,0
1984,PhD,Alone,82733.0,0,0,2013-09-10,28,712,50,420,65,38,38,1,8,4,7,4,0,0,0,0,0,0,3,11,1,42,1323,20,0,0,3,0,4729,0
1971,Master,Alone,74290.0,0,1,2013-08-12,70,1121,0,72,0,12,12,4,10,8,10,6,0,1,0,1,0,0,3,11,0,55,1217,32,1,2,2,0,4758,0
1951,Master,Alone,58217.0,2,1,2012-11-17,84,68,1,13,3,5,13,1,2,0,4,6,0,0,0,0,0,0,3,11,0,75,103,7,3,0,2,0,5026,0
1976,Master,With_Partner,21024.0,0,0,2013-07-04,89,36,4,18,6,2,18,1,2,0,4,7,0,0,0,0,0,0,3,11,0,50,84,7,0,0,2,2,4797,0
1972,PhD,With_Partner,70116.0,0,0,2013-01-26,73,707,44,603,95,58,29,1,2,8,12,1,0,0,0,0,0,0,3,11,0,54,1536,23,0,0,3,2,4956,0
1985,Graduation,With_Partner,54006.0,1,0,2012-09-18,42,174,77,203,6,24,97,2,8,1,7,7,0,0,0,0,0,0,3,11,0,41,581,18,1,0,1,2,5086,0
1966,PhD,With_Partner,69063.0,0,1,2012-11-07,16,666,35,124,69,8,26,1,5,3,5,3,0,0,0,0,0,0,3,11,0,60,928,14,1,0,3,2,5036,0
1975,Basic,Alone,11448.0,0,0,2013-12-15,16,0,0,0,6,2,6,1,1,0,2,6,0,0,0,0,0,0,3,11,0,51,14,4,0,0,0,0,4633,0
1971,Graduation,With_Partner,70886.0,1,0,2013-10-14,65,407,70,239,103,88,53,1,5,4,4,2,0,0,0,0,0,0,3,11,0,55,960,14,1,0,1,2,4695,0
1973,Graduation,Alone,60208.0,1,1,2012-10-07,13,488,23,71,15,0,59,11,8,3,7,7,0,1,0,0,0,0,3,11,1,53,656,29,2,1,1,0,5067,0
1968,Master,With_Partner,32889.0,1,1,2013-09-06,78,28,0,13,4,2,8,3,2,1,3,5,0,0,0,0,0,0,3,11,0,58,55,9,2,0,2,2,4733,0
1984,Graduation,Alone,34738.0,1,0,2014-05-11,51,3,2,10,3,0,2,1,1,0,3,6,0,0,0,0,0,0,3,11,0,42,20,5,1,0,1,0,4486,0
1971,Master,With_Partner,30538.0,1,0,2012-10-01,27,284,0,52,8,3,20,4,9,0,4,10,0,0,0,0,0,0,3,11,0,55,367,17,1,0,2,2,5073,0
1977,Basic,With_Partner,82326.0,0,0,2014-03-10,30,938,142,754,159,81,183,1,5,10,6,2,0,1,1,1,0,0,3,11,1,49,2257,22,0,3,0,2,4548,0
1967,PhD,Alone,26642.0,1,0,2014-03-01,71,13,2,15,2,2,8,2,2,0,3,6,0,0,0,0,0,0,3,11,0,59,42,7,1,0,3,0,4557,0
1964,Graduation,Alone,69932.0,0,1,2013-06-12,97,412,172,153,150,105,57,2,7,6,11,4,0,0,0,0,0,0,3,11,0,62,1049,26,1,0,1,0,4819,0
1972,Graduation,Alone,44503.0,1,1,2014-04-16,83,31,1,8,0,0,8,2,2,0,3,6,0,0,0,0,0,0,3,11,0,54,48,7,2,0,1,0,4511,0
1948,PhD,Alone,60200.0,0,1,2013-01-02,3,502,19,132,0,6,26,6,6,2,11,6,0,0,0,0,0,0,3,11,0,78,685,25,1,0,3,0,4980,0
1952,Graduation,Alone,49638.0,0,1,2014-04-19,71,18,10,3,3,5,0,1,1,0,3,2,0,0,0,0,0,0,3,11,0,74,39,5,1,0,1,0,4508,0
1987,Basic,Alone,23830.0,0,0,2014-02-07,3,1,8,6,4,8,16,1,1,0,3,7,0,0,0,0,0,0,3,11,0,39,43,5,0,0,0,0,4579,0
1959,Master,Alone,33051.0,0,0,2012-08-16,15,100,71,243,108,94,219,3,9,1,8,9,0,0,0,0,0,0,3,11,1,67,835,21,0,0,2,0,5119,0
1958,Graduation,With_Partner,72905.0,0,0,2014-01-21,52,407,114,445,181,165,203,1,3,7,9,1,0,0,0,1,0,0,3,11,0,68,1515,20,0,1,1,2,4596,0
1951,PhD,With_Partner,69702.0,0,1,2013-02-19,8,664,9,240,50,19,57,2,7,7,10,4,0,0,0,0,0,0,3,11,0,75,1039,26,1,0,3,2,4932,0
1975,Graduation,Alone,70300.0,1,0,2013-07-15,89,1045,61,338,60,46,46,3,5,5,13,8,0,0,0,0,0,0,3,11,0,51,1596,26,1,0,1,0,4786,0
1984,PhD,With_Partner,70643.0,0,0,2012-10-15,66,1218,107,304,23,143,33,1,5,8,4,6,0,0,0,0,0,0,3,11,1,42,1828,18,0,0,3,2,5059,0
1969,PhD,With_Partner,30396.0,1,0,2014-04-30,22,15,0,6,0,1,12,2,1,1,2,7,1,0,0,0,0,0,3,11,1,57,34,6,1,1,3,2,4497,0
1968,PhD,Alone,50616.0,0,1,2014-04-18,56,128,0,16,0,1,4,2,4,0,4,7,0,0,0,0,0,0,3,11,0,58,149,10,1,0,3,0,4509,0
1969,Master,Alone,62772.0,0,1,2013-05-19,74,581,49,157,43,8,108,1,5,6,11,2,0,1,0,0,0,0,3,11,0,57,946,23,1,1,2,0,4843,0
1985,PhD,Alone,30298.0,0,0,2014-05-19,48,6,3,12,6,1,0,1,1,1,3,3,0,0,0,0,0,0,3,11,0,41,28,6,0,0,3,0,4478,0
1984,Graduation,Alone,52413.0,1,0,2012-11-03,67,185,8,133,56,56,12,2,7,1,7,7,0,0,0,0,0,0,3,11,0,42,450,17,1,0,1,0,5040,0
1957,PhD,With_Partner,44155.0,1,1,2014-01-19,24,22,1,9,0,0,14,1,1,1,2,4,0,0,0,0,0,0,3,11,0,69,46,5,2,0,3,2,4598,0
1971,PhD,Alone,86979.0,0,0,2013-11-07,67,584,100,835,65,83,35,1,5,5,5,2,1,0,0,0,0,0,3,11,1,55,1702,16,0,1,3,0,4671,0
1975,Graduation,With_Partner,76532.0,1,1,2013-09-09,38,355,30,177,90,138,30,4,9,5,7,5,0,0,0,0,0,0,3,11,0,51,820,25,2,0,1,2,4730,0
1982,Graduation,With_Partner,42081.0,1,0,2013-02-26,86,175,10,110,54,6,27,2,6,3,4,6,1,0,0,0,0,0,3,11,0,44,382,15,1,1,1,2,4925,0
1989,Master,With_Partner,88420.0,0,0,2014-05-02,87,957,153,612,99,95,153,1,4,7,8,1,1,0,1,1,0,0,3,11,0,37,2069,20,0,3,2,2,4495,0
1985,Graduation,With_Partner,31158.0,1,0,2013-01-27,62,25,6,16,20,0,5,2,2,0,3,8,0,0,0,0,0,0,3,11,0,41,72,7,1,0,1,2,4955,0
1968,Graduation,Alone,61671.0,0,1,2014-06-03,23,641,7,56,0,0,28,8,10,4,6,8,0,1,0,1,0,0,3,11,0,58,732,28,1,2,1,0,4463,0
1974,Graduation,Alone,69719.0,0,0,2014-05-26,99,273,86,208,177,14,43,1,2,3,5,1,0,0,0,0,0,0,3,11,0,52,801,11,0,0,1,0,4471,0
1949,Graduation,Alone,49160.0,0,1,2013-10-20,29,122,21,43,25,10,15,2,3,1,6,6,0,0,0,0,0,0,3,11,0,77,236,12,1,0,1,0,4689,0
1954,PhD,Alone,90933.0,0,0,2014-03-31,90,1020,31,430,62,63,79,1,4,6,4,1,0,0,1,0,0,0,3,11,0,72,1685,15,0,1,3,0,4527,0
1945,PhD,Alone,113734.0,0,0,2014-05-28,9,6,2,3,1,262,3,0,27,0,0,1,0,0,0,0,0,0,3,11,0,81,277,27,0,0,3,0,4469,0
1983,Graduation,Alone,22148.0,0,0,2014-04-13,16,15,5,14,0,4,11,1,1,0,3,7,0,0,0,0,0,0,3,11,0,43,49,5,0,0,1,0,4514,0
1987,Master,With_Partner,73395.0,0,0,2014-03-18,94,272,7,80,20,7,11,1,4,4,6,2,0,0,0,0,0,0,3,11,0,39,397,15,0,0,2,2,4540,0
1971,Graduation,Alone,29819.0,1,0,2013-10-24,77,9,1,24,2,1,2,3,3,0,3,6,0,0,0,0,0,0,3,11,0,55,39,9,1,0,1,0,4685,0
1968,Graduation,With_Partner,45688.0,0,1,2014-01-25,20,279,0,18,0,0,9,2,3,1,8,4,0,1,0,0,0,0,3,11,0,58,306,14,1,1,1,2,4592,0
1971,PhD,With_Partner,60491.0,0,1,2013-09-06,81,637,47,237,12,19,76,4,6,11,7,5,0,0,0,0,0,0,3,11,0,55,1028,28,1,0,3,2,4733,0
1986,Graduation,With_Partner,33235.0,1,0,2014-02-05,71,45,0,16,2,1,6,1,3,0,3,7,0,0,0,0,0,0,3,11,0,40,70,7,1,0,1,2,4581,0
1959,Graduation,With_Partner,35701.0,0,0,2013-03-19,36,21,1,9,7,3,5,1,1,0,3,6,0,0,0,0,0,0,3,11,0,67,46,5,0,0,1,2,4904,0
1980,Master,With_Partner,31535.0,1,0,2013-09-26,95,15,4,13,0,0,19,1,1,1,2,7,1,0,0,0,0,0,3,11,0,46,51,5,1,1,2,2,4713,0
1960,Basic,With_Partner,92556.0,0,0,2014-04-20,32,493,183,352,184,23,28,0,3,5,13,0,0,0,0,0,0,0,3,11,0,66,1263,21,0,0,0,2,4507,0
1970,Graduation,Alone,67384.0,0,1,2012-11-10,32,957,40,175,158,53,107,2,7,8,5,5,0,1,0,0,0,0,3,11,0,56,1490,22,1,1,1,0,5033,0
1967,Graduation,With_Partner,77870.0,0,1,2012-08-22,93,1017,50,500,65,50,133,3,5,5,5,8,0,1,0,1,0,0,3,11,1,59,1815,18,1,2,1,2,5113,0
1963,PhD,Alone,52278.0,0,1,2013-01-25,24,953,0,71,0,0,174,6,10,5,10,8,0,0,0,0,0,0,3,11,0,63,1198,31,1,0,3,0,4957,0
1968,Graduation,Alone,57107.0,0,1,2012-08-24,44,159,0,120,0,0,137,7,4,4,8,8,0,1,0,0,1,0,3,11,1,58,416,23,1,2,1,0,5111,0
1981,PhD,Alone,36038.0,1,0,2013-05-31,82,23,0,15,0,2,7,2,3,0,3,6,0,0,0,0,0,0,3,11,0,45,47,8,1,0,3,0,4831,0
1965,PhD,With_Partner,34230.0,1,1,2012-12-26,72,15,0,4,0,0,2,1,1,0,2,7,0,0,0,0,0,0,3,11,0,61,21,4,2,0,3,2,4987,0
1977,Basic,Alone,31878.0,0,1,2014-06-22,7,23,4,5,10,5,23,1,1,0,4,3,0,0,0,0,0,0,3,11,0,49,70,6,1,0,0,0,4444,0
1972,Basic,With_Partner,70932.0,0,1,2014-01-19,57,200,193,100,46,185,185,2,6,2,12,3,0,0,0,0,0,0,3,11,0,54,909,22,1,0,0,2,4598,0
1956,Graduation,Alone,91249.0,0,0,2012-10-20,84,1324,27,119,71,108,27,0,7,9,6,4,0,1,1,1,1,0,3,11,1,70,1676,22,0,4,1,0,5054,0
1943,Master,Alone,77598.0,0,0,2013-10-01,53,1193,33,281,129,66,33,1,7,5,13,3,0,0,1,0,0,0,3,11,0,83,1735,26,0,1,2,0,4708,0
1959,Graduation,Alone,80982.0,1,1,2013-01-08,48,505,137,401,104,22,22,3,11,5,11,5,0,0,0,0,0,1,3,11,0,67,1191,30,2,0,1,0,4974,1
1977,Master,With_Partner,22701.0,1,0,2013-09-05,2,2,4,9,0,4,5,1,1,0,3,5,0,0,0,0,0,0,3,11,0,49,24,5,1,0,2,2,4734,0
1970,Graduation,With_Partner,70617.0,0,0,2013-06-23,45,353,61,753,40,46,27,1,3,3,7,2,0,0,0,0,0,0,3,11,0,56,1280,14,0,0,1,2,4808,0
1957,Graduation,Alone,64849.0,0,0,2012-11-13,42,652,48,350,94,84,108,1,9,3,6,5,0,0,0,0,0,0,3,11,1,69,1336,19,0,0,1,0,5030,0
1965,Master,With_Partner,62694.0,1,1,2013-06-17,29,379,6,157,25,91,91,5,9,3,7,7,0,0,0,0,0,0,3,11,0,61,749,24,2,0,2,2,4814,0
1974,PhD,With_Partner,61917.0,1,1,2013-11-20,83,46,4,36,2,2,1,1,2,0,4,5,0,0,0,0,0,0,3,11,0,52,91,7,2,0,3,2,4658,0
1947,PhD,With_Partner,67472.0,0,1,2013-09-28,93,162,31,127,8,17,69,2,4,2,7,3,0,0,0,0,0,0,3,11,0,79,414,15,1,0,3,2,4711,0
1982,Master,With_Partner,21059.0,1,0,2014-01-07,40,8,3,19,3,3,8,3,3,0,3,6,0,0,0,0,0,0,3,11,0,44,44,9,1,0,2,2,4610,0
1968,Master,With_Partner,29543.0,2,0,2014-04-01,47,17,3,18,3,4,18,2,3,1,2,7,0,0,0,0,0,0,3,11,0,58,63,8,2,0,2,2,4526,0
1951,Graduation,With_Partner,75903.0,0,1,2013-04-08,50,340,108,185,130,38,100,2,6,6,9,3,0,0,0,0,0,0,3,11,0,75,901,23,1,0,1,2,4884,0
1975,Basic,With_Partner,34984.0,1,1,2012-09-06,40,8,4,15,3,5,3,2,1,0,3,7,0,0,0,0,0,0,3,11,0,51,38,6,2,0,0,2,5098,0
1956,PhD,Alone,54998.0,0,1,2013-03-10,3,154,22,202,39,30,8,5,4,2,9,4,0,0,0,0,0,0,3,11,1,70,455,20,1,0,3,0,4913,0
1949,PhD,Alone,54356.0,0,1,2012-11-19,62,710,15,30,20,0,0,3,11,2,8,8,0,0,0,0,0,0,3,11,1,77,775,24,1,0,3,0,5024,0
1959,Master,With_Partner,34242.0,0,1,2014-03-23,25,8,2,4,0,0,1,1,0,0,3,5,0,0,0,0,0,0,3,11,0,67,15,4,1,0,2,2,4535,0
1973,Graduation,With_Partner,25410.0,1,0,2013-08-31,48,2,2,4,13,13,4,1,1,0,4,4,0,0,0,0,0,0,3,11,0,53,38,6,1,0,1,2,4739,0
1984,PhD,With_Partner,73356.0,0,0,2014-02-06,56,1050,14,322,0,14,112,1,5,11,5,2,1,0,1,1,0,0,3,11,1,42,1512,22,0,3,3,2,4580,0
1950,Graduation,With_Partner,28320.0,0,1,2013-01-14,68,19,1,14,3,2,4,1,1,0,3,8,0,0,0,0,0,0,3,11,0,76,43,5,1,0,1,2,4968,0
1977,Graduation,Alone,23763.0,1,0,2012-08-07,64,22,0,6,6,2,6,1,1,0,3,7,0,0,0,0,0,0,3,11,0,49,42,5,1,0,1,0,5128,0
1984,Graduation,With_Partner,72570.0,0,0,2014-04-25,67,274,83,216,151,141,224,1,4,6,12,1,0,0,0,0,0,0,3,11,0,42,1089,23,0,0,1,2,4502,0
1976,Master,With_Partner,34529.0,1,0,2012-09-14,94,68,6,38,3,6,41,2,2,2,3,7,0,0,0,0,0,0,3,11,0,50,162,9,1,0,2,2,5090,0
1951,Graduation,Alone,70792.0,0,0,2013-02-06,82,344,45,654,104,11,114,2,3,4,10,3,0,0,0,0,0,0,3,11,0,75,1272,19,0,0,1,0,4945,0
1982,Graduation,With_Partner,63211.0,0,0,2012-11-02,3,145,193,459,205,26,145,2,3,8,7,2,0,0,0,0,0,0,3,11,1,44,1173,20,0,0,1,2,5041,0
1974,Master,With_Partner,83891.0,0,1,2014-06-20,24,217,38,350,111,85,15,1,4,7,10,1,0,0,0,0,0,0,3,11,0,52,816,22,1,0,2,2,4446,0
1968,Graduation,Alone,36065.0,1,1,2013-03-31,54,18,7,34,10,2,3,3,3,0,3,8,0,0,0,0,0,0,3,11,0,58,74,9,2,0,1,0,4892,0
1940,PhD,Alone,51141.0,0,0,2013-07-08,96,144,0,7,0,0,6,1,3,1,4,5,0,0,0,0,0,0,3,11,0,86,157,9,0,0,3,0,4793,0
1976,Graduation,With_Partner,56939.0,0,1,2013-09-18,19,256,34,103,90,29,49,2,3,3,10,3,0,0,0,0,0,0,3,11,0,50,561,18,1,0,1,2,4721,0
1951,Graduation,Alone,80872.0,0,0,2014-05-12,60,483,72,567,94,12,108,1,4,4,10,1,0,0,0,0,0,0,3,11,0,75,1336,19,0,0,1,0,4485,0
1976,PhD,With_Partner,72335.0,0,0,2012-08-13,2,1285,105,653,28,21,0,1,10,4,8,8,0,0,0,0,0,0,3,11,1,50,2092,23,0,0,3,2,5122,0
1964,PhD,Alone,61798.0,0,0,2013-11-23,13,338,4,89,11,8,13,1,4,2,9,4,0,0,0,0,0,0,3,11,0,62,463,16,0,0,3,0,4655,0
1950,PhD,Alone,76842.0,0,0,2014-05-03,37,605,10,345,84,54,32,1,1,8,7,0,0,0,0,0,0,0,3,11,0,76,1130,17,0,0,3,0,4494,0
1976,Graduation,With_Partner,29478.0,1,0,2014-01-17,59,8,0,7,3,1,1,1,1,0,3,6,0,0,0,0,0,0,3,11,0,50,20,5,1,0,1,2,4600,0
1956,Graduation,Alone,46998.0,0,1,2012-10-22,55,172,41,86,45,6,27,5,5,3,5,7,1,0,0,0,0,0,3,11,0,70,377,18,1,1,1,0,5052,0
1990,Graduation,Alone,96843.0,0,0,2013-04-23,60,448,71,951,40,17,17,1,6,11,10,2,0,0,1,0,0,0,3,11,1,36,1544,28,0,1,1,0,4869,0
1965,Master,With_Partner,70053.0,0,1,2013-07-03,38,512,53,98,81,179,89,3,8,5,10,5,0,0,0,0,0,0,3,11,0,61,1012,26,1,0,2,2,4798,0
1962,PhD,Alone,71670.0,0,0,2013-07-09,8,1462,16,128,0,0,160,1,5,3,6,6,0,1,1,0,1,0,3,11,1,64,1766,15,0,3,3,0,4792,0
1978,Graduation,With_Partner,44359.0,1,1,2014-06-17,19,20,0,14,7,3,1,3,2,0,4,3,0,0,0,0,0,0,3,11,0,48,45,9,2,0,1,2,4449,0
1952,Graduation,Alone,40887.0,1,1,2013-05-06,32,50,4,44,10,10,43,3,3,1,3,9,0,0,0,0,0,0,3,11,1,74,161,10,2,0,1,0,4856,0
1966,Graduation,Alone,48877.0,0,1,2014-01-05,27,102,1,15,2,0,24,1,3,0,4,7,0,0,0,0,0,0,3,11,0,60,144,8,1,0,1,0,4612,0
1947,Graduation,With_Partner,74485.0,0,0,2013-08-24,58,499,149,815,173,49,49,1,6,7,12,3,0,0,0,0,0,0,3,11,0,79,1734,26,0,0,1,2,4746,0
1972,Graduation,With_Partner,64474.0,0,1,2013-10-22,59,381,35,172,56,86,93,2,8,2,10,5,0,0,0,0,0,0,3,11,0,54,823,22,1,0,1,2,4687,0
1963,Graduation,With_Partner,77226.0,0,1,2014-02-28,29,631,43,239,128,76,21,2,6,8,12,3,0,0,0,0,0,0,3,11,0,63,1138,28,1,0,1,2,4558,0
1949,Graduation,Alone,72643.0,0,0,2013-02-27,60,526,80,553,123,94,53,1,3,10,7,2,0,0,0,1,0,0,3,11,1,77,1429,21,0,1,1,0,4924,0
1978,Master,With_Partner,85738.0,0,0,2014-01-23,41,913,26,376,17,26,13,1,3,6,11,1,0,1,1,0,0,0,3,11,0,48,1371,21,0,2,2,2,4594,0
1966,Graduation,Alone,55686.0,0,1,2013-02-14,27,673,0,199,37,47,26,2,6,3,5,4,1,0,0,0,0,0,3,11,0,60,982,16,1,1,1,0,4937,0
1983,Graduation,Alone,39062.0,1,0,2014-03-25,28,23,0,9,0,0,12,1,1,0,3,4,1,0,0,0,0,0,3,11,0,43,44,5,1,1,1,0,4533,0
1975,Graduation,With_Partner,40794.0,0,1,2013-04-07,18,261,23,73,4,23,50,2,6,3,5,7,0,0,0,0,0,0,3,11,0,51,434,16,1,0,1,2,4885,0
1969,Graduation,With_Partner,4428.0,0,1,2013-10-05,0,16,4,12,2,4,321,0,25,0,0,1,0,0,0,0,0,0,3,11,0,57,359,25,1,0,1,2,4704,0
1963,Basic,With_Partner,32632.0,0,0,2012-08-02,32,63,151,137,153,19,53,2,4,4,8,5,0,0,0,0,0,0,3,11,0,63,576,18,0,0,0,2,5133,0
1968,PhD,Alone,38236.0,1,1,2013-09-20,2,58,0,18,2,0,10,4,3,0,4,7,0,0,0,0,0,0,3,11,0,58,88,11,2,0,3,0,4719,0
1979,Graduation,With_Partner,36781.0,1,0,2014-04-10,16,29,1,17,0,3,13,1,2,1,2,8,0,0,0,0,0,0,3,11,1,47,63,6,1,0,1,2,4517,0
1984,Master,Alone,31385.0,1,0,2012-12-05,56,3,2,12,0,1,9,1,1,0,2,8,1,0,0,0,0,0,3,11,1,42,27,4,1,1,2,0,5008,0
1984,Graduation,With_Partner,24570.0,1,0,2013-02-27,97,28,34,62,11,14,44,3,4,0,4,9,0,0,0,0,0,0,3,11,0,42,193,11,1,0,1,2,4924,0
1951,Graduation,With_Partner,94642.0,0,0,2014-02-12,35,879,143,797,106,143,143,0,5,7,9,1,0,0,1,1,0,0,3,11,0,75,2211,21,0,2,1,2,4574,0
1962,Master,With_Partner,58646.0,0,1,2013-06-10,3,62,1,44,6,5,22,1,2,1,4,4,0,0,0,0,0,0,3,11,0,64,140,8,1,0,2,2,4821,0
1975,Graduation,Alone,53201.0,1,1,2013-02-12,49,280,7,81,20,0,27,8,6,3,5,7,0,0,0,0,0,0,3,11,0,51,415,22,2,0,1,0,4939,0
1978,Graduation,With_Partner,57113.0,1,1,2013-02-06,45,182,4,33,0,2,42,6,4,1,5,7,0,0,0,0,0,0,3,11,0,48,263,16,2,0,1,2,4945,0
1991,Graduation,With_Partner,51373.0,0,0,2013-06-22,37,83,2,101,64,26,117,1,3,5,3,4,0,0,0,0,0,0,3,11,0,35,393,12,0,0,1,2,4809,0
1986,Graduation,With_Partner,23477.0,1,0,2013-10-21,39,38,15,54,3,8,29,3,3,0,4,8,0,0,0,0,0,0,3,11,0,40,147,10,1,0,1,2,4688,0
1956,Graduation,With_Partner,58116.0,0,1,2014-04-13,38,228,19,130,4,11,51,2,3,3,8,2,0,0,0,0,0,0,3,11,0,70,443,16,1,0,1,2,4514,0
1963,PhD,Alone,72968.0,0,0,2013-12-16,8,1092,37,592,145,37,55,1,5,5,8,3,0,0,0,1,0,0,3,11,1,63,1958,19,0,1,3,0,4632,0
1971,Master,With_Partner,39791.0,0,1,2013-03-28,89,85,15,27,13,13,21,2,3,1,4,7,0,0,0,0,0,0,3,11,0,55,174,10,1,0,2,2,4895,0
1947,Master,Alone,91712.0,0,0,2013-10-17,47,1276,24,746,94,29,48,0,9,7,11,3,0,0,1,0,0,0,3,11,1,79,2217,27,0,1,2,0,4692,0
1958,Graduation,Alone,94472.0,0,1,2014-04-03,75,1017,33,417,108,100,16,1,5,5,5,5,0,1,1,0,0,0,3,11,0,68,1691,16,1,2,1,0,4524,0
1960,Graduation,With_Partner,13672.0,1,1,2013-04-17,86,6,2,9,2,1,5,2,1,0,3,8,0,0,0,0,0,0,3,11,0,66,25,6,2,0,1,2,4875,0
1980,Basic,With_Partner,96547.0,0,0,2014-05-23,4,448,21,125,52,101,62,0,7,6,8,2,1,0,1,1,0,0,3,11,1,46,809,21,0,3,0,2,4474,0
1975,Graduation,With_Partner,79205.0,0,0,2012-08-29,73,504,23,117,179,28,44,1,6,5,4,4,0,0,0,1,0,0,3,11,1,51,895,16,0,1,1,2,5106,0
1975,PhD,With_Partner,56559.0,0,1,2012-12-25,46,226,22,133,41,31,31,3,4,3,8,4,0,0,0,0,0,0,3,11,0,51,484,18,1,0,3,2,4988,0
1973,PhD,With_Partner,32644.0,1,0,2013-01-16,38,239,3,141,0,7,23,4,7,1,6,8,1,0,0,0,0,0,3,11,0,53,413,18,1,1,3,2,4966,0
1980,Basic,Alone,67506.0,0,1,2014-01-02,73,90,38,67,33,36,67,1,4,1,6,3,0,0,0,0,0,0,3,11,0,46,331,12,1,0,0,0,4615,0
1970,Graduation,Alone,24206.0,1,0,2013-03-08,66,7,2,8,3,2,3,1,1,0,3,6,0,0,0,0,0,0,3,11,0,56,25,5,1,0,1,0,4915,0
1967,PhD,Alone,28420.0,1,0,2013-12-24,36,4,2,5,2,0,0,1,1,0,2,6,0,0,0,0,0,0,3,11,0,59,13,4,1,0,3,0,4624,0
1970,Graduation,With_Partner,22979.0,1,0,2012-09-06,29,16,17,19,20,21,22,3,3,2,2,8,0,0,0,0,0,0,3,11,1,56,115,10,1,0,1,2,5098,0
1966,Graduation,Alone,33279.0,0,0,2014-06-12,29,10,3,3,0,0,0,1,0,0,3,3,0,0,0,0,0,0,3,11,0,60,16,4,0,0,1,0,4454,0
1977,Graduation,With_Partner,30368.0,0,1,2013-11-07,97,35,0,13,2,0,2,2,2,0,3,8,0,0,0,0,0,0,3,11,0,49,52,7,1,0,1,2,4671,0
1970,Graduation,With_Partner,63684.0,0,1,2012-11-26,61,575,80,428,208,93,80,3,8,4,8,5,0,0,0,0,0,0,3,11,0,56,1464,23,1,0,1,2,5017,0
1964,Graduation,Alone,41638.0,0,1,2013-02-13,68,315,0,31,4,0,91,4,5,5,3,8,1,0,0,0,0,0,3,11,0,62,441,17,1,1,1,0,4938,0
1959,PhD,Alone,68805.0,0,1,2013-09-17,73,182,2,49,17,13,20,1,3,1,7,2,0,0,0,0,0,0,3,11,0,67,283,12,1,0,3,0,4722,0
1966,PhD,With_Partner,65814.0,0,1,2014-03-02,90,561,14,113,10,14,35,3,8,2,10,5,0,0,0,0,0,0,3,11,0,60,747,23,1,0,3,2,4556,0
1958,Graduation,Alone,71964.0,0,0,2013-05-20,81,587,51,932,180,34,86,1,5,6,5,3,0,0,0,0,0,0,3,11,0,68,1870,17,0,0,1,0,4842,0
1986,Graduation,Alone,39146.0,1,0,2013-02-14,1,94,1,33,13,12,12,3,4,0,4,8,0,0,0,0,0,0,3,11,0,40,165,11,1,0,1,0,4937,0
1977,Graduation,With_Partner,96876.0,0,0,2013-08-06,79,908,43,735,40,194,21,1,7,7,9,2,0,1,1,1,0,0,3,11,1,49,1941,24,0,3,1,2,4764,0
1981,Basic,With_Partner,34445.0,0,0,2013-01-27,92,228,122,122,208,129,30,6,11,2,8,9,0,0,0,0,0,0,3,11,0,45,839,27,0,0,0,2,4955,0
1958,Graduation,Alone,68281.0,0,0,2012-08-07,31,995,112,417,42,48,41,1,2,9,13,5,0,0,0,0,0,0,3,11,1,68,1655,25,0,0,1,0,5128,0
1983,Graduation,With_Partner,36790.0,0,0,2013-03-01,14,3,3,14,15,21,10,1,2,1,2,9,0,0,0,0,0,0,3,11,1,43,66,6,0,0,1,2,4922,0
1967,Graduation,With_Partner,27943.0,1,1,2013-04-15,89,12,1,16,4,1,3,3,2,0,3,8,0,0,0,0,0,0,3,11,0,59,37,8,2,0,1,2,4877,0
1951,Graduation,Alone,22263.0,1,1,2014-03-30,31,17,0,2,0,0,2,2,1,0,3,6,0,0,0,0,0,1,3,11,0,75,21,6,2,0,1,0,4528,1
1972,Graduation,With_Partner,30261.0,1,2,2012-09-25,75,8,0,5,0,3,6,1,0,0,3,8,0,0,0,0,0,0,3,11,0,54,22,4,3,0,1,2,5079,0
1978,Graduation,With_Partner,28587.0,1,0,2014-02-12,42,22,4,17,12,10,13,3,2,0,4,6,0,0,0,0,0,0,3,11,0,48,78,9,1,0,1,2,4574,0
1982,Master,With_Partner,43815.0,1,0,2013-04-05,53,14,10,29,4,7,15,1,2,0,3,6,0,0,0,0,0,0,3,11,0,44,79,6,1,0,2,2,4887,0
1956,Graduation,With_Partner,48195.0,1,1,2014-01-21,53,106,27,68,52,7,5,6,4,2,5,6,0,0,0,0,0,0,3,11,0,70,265,17,2,0,1,2,4596,0
1952,Master,With_Partner,77027.0,0,1,2014-02-05,23,820,57,242,45,0,11,2,8,3,6,4,0,0,0,0,0,0,3,11,0,74,1175,19,1,0,2,2,4581,0
1965,PhD,With_Partner,71322.0,0,1,2013-02-16,57,753,43,226,69,10,204,2,8,5,13,4,0,0,0,0,0,0,3,11,0,61,1305,28,1,0,3,2,4935,0
1979,Master,With_Partner,32765.0,1,0,2014-02-23,49,13,3,17,7,3,3,2,2,0,4,5,0,0,0,0,0,0,3,11,0,47,46,8,1,0,2,2,4563,0
1953,Graduation,Alone,23272.0,0,0,2013-10-17,29,19,3,6,4,2,12,1,1,0,3,4,0,0,0,0,0,0,3,11,0,73,46,5,0,0,1,0,4692,0
1949,Master,With_Partner,49912.0,0,1,2012-09-07,5,520,8,223,32,49,42,4,10,5,7,8,1,0,0,0,0,0,3,11,1,77,874,26,1,1,2,2,5097,0
1985,Basic,With_Partner,7500.0,1,0,2012-08-01,98,5,17,17,13,14,34,4,2,1,3,9,0,0,0,0,0,0,3,11,0,41,100,10,1,0,0,2,5134,0
1947,PhD,Alone,68117.0,0,1,2013-03-10,80,618,44,215,0,17,36,2,11,8,4,6,1,0,0,0,0,0,3,11,1,79,930,25,1,1,3,0,4913,0
1955,Graduation,With_Partner,67225.0,0,1,2013-11-26,4,315,35,322,46,7,143,3,7,2,11,5,0,0,0,0,0,0,3,11,0,71,868,23,1,0,1,2,4652,0
1976,Graduation,With_Partner,17649.0,1,0,2013-11-12,70,15,1,23,0,5,1,3,3,0,3,8,0,0,0,0,0,0,3,11,0,50,45,9,1,0,1,2,4666,0
1975,Graduation,With_Partner,55914.0,0,1,2013-04-29,32,384,60,364,119,101,232,4,11,6,8,7,0,0,0,0,0,0,3,11,0,51,1260,29,1,0,1,2,4863,0
1984,Graduation,With_Partner,40059.0,1,0,2013-09-28,82,110,29,92,28,10,145,1,6,2,3,8,1,0,0,0,0,0,3,11,0,42,414,12,1,1,1,2,4711,0
1950,Graduation,With_Partner,60905.0,0,1,2013-12-05,27,208,17,76,36,17,38,2,3,3,7,2,0,0,0,0,0,0,3,11,0,76,392,15,1,0,1,2,4643,0
1977,Graduation,With_Partner,75330.0,1,1,2012-10-04,94,555,82,257,93,61,61,4,10,3,12,6,0,0,0,0,0,0,3,11,0,49,1109,29,2,0,1,2,5070,0
1951,Graduation,Alone,60689.0,0,1,2013-06-01,23,240,90,216,63,6,24,4,4,4,10,3,0,0,0,0,0,0,3,11,0,75,639,22,1,0,1,0,4830,0
1984,Graduation,With_Partner,38680.0,1,0,2013-03-28,97,11,0,36,15,5,12,1,2,0,3,7,0,0,0,0,0,0,3,11,0,42,79,6,1,0,1,2,4895,0
1982,Graduation,With_Partner,61416.0,0,0,2013-02-08,25,848,154,323,201,61,78,1,10,3,10,6,1,0,0,0,0,0,3,11,0,44,1665,24,0,1,1,2,4943,0
1991,Graduation,Alone,49767.0,0,0,2013-05-02,92,202,47,197,55,42,149,1,5,4,8,4,0,0,0,0,0,0,3,11,0,35,692,18,0,0,1,0,4860,0
1970,Graduation,Alone,83273.0,1,2,2012-09-25,98,433,89,650,16,102,102,10,4,6,9,7,0,0,0,0,0,0,3,11,0,56,1392,29,3,0,1,0,5079,0
1981,Graduation,With_Partner,29009.0,1,0,2013-11-29,19,6,6,15,10,5,2,2,2,0,3,6,0,0,0,0,0,0,3,11,0,45,44,7,1,0,1,2,4649,0
1979,Master,With_Partner,45057.0,1,0,2013-12-01,80,37,0,7,3,0,3,1,2,0,3,5,0,0,0,0,0,0,3,11,0,47,50,6,1,0,2,2,4647,0
1971,Graduation,With_Partner,37150.0,1,0,2012-09-11,80,167,37,64,49,34,116,8,4,3,6,7,0,0,0,0,0,0,3,11,0,55,467,21,1,0,1,2,5093,0
1970,Graduation,Alone,43020.0,1,0,2013-11-30,79,45,7,99,4,25,43,3,4,1,4,6,0,0,0,0,0,0,3,11,0,56,223,12,1,0,1,0,4648,0
1959,Graduation,With_Partner,53154.0,0,1,2014-06-09,50,129,0,21,0,1,7,1,3,1,4,4,0,0,0,0,0,0,3,11,0,67,158,9,1,0,1,2,4457,0
1973,Graduation,With_Partner,65308.0,0,0,2013-09-11,60,713,0,264,120,80,34,1,7,8,12,4,0,0,1,1,0,0,3,11,0,53,1211,28,0,2,1,2,4728,0
1970,Graduation,Alone,76467.0,1,0,2012-08-17,44,676,161,426,210,44,58,2,2,5,5,6,0,0,0,0,0,0,3,11,1,56,1575,14,1,0,1,0,5118,0
1947,Basic,With_Partner,81044.0,0,0,2013-12-27,0,450,26,535,73,98,26,1,5,6,10,1,0,0,0,0,0,0,3,11,0,79,1208,22,0,0,0,2,4621,0
1951,Graduation,With_Partner,32871.0,1,1,2013-03-09,28,22,2,12,0,2,5,1,1,0,3,4,0,0,0,0,0,0,3,11,0,75,43,5,2,0,1,2,4914,0
1975,Graduation,Alone,55801.0,1,1,2013-09-22,35,367,4,51,6,4,95,6,7,2,6,7,0,0,0,1,0,0,3,11,0,51,527,21,2,1,1,0,4717,0
1959,Graduation,Alone,76320.0,0,1,2014-06-22,49,526,35,214,69,53,35,2,6,3,4,2,0,0,0,0,0,0,3,11,0,67,932,15,1,0,1,0,4444,0
1955,Master,Alone,36927.0,1,1,2014-06-02,46,51,0,16,0,0,4,2,3,0,3,8,0,0,0,0,0,0,3,11,0,71,71,8,2,0,2,0,4464,0
1953,Graduation,With_Partner,48794.0,1,1,2014-06-26,97,25,0,11,3,0,15,1,1,0,3,4,0,0,0,0,0,0,3,11,0,73,54,5,2,0,1,2,4440,0
1965,Graduation,Alone,23478.0,0,0,2013-03-19,51,28,6,27,12,17,39,1,3,0,3,8,0,0,0,0,0,0,3,11,0,61,129,7,0,0,1,0,4904,0
1973,Graduation,Alone,71128.0,1,0,2012-10-06,80,958,159,447,20,0,31,3,2,10,12,7,0,0,0,0,0,0,3,11,0,53,1615,27,1,0,1,0,5068,0
1950,Graduation,With_Partner,59462.0,0,1,2013-01-05,29,724,17,143,0,8,196,2,9,2,12,7,0,0,0,0,0,0,3,11,0,76,1088,25,1,0,1,2,4977,0
1969,Master,With_Partner,,1,1,2013-05-18,52,375,42,48,94,66,96,7,4,10,4,3,0,0,0,0,0,0,3,11,0,57,721,25,2,0,2,2,4844,0
1981,PhD,Alone,,1,0,2013-05-31,82,23,0,15,0,2,7,2,3,0,3,6,0,0,0,0,0,0,3,11,0,45,47,8,1,0,3,0,4831,0
1978,Graduation,With_Partner,42554.0,1,1,2013-01-12,93,29,1,11,0,0,0,2,2,0,3,4,0,0,0,0,0,0,3,11,0,48,41,7,2,0,1,2,4970,0
1951,Graduation,Alone,67046.0,0,1,2013-01-06,92,544,35,133,23,151,107,2,4,5,4,2,0,0,0,0,0,0,3,11,0,75,993,15,1,0,1,0,4976,0
1948,Graduation,With_Partner,42192.0,0,0,2013-09-06,40,40,15,15,17,6,7,1,2,1,3,4,0,0,0,0,0,0,3,11,0,78,100,7,0,0,1,2,4733,0
1952,PhD,With_Partner,77610.0,0,1,2012-10-29,70,1245,33,332,21,33,16,2,4,7,4,7,0,0,0,0,0,0,3,11,0,74,1680,17,1,0,3,2,5045,0
1984,Graduation,With_Partner,31761.0,1,0,2014-04-05,96,19,1,20,16,14,28,2,3,0,4,5,0,0,0,0,0,0,3,11,0,42,98,9,1,0,1,2,4522,0
1979,Graduation,With_Partner,34350.0,1,0,2013-10-19,81,16,3,15,2,1,11,1,1,0,3,7,0,0,0,0,0,0,3,11,0,47,48,5,1,0,1,2,4690,0
1949,Graduation,With_Partner,54591.0,0,1,2013-08-05,63,376,4,94,12,9,24,3,6,2,8,5,0,0,0,0,0,0,3,11,0,77,519,19,1,0,1,2,4765,0
1956,Graduation,With_Partner,71866.0,0,1,2013-12-25,85,184,178,178,103,39,33,1,6,3,10,3,0,0,0,0,0,0,3,11,0,70,715,20,1,0,1,2,4623,0
1983,Graduation,With_Partner,69520.0,0,0,2013-07-07,95,627,120,414,121,80,93,1,9,6,5,5,0,0,0,0,0,0,3,11,0,43,1455,21,0,0,1,2,4794,0
1970,Graduation,Alone,64713.0,1,0,2014-02-07,11,180,60,241,13,54,54,2,5,5,7,4,0,0,0,0,0,0,3,11,1,56,602,19,1,0,1,0,4579,0
1977,Master,With_Partner,27889.0,1,0,2013-07-05,42,14,0,4,0,0,8,1,1,1,2,6,0,0,0,0,0,0,3,11,0,49,26,5,1,0,2,2,4796,0
1960,Basic,Alone,22123.0,0,0,2014-03-27,77,3,3,24,34,7,31,1,2,1,3,5,0,0,0,0,0,0,3,11,0,66,102,7,0,0,0,0,4531,0
1971,Graduation,With_Partner,,1,1,2013-03-03,82,71,1,16,0,0,9,4,2,1,3,8,0,0,0,0,0,0,3,11,0,55,97,10,2,0,1,2,4920,0
1954,Master,With_Partner,,0,1,2013-06-23,83,161,0,22,0,0,24,2,4,1,4,6,0,0,0,0,0,0,3,11,0,72,207,11,1,0,2,2,4808,0
1973,Graduation,With_Partner,27803.0,1,0,2012-08-26,40,8,26,46,38,9,49,2,3,0,4,8,0,0,0,0,0,0,3,11,0,53,176,9,1,0,1,2,5109,0
1955,Graduation,Alone,,0,1,2013-10-18,95,264,0,21,12,6,147,3,6,1,5,7,0,0,0,0,0,0,3,11,0,71,450,15,1,0,1,0,4691,0
1960,Graduation,With_Partner,51651.0,0,1,2012-11-07,32,293,6,23,13,6,92,4,6,2,5,8,0,0,0,0,0,0,3,11,0,66,433,17,1,0,1,2,5036,0
1943,Master,Alone,,0,0,2013-10-30,75,532,126,490,164,126,126,1,5,5,11,1,0,0,1,0,0,0,3,11,1,83,1564,22,0,1,2,0,4679,0
1992,Basic,With_Partner,87000.0,0,0,2012-12-15,61,196,25,607,67,17,49,1,4,6,7,2,0,0,0,0,0,0,3,11,0,34,961,18,0,0,0,2,4998,0
1959,Graduation,With_Partner,79823.0,0,1,2014-03-31,6,835,73,380,114,73,43,1,6,9,7,2,0,1,0,0,0,0,3,11,0,67,1518,23,1,1,1,2,4527,0
1980,Graduation,Alone,30828.0,1,0,2013-10-04,16,16,11,15,2,0,12,2,1,1,4,3,0,0,0,0,0,0,3,11,0,46,56,8,1,0,1,0,4705,0
1971,Master,With_Partner,34109.0,0,1,2013-11-06,39,9,1,5,2,1,4,1,0,0,3,4,0,0,0,0,0,0,3,11,0,55,22,4,1,0,2,2,4672,0
1974,Master,Alone,53367.0,1,1,2013-08-31,2,229,7,140,10,3,11,7,5,1,8,7,0,0,0,0,0,0,3,11,1,52,400,21,2,0,2,0,4739,0
1969,Basic,With_Partner,22390.0,0,0,2013-10-21,49,0,1,4,15,1,5,1,1,0,2,7,0,0,0,0,0,0,3,11,0,57,26,4,0,0,0,2,4688,0
1976,Graduation,With_Partner,71322.0,0,1,2014-05-02,31,121,24,124,24,15,42,1,4,1,7,2,0,0,0,0,0,0,3,11,0,50,350,13,1,0,1,2,4495,0
1993,Graduation,Other,79244.0,0,0,2012-12-19,58,471,102,125,212,61,245,1,4,10,7,1,0,0,1,1,0,0,3,11,1,33,1216,22,0,2,1,1,4994,0
1950,PhD,With_Partner,48699.0,1,1,2013-05-21,90,26,1,10,2,0,1,1,1,0,3,5,0,0,0,0,0,0,3,11,0,76,40,5,2,0,3,2,4841,0
1975,Graduation,With_Partner,80144.0,0,0,2013-09-30,47,240,132,445,250,192,108,1,3,7,8,1,0,0,0,0,0,0,3,11,0,51,1367,19,0,0,1,2,4709,0
1956,Graduation,Alone,54252.0,1,1,2013-05-28,25,178,4,26,8,4,44,5,4,1,5,6,0,0,0,0,0,0,3,11,0,70,264,15,2,0,1,0,4834,0
1976,Master,With_Partner,81929.0,1,0,2012-09-29,60,1486,55,278,49,0,185,2,4,4,10,6,1,0,1,0,0,0,3,11,1,50,2053,20,1,2,2,2,5075,0
1975,Graduation,With_Partner,76068.0,0,1,2012-11-29,67,1115,12,128,33,12,76,1,2,3,4,6,0,1,0,0,1,0,3,11,0,51,1376,10,1,2,1,2,5014,0
1976,Master,With_Partner,53204.0,1,1,2014-03-20,40,29,0,8,2,0,6,1,1,0,3,4,0,0,0,0,0,0,3,11,0,50,45,5,2,0,2,2,4538,0
1984,Basic,With_Partner,14796.0,1,0,2012-09-17,1,13,3,8,7,4,16,2,1,0,3,9,0,0,0,0,0,0,3,11,1,42,51,6,1,0,0,2,5087,0
1974,PhD,With_Partner,78128.0,0,1,2014-02-19,89,934,24,230,16,24,36,2,8,4,6,3,0,1,1,0,0,0,3,11,0,52,1264,20,1,2,3,2,4567,0
1972,Basic,With_Partner,14188.0,0,0,2013-02-28,40,2,7,11,16,12,27,1,2,0,4,6,0,0,0,0,0,0,3,11,0,54,75,7,0,0,0,2,4923,0
1970,Graduation,Alone,72967.0,0,1,2012-12-15,1,158,35,179,0,0,125,2,7,2,8,5,1,0,0,0,0,0,3,11,1,56,497,19,1,1,1,0,4998,0
1949,Master,With_Partner,48150.0,0,1,2013-06-08,24,173,2,39,3,2,47,3,5,1,4,7,0,0,0,0,0,0,3,11,0,77,266,13,1,0,2,2,4823,0
1961,Graduation,Alone,82332.0,0,0,2012-09-17,89,830,59,968,51,79,19,1,5,3,12,2,0,0,1,0,0,0,3,11,1,65,2006,21,0,1,1,0,5087,0
1955,Graduation,Alone,58275.0,1,1,2013-06-02,48,189,10,253,56,43,64,6,8,2,7,7,0,0,0,0,0,0,3,11,0,71,615,23,2,0,1,0,4829,0
1981,PhD,With_Partner,44953.0,0,0,2012-12-21,31,728,17,133,11,8,124,1,7,3,13,6,1,0,0,0,0,0,3,11,0,45,1021,24,0,1,3,2,4992,0
1953,Graduation,With_Partner,34587.0,1,1,2014-05-16,68,7,2,9,2,0,2,2,1,0,3,4,0,0,0,0,0,0,3,11,0,73,22,6,2,0,1,2,4481,0
1974,Master,With_Partner,43018.0,0,1,2013-11-01,46,35,4,17,7,6,64,1,2,2,2,5,0,0,0,0,0,0,3,11,0,52,133,7,1,0,2,2,4677,0
1954,Master,With_Partner,45736.0,0,1,2013-07-24,92,188,3,180,20,3,43,5,7,1,6,7,0,0,0,0,0,0,3,11,0,72,437,19,1,0,2,2,4777,0
1969,Master,With_Partner,66476.0,0,1,2013-12-04,80,742,28,152,25,9,57,2,6,8,10,4,0,0,0,0,0,0,3,11,0,57,1013,26,1,0,2,2,4644,0
1981,Basic,With_Partner,27733.0,1,0,2013-08-26,16,0,7,5,26,2,17,2,2,0,3,7,0,0,0,0,0,0,3,11,0,45,57,7,1,0,0,2,4744,0
1952,PhD,With_Partner,69805.0,0,1,2014-01-21,50,750,71,174,13,10,20,2,6,8,11,2,0,0,0,0,0,0,3,11,0,74,1038,27,1,0,3,2,4596,0
1962,Master,Alone,72217.0,0,0,2013-04-10,93,816,42,450,55,56,154,1,3,10,8,2,0,0,0,0,0,0,3,11,0,64,1573,22,0,0,2,0,4882,0
1971,Graduation,Alone,25818.0,1,0,2012-10-18,51,5,2,8,2,2,9,1,0,1,2,7,0,0,0,0,0,0,3,11,0,55,28,4,1,0,1,0,5056,0
1976,Master,With_Partner,37509.0,1,0,2012-09-12,24,37,5,56,12,8,5,2,3,0,4,7,0,0,0,0,0,0,3,11,0,50,123,9,1,0,2,2,5092,0
1976,Basic,With_Partner,25176.0,1,1,2013-08-10,79,4,0,4,0,0,5,1,1,0,2,7,0,0,0,0,0,0,3,11,0,50,13,4,2,0,0,2,4760,0
1980,Graduation,With_Partner,43586.0,0,1,2012-08-30,26,99,2,11,4,0,16,3,3,0,4,8,0,0,0,0,0,0,3,11,0,46,132,10,1,0,1,2,5105,0
1956,Basic,With_Partner,53230.0,0,1,2012-08-03,86,176,72,98,136,21,229,4,5,2,12,5,0,0,0,0,0,0,3,11,0,70,732,23,1,0,0,2,5132,0
1957,Graduation,With_Partner,50116.0,1,1,2014-06-20,68,54,0,10,0,0,2,2,1,0,4,5,0,1,0,0,0,0,3,11,0,69,66,7,2,1,1,2,4446,0
1986,PhD,With_Partner,82333.0,0,0,2013-03-30,60,1311,0,359,46,89,17,1,4,3,10,2,0,0,1,0,0,0,3,11,1,40,1822,18,0,1,3,2,4893,0
1965,PhD,With_Partner,65220.0,0,0,2012-09-03,3,890,63,292,0,25,12,4,8,4,7,6,0,0,0,0,0,0,3,11,1,61,1282,23,0,0,3,2,5101,0
1974,Graduation,With_Partner,33590.0,2,1,2013-11-03,65,4,0,2,0,0,2,1,1,0,2,7,0,0,0,0,0,0,3,11,0,52,8,4,3,0,1,2,4675,0
1976,Master,Alone,72309.0,0,0,2013-03-11,64,960,0,883,50,38,0,1,5,6,8,3,0,0,0,1,0,0,3,11,1,50,1931,20,0,1,2,0,4912,0
1949,PhD,With_Partner,156924.0,0,0,2013-08-29,85,2,1,2,1,1,1,0,0,0,0,0,0,0,0,0,0,0,3,11,0,77,8,0,0,0,3,2,4741,0
1980,Basic,With_Partner,16005.0,1,0,2012-08-14,69,1,3,2,20,30,47,3,2,1,2,8,0,0,0,0,0,0,3,11,0,46,103,8,1,0,0,2,5121,0
1957,Master,Other,65487.0,0,0,2014-01-10,48,240,67,500,199,0,163,3,3,5,6,2,0,0,0,0,0,0,3,11,0,69,1169,17,0,0,2,1,4607,0
1965,Graduation,With_Partner,58692.0,0,1,2014-04-06,21,301,11,61,4,7,11,1,8,2,4,7,0,0,0,0,0,0,3,11,0,61,395,15,1,0,1,2,4521,0
1969,Graduation,Alone,40590.0,1,1,2013-10-02,30,154,0,50,6,11,37,5,3,4,3,6,1,0,0,0,0,0,3,11,0,57,258,15,2,1,1,0,4707,0
1954,Master,Alone,62637.0,0,1,2014-03-01,76,104,12,48,4,12,5,1,2,2,5,2,0,0,0,0,0,0,3,11,0,72,185,10,1,0,2,0,4557,0
1966,Master,Alone,29435.0,1,1,2012-08-06,11,70,3,37,4,2,64,4,3,2,2,9,0,0,0,0,0,0,3,11,1,60,180,11,2,0,2,0,5129,0
1974,Graduation,Alone,19346.0,1,0,2014-01-30,26,2,0,9,3,6,2,1,1,0,3,8,0,0,0,0,0,0,3,11,0,52,22,5,1,0,1,0,4587,0
1971,Graduation,With_Partner,35788.0,1,1,2014-01-23,34,23,2,11,3,1,4,2,2,0,3,6,0,0,0,0,0,0,3,11,0,55,44,7,2,0,1,2,4594,0
1968,Graduation,Alone,36997.0,1,1,2013-02-01,72,43,4,12,8,0,27,5,2,1,4,5,0,0,0,0,0,0,3,11,0,58,94,12,2,0,1,0,4950,0
1957,Graduation,With_Partner,23539.0,0,0,2014-02-28,13,4,24,11,16,1,25,1,2,0,4,6,0,0,0,0,0,0,3,11,0,69,81,7,0,0,1,2,4558,0
1973,Graduation,Alone,65333.0,0,1,2014-01-17,58,654,7,92,0,15,30,7,9,4,8,6,0,1,1,0,0,0,3,11,0,53,798,28,1,2,1,0,4600,0
1957,Graduation,Alone,78499.0,0,0,2013-11-23,12,912,72,170,47,36,97,1,11,3,4,4,0,0,1,0,0,0,3,11,1,69,1334,19,0,1,1,0,4655,0
1971,PhD,With_Partner,29732.0,1,0,2014-03-25,23,25,0,8,0,1,4,1,2,0,2,9,0,0,0,0,0,0,3,11,0,55,38,5,1,0,3,2,4533,0
1960,Master,With_Partner,41275.0,1,2,2014-03-24,33,24,4,22,0,2,9,4,3,1,3,5,0,0,0,0,0,0,3,11,0,66,61,11,3,0,2,2,4534,0
1973,PhD,With_Partner,63516.0,1,1,2013-07-06,30,141,11,114,15,14,5,4,4,1,7,5,0,0,0,0,0,0,3,11,0,53,300,16,2,0,3,2,4795,0
1962,PhD,With_Partner,42769.0,0,1,2013-10-12,15,71,0,13,3,1,0,2,1,1,4,4,0,0,0,0,0,0,3,11,0,64,88,8,1,0,3,2,4697,0
1958,Master,With_Partner,49572.0,1,1,2013-12-15,25,35,1,16,0,1,1,2,2,0,3,7,0,0,0,0,0,0,3,11,0,68,54,7,2,0,2,2,4633,0
1972,Graduation,With_Partner,69209.0,0,0,2012-09-17,4,496,32,849,229,48,128,2,5,3,6,4,0,0,0,1,0,0,3,11,0,54,1782,16,0,1,1,2,5087,0
1976,Graduation,With_Partner,17148.0,1,0,2014-01-28,80,9,9,11,13,10,16,4,3,1,3,8,0,0,0,0,0,0,3,11,0,50,68,11,1,0,1,2,4589,0
1983,Basic,With_Partner,32146.0,1,0,2014-05-12,16,26,3,23,4,7,3,2,2,0,4,6,0,0,0,0,0,0,3,11,0,43,66,8,1,0,0,2,4485,0
1964,Basic,Alone,41713.0,1,1,2014-04-29,57,77,8,44,10,10,25,5,3,1,4,6,0,0,0,0,0,0,3,11,0,62,174,13,2,0,0,0,4498,0
1975,Master,With_Partner,34176.0,0,1,2014-01-22,9,11,2,7,4,2,2,1,1,0,3,3,0,0,0,0,0,0,3,11,0,51,28,5,1,0,2,2,4595,0
1955,PhD,With_Partner,58482.0,0,1,2014-03-12,59,576,7,115,19,7,7,2,7,4,9,6,0,1,0,0,0,0,3,11,0,71,731,22,1,1,3,2,4546,0
1965,Graduation,Alone,59686.0,0,1,2014-01-25,78,89,15,89,34,42,5,1,4,1,6,4,0,0,0,0,0,0,3,11,0,61,274,12,1,0,1,0,4592,0
1964,PhD,With_Partner,60896.0,0,1,2012-10-11,90,1013,30,399,60,46,153,3,9,10,4,6,0,0,0,0,0,0,3,11,1,62,1701,26,1,0,3,2,5063,0
1980,Graduation,With_Partner,62994.0,1,0,2014-03-04,74,224,12,48,4,12,12,1,6,2,4,6,0,0,0,0,0,0,3,11,0,46,312,13,1,0,1,2,4554,0
1957,Graduation,With_Partner,47320.0,0,1,2013-08-01,10,200,19,111,50,15,19,6,5,1,8,6,0,0,0,0,0,0,3,11,0,69,414,20,1,0,1,2,4769,0
1949,Basic,Alone,74859.0,0,0,2013-06-03,63,570,73,614,133,102,73,1,6,5,11,3,0,0,0,1,0,0,3,11,0,77,1565,23,0,1,0,0,4828,0
1992,Basic,Alone,15253.0,1,0,2013-10-28,13,1,3,3,8,1,13,2,1,0,3,7,0,0,0,0,0,0,3,11,0,34,29,6,1,0,0,0,4681,0
1974,PhD,Alone,31560.0,1,0,2013-06-24,98,62,1,20,4,0,7,2,2,1,3,8,0,0,0,0,0,0,3,11,0,52,94,8,1,0,3,0,4807,0
1990,Master,Alone,91172.0,0,0,2013-03-27,94,162,28,818,0,28,56,0,4,3,7,3,1,0,1,1,1,0,3,11,1,36,1092,14,0,4,2,0,4896,0
1984,Graduation,With_Partner,90000.0,0,0,2013-12-23,91,675,144,133,94,192,241,1,4,8,5,1,1,0,1,1,0,0,3,11,0,42,1479,18,0,3,1,2,4625,0
1981,Graduation,Alone,41967.0,1,1,2013-11-23,66,23,4,10,0,2,15,1,1,0,3,4,0,0,0,0,0,0,3,11,0,45,54,5,2,0,1,0,4655,0
1965,Graduation,Alone,69263.0,0,1,2014-03-05,14,492,5,32,13,5,21,1,9,1,7,6,0,1,0,0,0,0,3,11,0,61,568,18,1,1,1,0,4553,0
1970,Basic,Alone,65706.0,0,0,2013-06-28,77,918,10,129,13,0,129,1,11,3,12,7,0,1,1,0,1,0,3,11,1,56,1199,27,0,3,0,0,4803,0
1975,Graduation,With_Partner,60934.0,0,1,2014-01-17,41,224,155,155,192,93,54,2,6,4,11,4,0,0,0,0,0,0,3,11,0,51,873,23,1,0,1,2,4600,0
1951,Graduation,With_Partner,71965.0,0,1,2013-07-29,21,572,19,286,50,38,248,3,6,3,5,3,0,0,0,0,0,0,3,11,0,75,1213,17,1,0,1,2,4772,0
1955,Graduation,With_Partner,65210.0,0,1,2014-03-10,25,626,0,70,0,7,28,2,9,3,8,6,0,1,0,1,0,0,3,11,0,71,731,22,1,2,1,2,4548,0
1975,PhD,With_Partner,79174.0,0,0,2013-01-11,2,1074,37,518,193,92,129,1,5,6,7,2,0,0,1,1,0,0,3,11,1,51,2043,19,0,2,3,2,4971,0
1967,Master,Alone,81380.0,0,0,2012-12-22,51,741,68,689,224,68,103,1,4,2,10,2,0,0,0,0,0,0,3,11,0,59,1893,17,0,0,2,0,4991,0
1973,PhD,Other,48432.0,0,1,2012-10-18,3,322,3,50,4,3,42,5,7,1,6,8,0,0,0,0,0,0,3,11,0,53,424,19,1,0,3,1,5056,0
1971,Graduation,With_Partner,52914.0,0,1,2013-01-07,32,254,10,44,30,10,227,2,7,3,3,7,1,0,0,0,0,0,3,11,0,55,575,15,1,1,1,2,4975,0
1974,Graduation,With_Partner,26067.0,1,0,2013-11-04,49,22,2,18,0,2,12,3,3,0,3,8,0,0,0,0,0,0,3,11,0,52,56,9,1,0,1,2,4674,0
1972,PhD,With_Partner,44325.0,0,1,2013-03-07,69,516,0,21,0,0,5,4,8,2,7,8,0,1,0,0,0,0,3,11,0,54,542,21,1,1,3,2,4916,0
1978,Basic,Alone,26487.0,1,0,2013-05-20,23,2,8,10,12,14,23,3,2,1,3,5,0,0,0,0,0,0,3,11,0,48,69,9,1,0,0,0,4842,0
1957,Basic,With_Partner,53233.0,0,1,2014-03-18,18,28,0,9,3,0,0,1,1,0,3,4,0,0,0,0,0,0,3,11,0,69,40,5,1,0,0,2,4540,0
1960,Graduation,With_Partner,67716.0,0,1,2013-01-10,8,530,142,217,62,9,56,4,7,4,13,5,0,1,0,0,0,0,3,11,0,66,1016,28,1,1,1,2,4972,0
1972,Master,With_Partner,76234.0,0,1,2014-02-06,21,519,50,167,130,0,41,1,8,3,11,3,0,1,0,0,0,0,3,11,0,54,907,23,1,1,2,2,4580,0
1956,PhD,With_Partner,84117.0,0,0,2014-05-11,60,611,76,749,59,45,26,1,7,10,6,2,0,0,1,0,0,0,3,11,0,70,1566,24,0,1,3,2,4486,0
1957,Master,With_Partner,65487.0,0,0,2014-01-10,48,240,67,500,199,0,163,3,3,5,6,2,0,0,0,0,0,0,3,11,0,69,1169,17,0,0,2,2,4607,0
1972,Basic,With_Partner,25224.0,1,0,2014-03-16,36,4,9,12,11,2,8,2,1,1,3,3,0,0,0,0,0,0,3,11,0,54,46,7,1,0,0,2,4542,0
1983,Master,Alone,89616.0,0,0,2013-02-25,36,671,47,655,145,111,15,1,7,5,12,2,0,0,0,0,0,0,3,11,1,43,1644,25,0,0,2,0,4926,0
1971,Graduation,Alone,40851.0,1,1,2013-02-21,63,23,1,7,0,4,24,1,1,1,2,7,0,0,0,0,0,0,3,11,0,55,59,5,2,0,1,0,4930,0
1947,Graduation,With_Partner,27469.0,0,0,2012-08-02,2,9,1,2,3,2,0,1,0,0,3,6,0,0,0,0,0,0,3,11,0,79,17,4,0,0,1,2,5133,0
1957,Basic,With_Partner,82347.0,0,0,2012-11-06,38,556,54,845,202,133,63,1,7,7,10,3,1,0,0,1,0,0,3,11,1,69,1853,25,0,2,0,2,5037,0
1957,Graduation,With_Partner,73803.0,0,1,2012-08-01,61,833,80,363,52,26,174,2,9,5,6,6,1,0,0,0,0,0,3,11,1,69,1528,22,1,1,1,2,5134,0
1952,Master,Alone,8820.0,1,1,2013-03-22,52,12,0,13,4,2,4,4,3,0,3,8,0,0,0,0,0,0,3,11,0,74,35,10,2,0,2,0,4901,0
1974,Graduation,Alone,43322.0,0,0,2014-04-21,25,56,7,48,10,2,18,1,3,0,4,7,0,0,0,0,0,0,3,11,0,52,141,8,0,0,1,0,4506,0
1973,Graduation,With_Partner,55593.0,0,1,2013-08-21,63,293,8,124,11,4,106,2,6,6,3,6,1,0,0,0,0,0,3,11,0,53,546,17,1,1,1,2,4749,0
1954,Graduation,With_Partner,50501.0,1,1,2013-06-18,10,297,0,38,13,0,152,7,5,4,4,6,1,0,0,0,0,0,3,11,1,72,500,20,2,1,1,2,4813,0
1975,Graduation,With_Partner,37085.0,1,1,2014-06-26,65,39,1,16,2,0,3,4,3,0,3,8,0,0,0,0,0,0,3,11,0,51,61,10,2,0,1,2,4440,0
1990,Basic,Alone,16185.0,1,0,2013-08-05,71,5,11,16,21,8,45,2,2,2,2,8,0,0,0,0,0,0,3,11,0,36,106,8,1,0,0,0,4765,0
1969,Graduation,Alone,57731.0,0,1,2012-11-23,0,266,21,300,65,8,44,4,8,8,6,6,0,0,0,0,0,0,3,11,0,57,704,26,1,0,1,0,5020,0
1973,PhD,Other,48432.0,0,1,2012-10-18,3,322,3,50,4,3,42,5,7,1,6,8,0,0,0,0,0,0,3,11,1,53,424,19,1,0,3,1,5056,0
1978,Graduation,With_Partner,73807.0,0,1,2013-01-02,88,366,124,156,71,78,54,2,5,5,11,2,0,0,0,0,0,0,3,11,0,48,849,23,1,0,1,2,4980,0
1968,Graduation,Alone,35893.0,1,1,2012-10-15,80,158,0,23,0,0,18,6,3,1,5,8,0,0,0,0,0,0,3,11,0,58,199,15,2,0,1,0,5059,0
1980,Graduation,With_Partner,61014.0,0,1,2012-08-11,17,269,129,495,182,43,29,4,9,3,4,7,0,0,0,0,0,0,3,11,0,46,1147,20,1,0,1,2,5124,0
1954,Graduation,With_Partner,32144.0,1,1,2014-03-23,76,41,0,10,0,0,3,4,2,1,3,7,0,1,0,0,0,0,3,11,0,72,54,10,2,1,1,2,4535,0
1963,Basic,With_Partner,14918.0,0,1,2012-12-07,52,3,3,3,15,4,15,1,1,0,3,6,0,0,0,0,0,0,3,11,0,63,43,5,1,0,0,2,5006,0
1963,Graduation,Alone,45146.0,1,1,2013-07-15,28,33,0,5,0,0,15,2,1,1,2,4,0,0,0,0,0,0,3,11,0,63,53,6,2,0,1,0,4786,0
1955,Basic,Alone,41769.0,0,1,2013-02-13,31,302,29,131,32,0,27,6,8,1,7,8,0,0,0,0,0,0,3,11,0,71,521,22,1,0,0,0,4938,0
1981,Graduation,With_Partner,88325.0,0,0,2014-02-05,42,519,71,860,93,27,53,1,6,2,9,2,0,0,0,0,0,0,3,11,0,45,1623,18,0,0,1,2,4581,0
1950,Master,Alone,38054.0,1,1,2014-05-01,24,23,2,17,2,1,0,2,2,0,3,7,0,0,0,0,0,0,3,11,0,76,45,7,2,0,2,0,4496,0
1995,Basic,Alone,80617.0,0,0,2012-10-12,42,594,51,631,72,55,32,1,4,6,8,2,0,0,0,0,0,0,3,11,0,31,1435,19,0,0,0,0,5062,0
1976,Graduation,With_Partner,5305.0,0,1,2013-07-30,12,12,4,7,1,3,5,0,1,0,0,13,0,0,0,0,0,0,3,11,0,50,32,1,1,0,1,2,4771,0
1954,Graduation,With_Partner,36807.0,1,1,2012-12-20,88,4,2,5,0,0,5,1,1,0,2,6,0,0,0,0,0,0,3,11,0,72,16,4,2,0,1,2,4993,0
1985,Master,With_Partner,40101.0,1,0,2012-10-14,73,171,3,129,26,24,62,4,6,1,6,7,0,0,0,0,0,0,3,11,0,41,415,17,1,0,2,2,5060,0
1979,Graduation,With_Partner,58025.0,0,1,2013-11-26,81,270,31,88,11,48,22,3,3,2,10,4,0,0,0,0,0,0,3,11,0,47,470,18,1,0,1,2,4652,0
1979,Basic,With_Partner,7500.0,1,0,2013-05-07,7,2,8,11,3,8,21,4,3,2,2,7,0,0,0,0,0,0,3,11,0,47,53,11,1,0,0,2,4855,0
1963,Master,With_Partner,33562.0,1,2,2014-06-25,33,21,12,12,0,3,3,3,2,0,4,4,0,0,0,0,0,0,3,11,0,63,51,9,3,0,2,2,4441,0
1970,PhD,Alone,57642.0,0,1,2014-01-09,24,580,6,58,8,0,27,3,7,6,6,4,1,0,0,0,0,0,3,11,0,56,679,22,1,1,3,0,4608,0
1979,Graduation,With_Partner,63777.0,1,1,2013-03-24,87,457,5,106,15,17,53,8,11,1,6,8,0,0,0,0,0,0,3,11,0,47,653,26,2,0,1,2,4899,0
1962,Graduation,Alone,57967.0,0,1,2013-03-03,39,229,7,137,4,0,91,5,4,2,8,5,0,0,0,0,0,0,3,11,0,64,468,19,1,0,1,0,4920,0
1978,Basic,With_Partner,,0,0,2012-08-12,53,32,2,1607,12,4,22,0,0,0,1,0,0,1,0,0,0,0,3,11,0,48,1679,1,0,1,0,2,5123,0
1972,Graduation,With_Partner,24434.0,2,0,2014-05-18,9,3,2,8,20,0,17,2,2,1,2,7,0,0,0,0,0,0,3,11,0,54,50,7,2,0,1,2,4479,0
1984,Graduation,Alone,11012.0,1,0,2013-03-16,82,24,3,26,7,1,23,3,3,1,2,9,1,0,0,0,0,0,3,11,0,42,84,9,1,1,1,0,4907,0
1970,Master,Alone,44802.0,0,0,2012-08-21,71,853,10,143,13,10,20,2,9,4,12,8,0,0,0,0,0,0,3,11,0,56,1049,27,0,0,2,0,5114,0
1986,Graduation,Alone,26816.0,0,0,2012-08-17,50,5,1,6,3,4,3,1,0,0,3,4,0,0,0,0,0,0,3,11,0,40,22,4,0,0,1,0,5118,0
1977,Graduation,With_Partner,666666.0,1,0,2013-06-02,23,9,14,18,8,1,12,4,3,1,3,6,0,0,0,0,0,0,3,11,0,49,62,11,1,0,1,2,4829,0
1967,Graduation,With_Partner,61223.0,0,1,2013-06-13,46,709,43,182,42,118,247,2,9,3,4,5,0,0,0,0,0,0,3,11,0,59,1341,18,1,0,1,2,4818,0
1981,Graduation,Alone,56981.0,0,0,2014-01-25,91,908,48,217,32,12,24,1,2,3,13,6,0,1,0,0,0,0,3,11,0,45,1241,19,0,1,1,0,4592,0
1956,Master,With_Partner,69245.0,0,1,2014-01-24,8,428,30,214,80,30,61,2,6,5,10,3,0,0,0,0,0,0,3,11,0,70,843,23,1,0,2,2,4593,0
1954,PhD,With_Partner,52869.0,1,1,2012-10-15,40,84,3,61,2,1,21,3,3,1,4,7,0,0,0,0,0,0,3,11,1,72,172,11,2,0,3,2,5059,0
