Balance,Qual_miles,cc1_miles,cc2_miles,cc3_miles,Bonus_miles,Bonus_trans,Flight_miles_12mo,Flight_trans_12,Days_since_enroll,Award,Cluster
28143.0,0,1,1,1,174.0,1,0.0,0.0,7000,0,Inactive Base
19244.0,0,1,1,1,215.0,2,0.0,0.0,6968,0,Inactive Base
41354.0,0,1,1,1,4123.0,4,0.0,0.0,7034,0,Inactive Base
14776.0,0,1,1,1,500.0,1,0.0,0.0,6952,0,Inactive Base
97752.0,0,4,1,1,43300.0,26,783.75,2.5,6935,1,Frequent Flyers
16420.0,0,1,1,1,0.0,0,0.0,0.0,6942,0,Inactive Base
84914.0,0,3,1,1,27482.0,25,0.0,0.0,6994,0,Bonus Accumulators
20856.0,0,1,1,1,5250.0,4,250.0,1.0,6938,1,Inactive Base
203211.125,0,3,2,1,1753.0,38,783.75,2.5,6948,1,Frequent Flyers
104860.0,0,3,1,1,28426.0,28,783.75,2.5,6931,1,Frequent Flyers
40091.0,0,2,1,1,7278.0,10,0.0,0.0,6959,0,Inactive Base
96522.0,0,5,1,1,57651.875,19,0.0,0.0,6924,1,Bonus Accumulators
43382.0,0,2,1,1,11150.0,20,0.0,0.0,6924,0,Inactive Base
43097.0,0,1,1,1,3258.0,6,0.0,0.0,6918,0,Inactive Base
17648.0,0,1,1,1,0.0,0,0.0,0.0,6912,0,Inactive Base
28495.0,0,4,1,1,49442.0,15,0.0,0.0,6912,1,Bonus Accumulators
51890.0,0,4,1,1,48963.0,16,0.0,0.0,6910,1,Bonus Accumulators
13958.0,0,1,1,1,4291.0,5,0.0,0.0,6905,1,Inactive Base
91473.0,0,3,1,1,27408.0,17,0.0,0.0,6903,1,Bonus Accumulators
23354.0,0,3,1,1,10447.0,5,0.0,0.0,6896,1,Bonus Accumulators
120576.0,0,5,1,1,57651.875,23,250.0,2.0,6896,1,Bonus Accumulators
185681.0,0,1,1,1,13300.0,16,783.75,2.5,6896,1,Frequent Flyers
20584.0,0,1,1,1,3450.0,11,783.75,2.5,6884,0,Frequent Flyers
66275.0,0,1,1,1,2533.0,11,150.0,1.0,6884,0,Inactive Base
203211.125,0,1,1,1,4025.0,21,700.0,2.5,7932,0,Frequent Flyers
20726.0,0,1,1,1,1375.0,4,0.0,0.0,7924,0,Inactive Base
18521.0,0,1,1,1,1227.0,2,783.75,2.0,7917,0,Frequent Flyers
8828.0,0,1,1,1,0.0,0,0.0,0.0,7914,0,Inactive Base
59763.0,0,3,1,1,33772.0,20,100.0,1.0,7907,1,Bonus Accumulators
19221.0,0,1,1,1,4655.0,8,500.0,1.0,7896,1,Frequent Flyers
177926.0,0,3,1,1,20797.0,13,0.0,0.0,7886,0,Bonus Accumulators
10021.0,0,1,1,1,0.0,0,0.0,0.0,7879,0,Inactive Base
203211.125,0,4,1,1,42044.0,23,0.0,0.0,7872,0,Bonus Accumulators
18047.0,0,1,1,1,100.0,1,0.0,0.0,7868,0,Inactive Base
43832.0,0,1,1,1,0.0,0,0.0,0.0,7865,0,Inactive Base
123759.0,0,4,1,1,50572.0,23,783.75,2.5,7865,1,Frequent Flyers
23193.0,0,1,1,1,650.0,4,550.0,2.5,7861,1,Frequent Flyers
68666.0,0,1,1,1,350.0,2,350.0,2.0,7861,0,Inactive Base
59990.0,0,3,1,1,27878.0,17,0.0,0.0,7854,1,Bonus Accumulators
2176.0,0,1,1,1,0.0,0,0.0,0.0,7847,1,Inactive Base
34616.0,0,1,1,1,1750.0,4,500.0,1.0,7850,0,Inactive Base
10470.0,0,4,1,1,38094.0,26,0.0,0.0,7840,1,Bonus Accumulators
60313.0,0,1,1,1,10000.0,26,783.75,2.5,7829,1,Frequent Flyers
203211.125,0,3,1,1,15008.0,14,0.0,0.0,7819,1,Bonus Accumulators
121260.0,0,3,1,1,18493.0,18,0.0,0.0,7808,0,Bonus Accumulators
203211.125,0,1,1,1,23600.0,14,783.75,2.5,6884,1,Frequent Flyers
92336.0,0,2,1,1,11214.0,6,0.0,0.0,6884,0,Inactive Base
36924.0,0,1,1,1,5900.0,6,300.0,2.0,6879,1,Frequent Flyers
70312.0,0,3,1,1,34678.0,24,500.0,1.0,6875,1,Bonus Accumulators
17051.0,0,1,1,1,1150.0,4,783.75,2.5,6868,0,Frequent Flyers
108137.0,0,1,1,1,6368.0,5,783.75,2.5,6844,0,Frequent Flyers
1300.0,0,1,1,1,370.0,1,0.0,0.0,6868,0,Inactive Base
118531.0,0,4,1,1,44577.0,38,0.0,0.0,6868,1,Bonus Accumulators
121395.0,0,1,1,1,4970.0,8,650.0,2.0,6889,1,Frequent Flyers
38348.0,0,1,1,1,0.0,0,0.0,0.0,6861,0,Inactive Base
14448.0,0,1,1,1,1625.0,6,0.0,0.0,6856,0,Inactive Base
75971.0,0,4,1,1,34339.0,14,0.0,0.0,6869,0,Bonus Accumulators
36298.0,0,1,1,1,3100.0,5,600.0,2.5,6865,1,Frequent Flyers
38077.0,0,3,1,1,34024.0,8,0.0,0.0,6837,0,Bonus Accumulators
95118.0,0,3,1,1,23188.0,23,783.75,2.5,6865,1,Frequent Flyers
134457.0,0,3,1,1,15588.0,14,0.0,0.0,6861,0,Bonus Accumulators
19918.0,0,1,1,1,17601.0,11,0.0,0.0,6863,0,Inactive Base
10120.0,0,1,1,1,0.0,0,0.0,0.0,6864,0,Inactive Base
203211.125,0,1,1,1,28079.0,8,0.0,0.0,6835,0,Bonus Accumulators
80250.0,0,1,1,1,895.0,2,0.0,0.0,6833,0,Inactive Base
53914.0,0,3,1,1,33767.0,38,783.75,2.5,6826,1,Frequent Flyers
9375.0,0,1,1,1,1750.0,7,0.0,0.0,6826,0,Inactive Base
83237.0,0,4,1,1,35287.0,18,0.0,0.0,6837,0,Bonus Accumulators
203211.125,0,3,1,1,24047.0,12,0.0,0.0,6826,1,Bonus Accumulators
47457.0,0,3,1,1,12621.0,16,0.0,0.0,7766,1,Bonus Accumulators
84409.0,0,2,1,1,15436.0,16,783.75,2.5,7766,0,Frequent Flyers
203211.125,0,4,1,1,39787.0,13,0.0,0.0,7787,0,Bonus Accumulators
203211.125,0,3,1,1,12500.0,13,50.0,1.0,7801,0,Bonus Accumulators
12646.0,0,1,1,1,631.0,4,631.0,2.5,7787,0,Frequent Flyers
123867.0,0,3,1,1,25308.0,17,0.0,0.0,7759,0,Bonus Accumulators
129871.0,0,3,1,1,15776.0,22,0.0,0.0,7752,0,Bonus Accumulators
109380.0,0,1,1,1,7537.0,16,0.0,0.0,7749,0,Inactive Base
111157.0,0,4,1,1,32883.0,19,0.0,0.0,7771,0,Bonus Accumulators
49238.0,0,4,1,1,38037.0,18,0.0,0.0,7801,1,Bonus Accumulators
38896.0,0,5,1,1,57651.875,16,556.0,1.0,7771,1,Bonus Accumulators
4340.0,0,1,1,1,32685.0,5,0.0,0.0,7733,1,Inactive Base
88443.0,0,1,1,1,1200.0,3,783.75,2.5,6837,0,Frequent Flyers
8454.0,0,1,1,1,498.0,9,0.0,0.0,6821,0,Inactive Base
61990.0,0,1,1,1,1625.0,6,0.0,0.0,6833,0,Inactive Base
24093.0,0,1,1,1,1750.0,7,0.0,0.0,6819,0,Inactive Base
35418.0,0,5,1,1,57651.875,18,783.75,2.5,6813,1,Frequent Flyers
40284.0,0,1,1,1,7719.0,5,0.0,0.0,6827,1,Inactive Base
203211.125,0,3,1,1,21422.0,22,783.75,2.5,6820,0,Frequent Flyers
62553.0,0,2,1,1,7672.0,16,700.0,1.0,6819,0,Frequent Flyers
48433.0,0,1,1,1,3500.0,4,500.0,1.0,6807,1,Frequent Flyers
20508.0,0,1,1,1,22250.0,8,783.75,2.5,6794,1,Frequent Flyers
2000.0,0,1,1,1,2000.0,4,783.75,2.5,6809,0,Frequent Flyers
78629.0,0,4,1,1,36679.0,25,0.0,0.0,6817,1,Bonus Accumulators
143566.0,0,1,1,1,5000.0,5,783.75,2.5,6785,1,Frequent Flyers
185549.0,0,5,1,1,57651.875,38,783.75,2.5,6778,1,Frequent Flyers
16796.0,0,1,1,1,2875.0,16,0.0,0.0,6773,0,Inactive Base
57346.0,0,1,1,1,5560.0,23,0.0,0.0,6766,0,Inactive Base
102062.0,0,4,1,1,44247.0,16,0.0,0.0,6758,0,Bonus Accumulators
22324.0,0,1,1,1,1375.0,4,0.0,0.0,6753,0,Inactive Base
64824.0,0,3,1,1,20184.0,13,0.0,0.0,6770,1,Bonus Accumulators
25076.0,0,5,1,1,57203.0,14,0.0,0.0,6750,1,Bonus Accumulators
8053.0,0,1,1,1,0.0,0,0.0,0.0,6750,1,Inactive Base
35119.0,0,1,1,1,0.0,0,0.0,0.0,6749,0,Inactive Base
28667.0,0,1,1,1,3861.0,7,783.75,2.5,6749,1,Frequent Flyers
34327.0,0,1,1,1,0.0,0,0.0,0.0,6745,0,Inactive Base
3734.0,0,5,1,1,57651.875,18,150.0,2.0,6760,1,Bonus Accumulators
96627.0,0,1,1,3,49059.0,26,783.75,2.5,6738,1,Frequent Flyers
43498.0,0,1,1,1,0.0,0,0.0,0.0,6759,1,Inactive Base
84674.0,0,4,1,1,46335.0,14,50.0,1.0,6738,1,Bonus Accumulators
15098.0,0,4,1,1,32917.0,26,550.0,2.5,6737,1,Frequent Flyers
181019.0,0,3,1,1,18415.0,15,0.0,0.0,7714,0,Bonus Accumulators
203211.125,0,1,1,1,8550.0,11,783.75,2.5,7714,1,Frequent Flyers
124198.0,0,5,1,1,57651.875,23,783.75,2.5,7710,0,Frequent Flyers
56906.0,0,1,1,1,2015.0,13,0.0,0.0,7707,1,Inactive Base
203211.125,0,1,1,1,5422.0,20,783.75,2.0,7700,1,Frequent Flyers
67018.0,0,3,1,1,23260.0,25,0.0,0.0,7698,0,Bonus Accumulators
143967.0,0,2,1,1,7346.0,11,0.0,0.0,7689,0,Bonus Accumulators
203211.125,0,1,1,1,2500.0,3,783.75,2.0,7718,1,Frequent Flyers
122705.0,0,3,1,1,24222.0,15,0.0,0.0,7682,1,Bonus Accumulators
16583.0,0,1,1,1,2625.0,7,0.0,0.0,7682,1,Inactive Base
77540.0,0,1,1,1,1000.0,1,0.0,0.0,7683,0,Inactive Base
203211.125,0,5,1,1,57651.875,38,783.75,2.5,7668,1,Frequent Flyers
81974.0,0,4,1,1,37266.0,18,783.75,2.5,7661,1,Frequent Flyers
47258.0,0,3,1,1,24768.0,19,0.0,0.0,7659,1,Bonus Accumulators
77699.0,0,4,1,1,42775.0,13,0.0,0.0,7654,0,Bonus Accumulators
133954.0,0,4,1,1,37670.0,18,783.75,2.5,7654,1,Frequent Flyers
203211.125,0,5,1,1,57651.875,26,783.75,2.5,7652,1,Frequent Flyers
203211.125,0,4,1,1,56308.0,38,783.75,2.5,7645,1,Frequent Flyers
48333.0,0,2,1,1,10123.0,14,0.0,0.0,6737,1,Bonus Accumulators
142175.0,0,4,1,1,37461.0,22,0.0,0.0,6732,1,Bonus Accumulators
17469.0,0,1,1,1,0.0,0,0.0,0.0,6730,1,Inactive Base
19823.0,0,1,1,1,1095.0,3,335.0,1.0,6730,1,Inactive Base
145074.0,0,1,1,1,8000.0,4,0.0,0.0,6746,1,Inactive Base
101101.0,0,1,1,1,10850.0,11,783.75,2.5,6725,1,Frequent Flyers
125948.0,0,3,1,1,15155.0,15,0.0,0.0,6761,1,Bonus Accumulators
203211.125,0,1,1,1,19172.0,26,783.75,2.5,6723,1,Frequent Flyers
129298.0,0,4,1,1,29099.0,15,0.0,0.0,6722,0,Bonus Accumulators
103302.0,0,4,1,1,53552.0,22,700.0,2.5,6718,1,Frequent Flyers
160447.0,0,1,1,1,8578.0,25,0.0,0.0,6716,1,Bonus Accumulators
15472.0,0,1,1,1,3500.0,14,0.0,0.0,6715,0,Inactive Base
39628.0,0,1,1,1,0.0,0,0.0,0.0,6711,0,Inactive Base
6112.0,0,1,1,1,0.0,0,0.0,0.0,6709,0,Inactive Base
31769.0,0,1,1,1,450.0,2,450.0,2.0,6707,0,Inactive Base
126787.0,0,4,1,1,35021.0,17,0.0,0.0,6701,0,Bonus Accumulators
41547.0,0,3,1,1,16857.0,17,0.0,0.0,6697,0,Bonus Accumulators
100640.0,0,1,1,1,7600.0,8,783.75,2.5,6708,1,Frequent Flyers
18707.0,0,1,1,1,100.0,1,0.0,0.0,6693,0,Inactive Base
50593.0,0,5,1,1,57651.875,17,783.75,2.0,6689,1,Frequent Flyers
84631.0,0,3,1,1,20415.0,17,0.0,0.0,6736,0,Bonus Accumulators
24868.0,0,1,1,1,205.0,5,0.0,0.0,6689,0,Inactive Base
77097.0,0,4,1,1,42403.0,22,783.75,2.5,6683,1,Frequent Flyers
203211.125,0,5,1,1,57651.875,18,783.75,2.5,7640,1,Frequent Flyers
203211.125,0,5,1,1,57651.875,20,500.0,1.0,7640,0,Bonus Accumulators
87474.0,0,1,1,1,4581.0,15,0.0,0.0,7634,0,Inactive Base
48707.0,0,4,1,1,37655.0,14,0.0,0.0,7631,1,Bonus Accumulators
203211.125,0,4,1,1,52574.0,21,500.0,1.0,7626,0,Bonus Accumulators
203211.125,0,3,1,1,19926.0,12,0.0,0.0,7624,0,Bonus Accumulators
44182.0,0,3,1,1,12313.0,12,0.0,0.0,7619,1,Bonus Accumulators
203211.125,0,5,1,1,57651.875,21,0.0,0.0,7612,1,Bonus Accumulators
46823.0,0,1,1,1,5860.0,12,0.0,0.0,7613,0,Inactive Base
69110.0,0,3,1,1,18500.0,19,0.0,0.0,7598,0,Bonus Accumulators
120700.0,0,5,1,1,55323.0,17,783.75,1.0,7598,1,Frequent Flyers
152945.0,0,1,1,1,18604.0,6,783.75,2.0,7598,1,Frequent Flyers
10302.0,0,4,1,1,30298.0,19,0.0,0.0,7591,1,Bonus Accumulators
80331.0,0,3,1,1,15489.0,18,0.0,0.0,7634,1,Bonus Accumulators
69882.0,0,1,1,1,180.0,6,0.0,0.0,7582,0,Inactive Base
95658.0,0,1,1,1,5269.0,18,0.0,0.0,7584,0,Inactive Base
203211.125,0,5,1,1,57651.875,15,0.0,0.0,7582,1,Bonus Accumulators
203211.125,0,4,1,1,44615.0,16,0.0,0.0,7577,1,Bonus Accumulators
21694.0,0,4,1,1,45230.0,20,700.0,2.0,7575,1,Frequent Flyers
71767.0,0,5,1,1,57651.875,13,0.0,0.0,7570,1,Bonus Accumulators
35820.0,0,1,1,1,0.0,0,0.0,0.0,7575,0,Inactive Base
203211.125,0,3,1,1,23740.0,6,783.75,2.0,7563,1,Frequent Flyers
149285.0,0,1,1,1,15656.0,13,783.75,2.5,7561,1,Frequent Flyers
120941.0,0,4,1,1,42301.0,21,0.0,0.0,7588,0,Bonus Accumulators
203211.125,0,4,1,1,43533.0,19,783.75,2.5,7575,1,Frequent Flyers
106961.0,0,1,1,1,7357.0,19,200.0,2.0,7572,1,Frequent Flyers
28086.0,0,2,1,1,7368.0,12,0.0,0.0,7549,1,Inactive Base
60230.0,0,1,1,1,500.0,1,0.0,0.0,7544,1,Inactive Base
6663.0,0,1,1,1,1125.0,7,750.0,2.5,7575,1,Frequent Flyers
48145.0,0,1,1,1,10735.0,27,0.0,0.0,7540,0,Inactive Base
127807.0,0,3,1,1,17086.0,16,783.75,2.5,7537,1,Frequent Flyers
32948.0,0,1,1,1,50.0,1,50.0,1.0,7569,0,Inactive Base
8933.0,0,2,1,1,8860.0,14,0.0,0.0,7533,1,Bonus Accumulators
49885.0,0,3,1,1,23640.0,17,0.0,0.0,7533,0,Bonus Accumulators
89999.0,0,3,1,1,11694.0,13,0.0,0.0,7530,0,Bonus Accumulators
203211.125,0,4,1,1,57173.0,38,783.75,2.5,7523,1,Frequent Flyers
203211.125,0,1,1,1,3250.0,8,0.0,0.0,7521,0,Inactive Base
203211.125,0,5,1,1,57651.875,31,0.0,0.0,7514,0,Bonus Accumulators
72173.0,0,1,1,1,2954.0,13,232.0,1.0,7509,0,Inactive Base
123516.0,0,5,1,1,57651.875,31,500.0,2.0,7507,1,Frequent Flyers
143080.0,0,4,1,1,44373.0,38,783.75,2.5,7575,1,Frequent Flyers
203211.125,0,5,1,1,57651.875,24,0.0,0.0,7500,1,Bonus Accumulators
52738.0,0,1,1,1,0.0,0,0.0,0.0,7498,0,Inactive Base
24523.0,0,1,1,1,100.0,1,0.0,0.0,7493,1,Inactive Base
134601.0,0,1,1,1,0.0,0,0.0,0.0,7493,0,Inactive Base
32742.0,0,5,1,1,57651.875,26,0.0,0.0,7488,1,Bonus Accumulators
108341.0,0,3,1,1,19670.0,21,0.0,0.0,7488,0,Bonus Accumulators
8669.0,0,1,3,1,11397.0,16,0.0,0.0,7486,1,Inactive Base
118940.0,0,4,1,1,36001.0,17,150.0,1.0,7484,1,Bonus Accumulators
41385.0,0,4,1,1,26948.0,14,0.0,0.0,7481,1,Bonus Accumulators
28621.0,0,2,1,1,13878.0,20,783.75,2.5,7479,1,Frequent Flyers
16230.0,0,1,1,1,486.0,2,0.0,0.0,7477,0,Inactive Base
152881.0,0,5,1,1,57651.875,18,500.0,1.0,7474,1,Bonus Accumulators
37348.0,0,1,1,1,0.0,0,0.0,0.0,7472,0,Inactive Base
51468.0,0,1,1,1,2278.0,9,0.0,0.0,7460,0,Inactive Base
95989.0,0,5,1,1,57651.875,30,783.75,2.5,7518,1,Frequent Flyers
23184.0,0,1,1,1,3694.0,12,783.75,2.5,7467,1,Frequent Flyers
27381.0,0,3,1,1,18009.0,18,0.0,0.0,7524,1,Bonus Accumulators
6854.0,0,1,1,1,0.0,0,0.0,0.0,7467,0,Inactive Base
201346.0,0,5,1,1,57651.875,34,600.0,2.5,7463,1,Frequent Flyers
31588.0,0,1,1,1,2947.0,8,0.0,0.0,7463,0,Inactive Base
203211.125,0,1,1,1,4671.0,14,0.0,0.0,7498,0,Bonus Accumulators
8298.0,0,3,1,1,20087.0,15,0.0,0.0,7498,1,Bonus Accumulators
10097.0,0,1,1,1,2700.0,1,783.75,1.0,7498,0,Inactive Base
114356.0,0,4,1,1,27308.0,14,0.0,0.0,7456,0,Bonus Accumulators
1344.0,0,1,1,1,1134.0,9,0.0,0.0,7498,0,Inactive Base
59797.0,0,1,1,1,7069.0,4,0.0,0.0,7444,0,Inactive Base
189053.0,0,3,1,1,24156.0,22,0.0,0.0,7439,1,Bonus Accumulators
143481.0,0,4,1,1,45891.0,15,0.0,0.0,7437,0,Bonus Accumulators
203211.125,0,5,1,1,57651.875,32,783.75,2.5,7467,1,Frequent Flyers
203211.125,0,5,1,1,57651.875,35,550.0,2.0,7467,1,Frequent Flyers
75039.0,0,1,1,1,2750.0,10,250.0,1.0,7435,1,Inactive Base
20203.0,0,1,1,1,750.0,6,0.0,0.0,7467,0,Inactive Base
193976.0,0,3,1,1,10849.0,14,0.0,0.0,7416,0,Bonus Accumulators
98224.0,0,2,1,1,5570.0,11,0.0,0.0,7467,0,Inactive Base
117329.0,0,1,2,1,6448.0,11,0.0,0.0,7416,1,Bonus Accumulators
119239.0,0,4,1,1,36362.0,15,250.0,1.0,7467,1,Bonus Accumulators
53715.0,0,2,1,1,7164.0,15,300.0,2.0,7416,0,Frequent Flyers
153747.0,0,5,1,1,57651.875,15,0.0,0.0,7409,0,Bonus Accumulators
133309.0,0,3,1,1,23987.0,13,0.0,0.0,7415,1,Bonus Accumulators
81380.0,0,5,1,1,56524.0,22,0.0,0.0,7404,1,Bonus Accumulators
22074.0,0,1,1,1,6039.0,15,0.0,0.0,7404,0,Inactive Base
24051.0,0,2,1,1,8764.0,13,0.0,0.0,7395,1,Bonus Accumulators
11449.0,0,2,1,1,9057.0,13,0.0,0.0,7397,1,Inactive Base
182317.0,0,2,1,1,19489.0,17,273.0,1.0,7397,1,Bonus Accumulators
46184.0,0,1,1,1,3125.0,12,500.0,1.0,7388,0,Inactive Base
203211.125,0,1,1,1,8471.0,18,500.0,1.0,7406,1,Frequent Flyers
30962.0,0,5,1,1,57651.875,37,783.75,2.5,7360,1,Frequent Flyers
15525.0,0,1,1,1,3853.0,6,0.0,0.0,7406,0,Inactive Base
163530.0,0,5,1,1,57651.875,25,0.0,0.0,7406,0,Bonus Accumulators
2075.0,0,2,1,1,5002.0,14,0.0,0.0,7374,1,Inactive Base
203211.125,0,4,1,1,41186.0,13,0.0,0.0,7369,0,Bonus Accumulators
118934.0,0,5,1,1,57651.875,37,783.75,2.5,7354,0,Frequent Flyers
203211.125,0,5,1,1,57651.875,22,0.0,0.0,7348,1,Bonus Accumulators
12526.0,0,4,1,1,56076.0,19,783.75,2.5,7375,1,Frequent Flyers
176090.0,0,1,1,1,5300.0,9,783.75,2.5,7344,0,Frequent Flyers
15221.0,0,1,1,1,4425.0,9,0.0,0.0,7361,1,Inactive Base
92875.0,0,5,1,1,57651.875,14,0.0,0.0,7344,1,Bonus Accumulators
88702.0,0,2,1,1,9620.0,13,50.0,1.0,7406,0,Inactive Base
62882.0,0,1,1,1,1925.0,8,0.0,0.0,7375,0,Inactive Base
30015.0,0,1,1,1,5875.0,32,0.0,0.0,7341,0,Inactive Base
87293.0,0,3,1,1,21584.0,17,783.75,2.0,7406,0,Frequent Flyers
45225.0,0,3,1,1,14711.0,15,0.0,0.0,7339,1,Bonus Accumulators
96098.0,0,1,1,1,12500.0,4,0.0,0.0,7339,1,Inactive Base
203211.125,0,5,1,1,57651.875,12,0.0,0.0,7375,0,Bonus Accumulators
203211.125,0,1,1,1,8534.0,14,783.75,2.5,7375,0,Frequent Flyers
25279.0,0,2,1,1,14938.0,26,0.0,0.0,7327,1,Bonus Accumulators
198137.0,0,1,1,1,6303.0,6,500.0,1.0,7323,0,Frequent Flyers
203211.125,0,5,1,1,57651.875,18,250.0,2.5,7375,1,Bonus Accumulators
149733.0,0,1,1,1,605.0,3,500.0,1.0,7323,0,Inactive Base
70730.0,0,1,1,1,1319.0,12,0.0,0.0,7316,0,Inactive Base
164613.0,0,2,1,1,11095.0,13,0.0,0.0,7375,0,Bonus Accumulators
47557.0,0,2,1,1,10267.0,18,200.0,2.5,7345,0,Frequent Flyers
35065.0,0,1,1,1,5400.0,5,783.75,2.5,7311,1,Frequent Flyers
105769.0,0,3,1,1,23097.0,16,0.0,0.0,7345,1,Bonus Accumulators
35900.0,0,1,1,1,0.0,0,0.0,0.0,7304,0,Inactive Base
43088.0,0,1,1,1,4000.0,1,0.0,0.0,7345,0,Inactive Base
58703.0,0,4,1,1,46473.0,34,783.75,2.5,7296,1,Frequent Flyers
70354.0,0,5,1,1,57651.875,22,0.0,0.0,7290,1,Bonus Accumulators
145726.0,0,3,1,1,19019.0,15,0.0,0.0,7292,1,Bonus Accumulators
121639.0,0,5,1,1,57651.875,7,0.0,0.0,7288,1,Bonus Accumulators
70676.0,0,5,1,1,57651.875,15,0.0,0.0,7288,1,Bonus Accumulators
18263.0,0,1,1,1,2100.0,4,783.75,2.0,7285,0,Frequent Flyers
51250.0,0,1,1,1,0.0,0,0.0,0.0,7283,0,Inactive Base
203211.125,0,1,1,1,17108.0,32,783.75,2.5,7283,1,Frequent Flyers
12895.0,0,1,1,1,0.0,0,0.0,0.0,7277,0,Inactive Base
120073.0,0,3,1,1,12423.0,29,0.0,0.0,7276,1,Bonus Accumulators
2003.0,0,1,1,1,980.0,2,0.0,0.0,7274,0,Inactive Base
22652.0,0,5,1,1,57642.0,14,0.0,0.0,7271,1,Bonus Accumulators
168515.0,0,1,1,1,4600.0,4,0.0,0.0,7269,0,Inactive Base
44873.0,0,4,1,1,38740.0,18,783.75,2.0,7267,1,Frequent Flyers
190542.0,0,1,1,1,8487.0,9,0.0,0.0,7267,0,Inactive Base
156230.0,0,1,1,1,5300.0,8,783.75,2.5,7260,1,Frequent Flyers
79211.0,0,4,1,1,36776.0,14,0.0,0.0,7260,1,Bonus Accumulators
98006.0,0,4,1,1,46349.0,20,783.75,2.5,7332,1,Frequent Flyers
33982.0,0,5,1,1,57651.875,17,0.0,0.0,7255,1,Bonus Accumulators
62998.0,0,2,1,1,11326.0,24,0.0,0.0,7253,0,Bonus Accumulators
137908.0,0,5,1,1,57651.875,19,0.0,0.0,7250,1,Bonus Accumulators
45586.0,0,4,1,1,37459.0,15,0.0,0.0,7246,0,Bonus Accumulators
203211.125,0,5,1,1,57651.875,16,783.75,2.0,7243,1,Frequent Flyers
145993.0,0,5,1,1,57651.875,17,500.0,1.0,7229,1,Bonus Accumulators
203211.125,0,5,1,1,57651.875,20,0.0,0.0,7279,1,Bonus Accumulators
12195.0,0,1,1,1,3875.0,17,0.0,0.0,7229,0,Inactive Base
16622.0,0,1,1,1,0.0,0,0.0,0.0,7229,0,Inactive Base
141813.0,0,4,1,1,39743.0,14,0.0,0.0,7254,0,Bonus Accumulators
58139.0,0,4,1,1,38408.0,16,150.0,1.0,7227,1,Bonus Accumulators
203211.125,0,3,1,1,20521.0,16,0.0,0.0,7220,0,Bonus Accumulators
149286.0,0,4,1,1,42141.0,30,783.75,2.5,7222,1,Frequent Flyers
35945.0,0,1,1,1,0.0,0,0.0,0.0,7220,0,Inactive Base
28218.0,0,1,1,1,750.0,4,750.0,2.5,7232,1,Frequent Flyers
7061.0,0,1,1,1,7100.0,12,0.0,0.0,7218,0,Inactive Base
203211.125,0,4,1,1,49198.0,20,0.0,0.0,7215,1,Bonus Accumulators
203211.125,0,4,1,1,28200.0,27,0.0,0.0,7213,0,Bonus Accumulators
125465.0,0,3,1,1,14750.0,9,0.0,0.0,7206,0,Bonus Accumulators
94222.0,0,4,1,1,52081.0,24,0.0,0.0,7201,1,Bonus Accumulators
123370.0,0,1,1,1,7478.0,16,0.0,0.0,7197,0,Inactive Base
203211.125,0,1,1,1,8001.0,25,783.75,2.5,7326,1,Frequent Flyers
112969.0,0,2,1,1,7572.0,7,0.0,0.0,7192,0,Inactive Base
46430.0,0,1,1,1,2100.0,4,500.0,1.0,7194,0,Inactive Base
179433.0,0,4,1,1,30476.0,15,0.0,0.0,7187,0,Bonus Accumulators
20746.0,0,4,1,1,37534.0,17,0.0,0.0,7185,1,Bonus Accumulators
61455.0,0,4,1,1,28765.0,17,0.0,0.0,7183,1,Bonus Accumulators
203211.125,0,5,1,1,57651.875,20,783.75,2.5,7183,1,Frequent Flyers
179559.0,0,3,1,1,17819.0,12,783.75,2.0,7173,1,Frequent Flyers
119977.0,0,1,1,1,9275.0,16,783.75,2.5,7226,1,Frequent Flyers
16928.0,0,1,1,1,1000.0,1,0.0,0.0,7173,0,Inactive Base
65316.0,0,1,1,1,3917.0,10,0.0,0.0,7254,0,Inactive Base
203211.125,0,1,1,1,11398.0,3,398.0,1.0,7162,1,Frequent Flyers
52060.0,0,1,1,1,6500.0,3,0.0,0.0,7162,1,Inactive Base
84700.0,0,3,1,1,13544.0,17,0.0,0.0,7162,0,Bonus Accumulators
203211.125,0,3,1,1,32404.0,20,783.75,2.0,7159,1,Frequent Flyers
20457.0,0,4,1,1,51399.0,16,0.0,0.0,7193,1,Bonus Accumulators
203211.125,0,1,1,1,21666.0,19,783.75,2.5,7155,1,Frequent Flyers
50325.0,0,3,1,1,11930.0,14,0.0,0.0,7155,0,Bonus Accumulators
203211.125,0,1,1,1,258.0,2,258.0,2.0,7141,1,Frequent Flyers
73849.0,0,2,1,1,11793.0,21,0.0,0.0,7250,0,Bonus Accumulators
203211.125,0,5,1,1,57651.875,26,783.75,2.5,7164,1,Frequent Flyers
138999.0,0,5,1,1,57651.875,29,600.0,2.5,7153,1,Frequent Flyers
65573.0,0,1,1,1,3875.0,23,0.0,0.0,7130,0,Inactive Base
172288.0,0,5,1,1,57651.875,10,0.0,0.0,7130,1,Bonus Accumulators
47958.0,0,1,1,1,0.0,0,0.0,0.0,7130,0,Inactive Base
133002.0,0,3,1,1,15672.0,21,150.0,1.0,7117,0,Bonus Accumulators
42363.0,0,1,1,1,0.0,0,0.0,0.0,7120,1,Inactive Base
133370.0,0,4,1,1,44299.0,18,0.0,0.0,7101,1,Bonus Accumulators
203211.125,0,4,1,1,57313.0,27,783.75,2.0,7101,1,Frequent Flyers
105166.0,0,4,1,1,37663.0,22,0.0,0.0,7120,0,Bonus Accumulators
34956.0,0,1,1,1,0.0,0,0.0,0.0,7172,0,Inactive Base
46963.0,0,1,1,1,1500.0,5,0.0,0.0,7117,0,Inactive Base
55788.0,0,3,1,1,24831.0,12,0.0,0.0,7314,0,Bonus Accumulators
174910.0,0,4,1,1,57651.875,20,200.0,1.0,7110,1,Bonus Accumulators
13812.0,0,2,1,1,15149.0,38,0.0,0.0,7110,1,Bonus Accumulators
38718.0,0,1,1,1,0.0,0,0.0,0.0,7314,0,Inactive Base
112501.0,0,1,1,2,19140.0,11,0.0,0.0,7101,0,Inactive Base
54005.0,0,1,1,1,1500.0,5,0.0,0.0,7099,0,Inactive Base
66863.0,0,4,1,1,36532.0,9,0.0,0.0,7099,1,Bonus Accumulators
93045.0,0,3,1,1,17636.0,15,0.0,0.0,7092,0,Bonus Accumulators
197328.0,0,5,1,1,57651.875,12,0.0,0.0,7092,0,Bonus Accumulators
151301.0,0,4,1,1,37772.0,14,0.0,0.0,7092,0,Bonus Accumulators
87938.0,0,1,1,1,11268.0,2,0.0,0.0,7085,1,Inactive Base
15283.0,0,1,1,1,1250.0,3,0.0,0.0,7132,0,Inactive Base
105423.0,0,3,1,1,20802.0,14,0.0,0.0,7078,0,Bonus Accumulators
203211.125,0,1,1,1,100.0,1,100.0,1.0,7078,0,Inactive Base
13680.0,0,1,1,1,0.0,0,0.0,0.0,7073,1,Inactive Base
41279.0,0,3,1,1,14462.0,20,783.75,2.5,7064,0,Frequent Flyers
25313.0,0,2,1,1,7491.0,13,0.0,0.0,7064,0,Inactive Base
148691.0,0,1,1,1,3000.0,3,783.75,2.0,7064,0,Frequent Flyers
203211.125,0,4,1,1,40108.0,15,150.0,2.0,7059,0,Bonus Accumulators
51088.0,0,1,1,1,0.0,0,0.0,0.0,7057,0,Inactive Base
95305.0,0,1,1,1,3189.0,13,0.0,0.0,7054,0,Inactive Base
22080.0,0,1,1,1,12200.0,38,783.75,2.5,7050,1,Frequent Flyers
11660.0,0,1,1,1,140.0,1,0.0,0.0,7050,0,Inactive Base
203211.125,0,4,1,1,38127.0,14,500.0,1.0,7047,1,Bonus Accumulators
16200.0,0,1,1,1,160.0,1,0.0,0.0,7043,0,Inactive Base
38227.0,0,2,1,1,8612.0,13,0.0,0.0,7036,0,Inactive Base
80214.0,0,1,1,1,500.0,1,500.0,1.0,7029,1,Frequent Flyers
53985.0,0,1,1,1,1000.0,1,0.0,0.0,7029,1,Inactive Base
14414.0,0,1,1,1,0.0,0,0.0,0.0,7024,0,Inactive Base
44457.0,0,1,1,1,225.0,3,0.0,0.0,7026,0,Inactive Base
161813.0,0,5,1,1,57651.875,20,0.0,0.0,7026,1,Bonus Accumulators
138020.0,0,1,1,1,6568.0,15,0.0,0.0,7024,1,Bonus Accumulators
107707.0,0,3,1,1,19407.0,25,783.75,2.5,7024,0,Frequent Flyers
95656.0,0,5,1,1,57651.875,27,0.0,0.0,7019,1,Bonus Accumulators
149678.0,0,1,1,1,0.0,0,0.0,0.0,7022,0,Inactive Base
15113.0,0,2,1,1,10574.0,19,0.0,0.0,7017,1,Bonus Accumulators
231.0,0,1,1,1,29900.0,24,783.75,2.5,7015,1,Frequent Flyers
22380.0,0,1,1,1,300.0,2,200.0,1.0,7010,0,Inactive Base
146263.0,0,3,1,1,20853.0,21,350.0,1.0,7001,1,Bonus Accumulators
24598.0,0,1,1,1,0.0,0,0.0,0.0,7040,0,Inactive Base
76150.0,0,4,1,1,36907.0,17,0.0,0.0,6998,0,Bonus Accumulators
203211.125,0,5,1,1,57651.875,30,783.75,2.5,6996,1,Frequent Flyers
167670.0,0,1,3,1,15907.0,13,0.0,0.0,6994,0,Bonus Accumulators
86853.0,0,4,1,1,42293.0,21,500.0,1.0,6980,0,Bonus Accumulators
203211.125,0,4,1,1,57651.875,26,783.75,2.5,6980,0,Frequent Flyers
28193.0,0,5,1,4,57651.875,32,0.0,0.0,6980,1,Bonus Accumulators
67086.0,0,3,1,1,18157.0,16,0.0,0.0,6974,0,Bonus Accumulators
35969.0,0,2,1,1,11665.0,21,0.0,0.0,6977,0,Inactive Base
53790.0,0,4,1,1,28717.0,19,0.0,0.0,8296,1,Bonus Accumulators
198859.0,0,3,1,1,17855.0,14,500.0,1.0,8296,0,Frequent Flyers
91939.0,0,1,1,1,1244.0,8,0.0,0.0,8296,0,Inactive Base
88449.0,0,2,1,1,11402.0,18,783.75,2.5,8296,0,Frequent Flyers
54842.0,0,3,1,1,20792.0,15,0.0,0.0,8296,1,Bonus Accumulators
11189.0,0,1,2,1,9044.0,20,0.0,0.0,8296,1,Inactive Base
16999.0,0,1,1,1,140.0,1,0.0,0.0,8296,0,Inactive Base
114713.0,0,1,1,1,7142.0,18,0.0,0.0,8296,0,Inactive Base
1612.0,0,1,1,1,955.0,9,0.0,0.0,8296,0,Inactive Base
97763.0,0,1,1,1,2000.0,9,0.0,0.0,8296,0,Inactive Base
15129.0,0,1,1,1,0.0,0,0.0,0.0,8296,0,Inactive Base
15669.0,0,1,1,1,1205.0,4,0.0,0.0,8296,0,Inactive Base
26720.0,0,1,1,1,913.0,3,0.0,0.0,8296,0,Inactive Base
203211.125,0,2,1,1,5471.0,13,0.0,0.0,8296,0,Bonus Accumulators
56635.0,0,1,1,1,1024.0,8,359.0,2.0,8296,0,Frequent Flyers
127297.0,0,2,1,1,8510.0,12,0.0,0.0,8296,0,Bonus Accumulators
8927.0,0,1,1,1,0.0,0,0.0,0.0,8296,0,Inactive Base
203211.125,0,5,1,1,57651.875,32,783.75,2.5,8296,1,Frequent Flyers
145723.0,0,5,1,1,57651.875,16,0.0,0.0,8296,1,Bonus Accumulators
6458.0,0,1,1,1,0.0,0,0.0,0.0,8296,0,Inactive Base
203211.125,0,1,1,1,6000.0,3,0.0,0.0,8296,1,Bonus Accumulators
5581.0,0,1,1,1,0.0,0,0.0,0.0,8296,0,Inactive Base
10732.0,0,1,1,1,1296.0,6,0.0,0.0,8296,0,Inactive Base
203211.125,0,5,1,1,25395.0,38,783.75,2.5,8296,1,Frequent Flyers
68963.0,0,4,1,1,37723.0,15,0.0,0.0,8296,0,Bonus Accumulators
109640.0,0,4,1,1,57651.875,38,783.75,2.5,8296,1,Frequent Flyers
203211.125,0,5,1,1,57651.875,16,200.0,2.0,8296,1,Bonus Accumulators
58452.0,0,1,1,1,0.0,0,0.0,0.0,8296,0,Inactive Base
109087.0,0,2,1,1,10462.0,16,0.0,0.0,8296,1,Bonus Accumulators
68286.0,0,3,1,1,22831.0,13,0.0,0.0,8296,1,Bonus Accumulators
68464.0,0,1,1,1,240.0,3,0.0,0.0,8296,1,Inactive Base
131960.0,0,3,1,1,16081.0,8,0.0,0.0,8296,0,Bonus Accumulators
199956.0,0,1,1,1,0.0,0,0.0,0.0,8296,0,Inactive Base
203211.125,0,1,1,1,23866.0,26,783.75,2.5,8296,1,Frequent Flyers
23529.0,0,1,1,1,500.0,1,0.0,0.0,8296,0,Inactive Base
190295.0,0,4,1,1,3501.0,15,0.0,0.0,8296,0,Bonus Accumulators
21083.0,0,5,1,1,57651.875,16,783.75,2.0,8296,1,Frequent Flyers
117860.0,0,5,1,1,57651.875,15,0.0,0.0,8296,1,Bonus Accumulators
118844.0,0,4,1,1,28731.0,17,400.0,2.0,8289,1,Frequent Flyers
60493.0,0,1,1,1,9000.0,1,0.0,0.0,8289,0,Inactive Base
203211.125,0,5,1,1,57651.875,23,700.0,2.0,8289,1,Frequent Flyers
87692.0,0,1,1,1,2310.0,6,500.0,1.0,8289,0,Inactive Base
78028.0,0,4,1,1,36269.0,24,0.0,0.0,8289,0,Bonus Accumulators
203211.125,0,1,1,1,0.0,0,0.0,0.0,8289,1,Inactive Base
17575.0,0,1,1,1,0.0,0,0.0,0.0,8289,1,Inactive Base
50431.0,0,1,1,1,1000.0,1,0.0,0.0,8289,1,Inactive Base
153597.0,0,5,1,1,56567.0,18,0.0,0.0,8289,0,Bonus Accumulators
74579.0,0,1,1,1,4600.0,11,600.0,2.5,8289,1,Frequent Flyers
2494.0,0,1,1,1,0.0,0,0.0,0.0,8289,0,Inactive Base
96031.0,0,4,1,1,46588.0,21,0.0,0.0,8289,0,Bonus Accumulators
203211.125,0,4,1,1,57651.875,28,783.75,2.5,8289,1,Frequent Flyers
50052.0,0,4,1,1,49383.0,13,0.0,0.0,8289,1,Bonus Accumulators
13381.0,0,1,1,1,1000.0,8,0.0,0.0,8289,0,Inactive Base
25123.0,0,1,1,1,2030.0,6,0.0,0.0,8289,0,Inactive Base
132555.0,0,3,1,1,24775.0,31,350.0,1.0,8289,1,Bonus Accumulators
14528.0,0,1,1,1,6000.0,7,783.75,2.5,8289,0,Frequent Flyers
24038.0,0,2,1,1,6290.0,14,0.0,0.0,8289,0,Inactive Base
192104.0,0,3,1,1,39010.0,38,783.75,2.5,8289,1,Frequent Flyers
106773.0,0,1,1,1,12900.0,10,783.75,2.5,8289,1,Frequent Flyers
203211.125,0,3,1,1,22873.0,13,0.0,0.0,8289,1,Bonus Accumulators
14732.0,0,1,1,1,100.0,1,0.0,0.0,8289,0,Inactive Base
203211.125,0,3,1,1,23608.0,16,500.0,1.0,8289,0,Frequent Flyers
11431.0,0,1,1,1,1759.0,4,759.0,2.5,8289,0,Frequent Flyers
175461.0,0,4,1,1,40997.0,14,0.0,0.0,8289,1,Bonus Accumulators
52953.0,0,1,1,1,500.0,1,0.0,0.0,8289,0,Inactive Base
182291.0,0,3,1,1,24155.0,22,0.0,0.0,8289,0,Bonus Accumulators
198317.0,0,5,1,1,57651.875,16,0.0,0.0,8289,1,Bonus Accumulators
49053.0,0,1,1,1,6498.0,18,783.75,2.5,8289,0,Frequent Flyers
22772.0,0,1,1,1,0.0,0,0.0,0.0,8289,0,Inactive Base
34170.0,0,3,1,1,15476.0,20,150.0,1.0,8289,1,Bonus Accumulators
158483.0,0,2,1,1,9018.0,11,0.0,0.0,8289,0,Bonus Accumulators
43285.0,0,4,1,1,28613.0,14,0.0,0.0,8252,1,Bonus Accumulators
52980.0,0,3,1,1,17078.0,14,0.0,0.0,8237,0,Bonus Accumulators
74342.0,0,1,1,1,4389.0,12,0.0,0.0,8228,0,Inactive Base
139849.0,0,3,1,1,19946.0,15,0.0,0.0,8228,1,Bonus Accumulators
26080.0,0,2,1,1,9872.0,13,0.0,0.0,8228,1,Bonus Accumulators
29469.0,0,1,1,1,2522.0,4,0.0,0.0,8228,0,Inactive Base
189252.0,0,1,1,1,2991.0,15,0.0,0.0,8228,0,Bonus Accumulators
203211.125,0,5,1,1,57651.875,34,783.75,2.5,8228,1,Frequent Flyers
203211.125,0,5,1,1,57651.875,26,783.75,2.5,8228,1,Frequent Flyers
203211.125,0,5,1,1,57651.875,17,0.0,0.0,8228,1,Bonus Accumulators
83590.0,0,1,1,1,3708.0,22,0.0,0.0,8228,0,Inactive Base
82528.0,0,1,1,1,2100.0,5,600.0,2.5,8228,1,Frequent Flyers
5600.0,0,1,1,1,125.0,1,0.0,0.0,8228,0,Inactive Base
203211.125,0,1,1,1,4100.0,20,783.75,2.5,8228,1,Frequent Flyers
43954.0,0,5,1,1,57651.875,13,250.0,1.0,8228,1,Bonus Accumulators
52005.0,0,3,1,1,11870.0,15,100.0,1.0,8228,0,Bonus Accumulators
45494.0,0,1,1,1,5021.0,16,600.0,2.0,8228,0,Frequent Flyers
171509.0,0,3,1,1,40090.0,38,783.75,2.5,8151,1,Frequent Flyers
203211.125,0,1,1,1,3982.0,16,0.0,0.0,8145,0,Bonus Accumulators
153108.0,0,4,1,1,25802.0,14,500.0,1.0,8137,0,Bonus Accumulators
203211.125,0,4,1,1,33047.0,21,0.0,0.0,8146,1,Bonus Accumulators
80223.0,0,3,1,1,21248.0,26,783.75,2.5,8121,1,Frequent Flyers
38716.0,0,2,1,1,8253.0,21,0.0,0.0,8114,0,Bonus Accumulators
203211.125,0,3,1,1,23046.0,14,0.0,0.0,8107,0,Bonus Accumulators
10954.0,0,1,1,1,2500.0,1,0.0,0.0,8095,1,Inactive Base
97099.0,0,1,1,1,6325.0,21,783.75,2.5,8085,0,Frequent Flyers
62396.0,0,1,1,1,1250.0,3,0.0,0.0,8075,1,Inactive Base
40645.0,0,3,1,1,18348.0,13,0.0,0.0,8067,1,Bonus Accumulators
82655.0,0,5,1,1,57651.875,19,700.0,2.0,8057,1,Frequent Flyers
84035.0,0,1,1,1,4240.0,6,783.75,2.5,8114,1,Frequent Flyers
203211.125,0,1,1,1,3800.0,19,783.75,2.5,8023,1,Frequent Flyers
86345.0,0,3,1,1,13415.0,16,350.0,2.0,8009,0,Frequent Flyers
2701.0,0,1,1,1,5000.0,10,0.0,0.0,8002,1,Inactive Base
46874.0,0,1,1,1,9689.0,38,500.0,1.0,7990,0,Frequent Flyers
10879.0,0,5,1,1,57651.875,32,783.75,2.5,7981,1,Frequent Flyers
12742.0,0,1,1,1,0.0,0,0.0,0.0,7966,0,Inactive Base
122904.0,0,4,1,1,37380.0,21,783.75,2.5,7956,0,Frequent Flyers
10994.0,0,1,1,1,1250.0,3,0.0,0.0,8007,0,Inactive Base
2318.0,0,2,1,1,8747.0,14,0.0,0.0,7945,1,Bonus Accumulators
11070.0,0,1,1,1,0.0,0,0.0,0.0,7939,1,Inactive Base
21921.0,0,1,1,1,0.0,0,0.0,0.0,7939,0,Inactive Base
162521.0,0,5,1,1,57354.0,25,0.0,0.0,8105,1,Bonus Accumulators
203211.125,0,1,1,1,11137.0,34,783.75,2.5,8105,1,Frequent Flyers
86112.0,0,4,1,1,35528.0,22,0.0,0.0,8105,0,Bonus Accumulators
18328.0,0,1,1,1,0.0,0,0.0,0.0,6790,0,Inactive Base
203211.125,0,5,1,1,57651.875,19,550.0,2.0,6679,0,Frequent Flyers
11504.0,0,1,1,1,100.0,1,0.0,0.0,6675,0,Inactive Base
143200.0,0,5,1,1,57651.875,28,50.0,1.0,6667,1,Bonus Accumulators
160703.0,0,4,1,1,32560.0,12,0.0,0.0,6666,0,Bonus Accumulators
910.0,0,1,1,1,5172.0,13,0.0,0.0,6662,1,Inactive Base
94105.0,0,1,1,1,100.0,1,0.0,0.0,6676,0,Inactive Base
18422.0,0,1,1,1,3297.0,13,0.0,0.0,6653,0,Inactive Base
203211.125,0,5,1,1,57651.875,29,783.75,2.5,6652,1,Frequent Flyers
9800.0,0,1,1,1,10348.0,34,783.75,2.5,6651,1,Frequent Flyers
148318.0,0,4,1,1,51197.0,22,350.0,2.0,6648,1,Frequent Flyers
26149.0,0,1,1,1,5190.0,6,0.0,0.0,6646,0,Inactive Base
76933.0,0,4,1,1,28075.0,17,0.0,0.0,6646,0,Bonus Accumulators
203211.125,0,5,1,1,57651.875,16,0.0,0.0,6645,0,Bonus Accumulators
22878.0,0,1,1,1,9039.0,32,0.0,0.0,6641,1,Bonus Accumulators
66741.0,0,5,1,1,57651.875,30,783.75,2.5,6638,1,Frequent Flyers
134060.0,0,4,1,1,46606.0,13,0.0,0.0,6637,0,Bonus Accumulators
3305.0,0,1,1,1,31465.0,24,783.75,2.5,6633,1,Frequent Flyers
28930.0,0,1,1,1,8185.0,17,0.0,0.0,6630,0,Inactive Base
203211.125,0,1,1,1,4040.0,6,450.0,2.0,6627,0,Frequent Flyers
58951.0,0,4,1,1,47994.0,15,500.0,1.0,6625,0,Bonus Accumulators
25395.0,0,1,1,1,2000.0,1,0.0,0.0,6624,0,Inactive Base
109248.0,0,1,1,1,6828.0,11,0.0,0.0,6618,1,Inactive Base
43387.0,0,1,1,1,4942.0,13,0.0,0.0,6613,0,Inactive Base
52423.0,0,4,1,1,26926.0,13,0.0,0.0,6611,1,Bonus Accumulators
26858.0,0,4,1,1,34308.0,17,783.75,2.5,6606,1,Frequent Flyers
5410.0,0,4,1,1,45890.0,22,0.0,0.0,6603,1,Bonus Accumulators
18177.0,0,3,1,1,12040.0,12,0.0,0.0,6690,1,Bonus Accumulators
203211.125,0,1,1,1,2500.0,1,0.0,0.0,6598,1,Inactive Base
98472.0,0,5,1,1,57651.875,38,783.75,2.5,6621,1,Frequent Flyers
86520.0,0,5,1,1,57651.875,20,783.75,2.0,6592,1,Frequent Flyers
16648.0,0,1,1,1,625.0,4,0.0,0.0,6588,0,Inactive Base
203211.125,0,5,1,1,57651.875,38,783.75,2.5,6584,1,Frequent Flyers
31478.0,0,3,1,1,18885.0,18,0.0,0.0,6578,1,Bonus Accumulators
17445.0,0,1,1,1,4500.0,3,500.0,1.0,6576,1,Inactive Base
49052.0,0,4,1,1,46718.0,17,0.0,0.0,6575,1,Bonus Accumulators
21689.0,0,1,1,1,0.0,0,0.0,0.0,6570,0,Inactive Base
18302.0,0,1,1,1,2197.0,10,0.0,0.0,6569,0,Inactive Base
26220.0,0,1,1,1,2775.0,11,0.0,0.0,6647,0,Inactive Base
59552.0,0,1,1,1,7551.0,22,0.0,0.0,6473,1,Bonus Accumulators
34962.0,0,1,1,1,252.0,3,0.0,0.0,6208,0,Inactive Base
16153.0,0,1,1,1,180.0,1,0.0,0.0,6491,0,Inactive Base
28931.0,0,1,1,1,6500.0,4,500.0,1.0,6354,1,Inactive Base
202636.0,0,1,1,1,19000.0,5,0.0,0.0,6119,1,Bonus Accumulators
153962.0,0,5,1,1,57651.875,21,0.0,0.0,6567,1,Bonus Accumulators
63311.0,0,4,1,1,25048.0,14,0.0,0.0,6634,1,Bonus Accumulators
8561.0,0,1,1,1,2050.0,8,783.75,2.0,6675,1,Frequent Flyers
203211.125,0,3,1,1,29823.0,33,783.75,2.5,6561,1,Frequent Flyers
122700.0,0,3,1,1,18604.0,13,0.0,0.0,6556,0,Bonus Accumulators
81419.0,0,2,1,1,7769.0,12,350.0,1.0,6599,1,Frequent Flyers
13873.0,0,1,1,1,4833.0,20,0.0,0.0,6519,0,Inactive Base
148.0,0,1,1,1,190.0,2,0.0,0.0,6507,0,Inactive Base
178919.0,0,3,1,1,23387.0,17,0.0,0.0,6555,1,Bonus Accumulators
19702.0,0,1,1,1,3000.0,1,0.0,0.0,6554,1,Inactive Base
18820.0,0,1,1,1,0.0,0,0.0,0.0,6549,0,Inactive Base
203211.125,0,1,1,1,500.0,1,0.0,0.0,6549,1,Inactive Base
28077.0,0,1,1,1,735.0,6,500.0,1.0,6575,0,Inactive Base
4528.0,0,1,1,1,290.0,1,0.0,0.0,6565,0,Inactive Base
40418.0,0,3,1,1,12678.0,12,0.0,0.0,6541,1,Bonus Accumulators
203211.125,0,2,2,1,22485.0,25,213.0,1.0,6539,1,Bonus Accumulators
176849.0,0,1,1,1,7700.0,11,783.75,2.5,6539,1,Frequent Flyers
71235.0,0,4,1,1,41004.0,14,0.0,0.0,6535,0,Bonus Accumulators
76446.0,0,5,1,1,57651.875,17,0.0,0.0,6550,1,Bonus Accumulators
148915.0,0,3,1,1,23522.0,16,650.0,2.0,6532,1,Frequent Flyers
65034.0,0,3,1,1,14331.0,16,783.75,2.5,6541,0,Frequent Flyers
35738.0,0,4,1,1,41264.0,16,0.0,0.0,6526,1,Bonus Accumulators
313.0,0,1,1,1,1600.0,1,0.0,0.0,6525,0,Inactive Base
55703.0,0,1,1,1,0.0,0,0.0,0.0,6520,0,Inactive Base
11613.0,0,1,1,1,2000.0,1,0.0,0.0,6519,1,Inactive Base
65672.0,0,4,1,1,29089.0,13,0.0,0.0,6529,0,Bonus Accumulators
84785.0,0,1,1,1,4570.0,14,0.0,0.0,6514,0,Inactive Base
30592.0,0,1,1,1,2602.0,7,0.0,0.0,6512,0,Inactive Base
99293.0,0,5,1,1,57651.875,23,783.75,2.0,6508,1,Frequent Flyers
51830.0,0,1,1,1,0.0,0,0.0,0.0,6507,0,Inactive Base
20126.0,0,5,1,1,57651.875,28,783.75,2.5,6506,1,Frequent Flyers
3294.0,0,1,1,1,1330.0,2,0.0,0.0,6498,0,Inactive Base
11143.0,0,1,1,1,2800.0,6,783.75,2.5,6529,1,Frequent Flyers
8250.0,0,1,1,1,250.0,2,0.0,0.0,6486,0,Inactive Base
117670.0,0,5,1,1,53043.0,19,550.0,1.0,6505,0,Bonus Accumulators
49454.0,0,2,1,1,9548.0,22,250.0,1.0,6501,0,Bonus Accumulators
58421.0,0,1,1,1,1000.0,1,0.0,0.0,6532,0,Inactive Base
33443.0,0,1,1,1,0.0,0,0.0,0.0,6476,0,Inactive Base
13886.0,0,1,1,1,0.0,0,0.0,0.0,6465,0,Inactive Base
15349.0,0,1,1,1,250.0,2,0.0,0.0,6457,0,Inactive Base
78712.0,0,1,1,1,0.0,0,0.0,0.0,6433,0,Inactive Base
89742.0,0,4,1,1,39073.0,13,0.0,0.0,6498,0,Bonus Accumulators
31311.0,0,1,1,1,3961.0,10,0.0,0.0,6494,0,Inactive Base
133445.0,0,1,1,1,3375.0,13,0.0,0.0,6492,1,Bonus Accumulators
136161.0,0,1,1,1,6032.0,15,0.0,0.0,6463,0,Inactive Base
9998.0,0,1,1,1,0.0,0,0.0,0.0,6448,0,Inactive Base
37904.0,0,3,1,1,19052.0,17,0.0,0.0,6487,1,Bonus Accumulators
41243.0,0,4,1,1,27971.0,7,300.0,1.0,6483,0,Bonus Accumulators
54011.0,0,3,1,1,38380.0,20,783.75,2.5,6487,1,Frequent Flyers
5351.0,0,1,1,1,100.0,1,0.0,0.0,6450,0,Inactive Base
23334.0,0,1,1,1,0.0,0,0.0,0.0,6441,0,Inactive Base
11255.0,0,1,1,1,0.0,0,0.0,0.0,6428,0,Inactive Base
48127.0,0,4,1,1,41447.0,28,0.0,0.0,6421,1,Bonus Accumulators
203211.125,0,5,1,1,57264.0,12,0.0,0.0,6484,1,Bonus Accumulators
158895.0,0,4,1,1,41954.0,15,0.0,0.0,6525,0,Bonus Accumulators
34540.0,0,4,1,1,27882.0,13,0.0,0.0,6494,0,Bonus Accumulators
117623.0,0,5,1,1,57651.875,26,783.75,2.5,6477,1,Frequent Flyers
126409.0,0,4,1,1,28460.0,13,0.0,0.0,6478,0,Bonus Accumulators
112843.0,0,3,1,1,16137.0,14,0.0,0.0,6472,1,Bonus Accumulators
117240.0,0,1,1,1,1200.0,3,700.0,2.0,6471,1,Frequent Flyers
7216.0,0,3,1,1,21419.0,18,0.0,0.0,6470,1,Bonus Accumulators
26412.0,0,1,1,1,5086.0,2,0.0,0.0,6552,0,Inactive Base
203211.125,0,4,1,1,35098.0,16,783.75,2.5,6465,0,Frequent Flyers
1846.0,0,1,1,1,450.0,1,0.0,0.0,6471,0,Inactive Base
45830.0,0,2,1,1,23404.0,10,0.0,0.0,6459,0,Inactive Base
179042.0,0,1,1,1,25078.0,38,783.75,2.5,6456,1,Frequent Flyers
41487.0,0,1,1,1,10885.0,7,0.0,0.0,6451,1,Inactive Base
39601.0,0,1,1,1,3733.0,9,0.0,0.0,6450,1,Inactive Base
46142.0,0,3,1,1,14445.0,13,0.0,0.0,6452,1,Bonus Accumulators
110277.0,0,4,1,1,37110.0,18,783.75,2.5,6445,1,Frequent Flyers
122928.0,0,3,1,1,12211.0,14,0.0,0.0,6443,0,Bonus Accumulators
146599.0,0,3,1,1,16463.0,16,783.75,2.0,6444,1,Frequent Flyers
203211.125,0,4,1,1,52908.0,16,0.0,0.0,6444,0,Bonus Accumulators
54125.0,0,4,1,1,48874.0,17,450.0,2.5,6463,1,Frequent Flyers
29861.0,0,4,1,1,28190.0,15,0.0,0.0,6407,1,Bonus Accumulators
126148.0,0,2,1,1,6273.0,8,0.0,0.0,6435,0,Inactive Base
62080.0,0,2,1,1,19113.0,32,783.75,2.5,6434,1,Frequent Flyers
175131.0,0,5,1,1,53495.0,15,0.0,0.0,6431,1,Bonus Accumulators
203211.125,0,5,1,1,57651.875,23,783.75,2.5,6429,1,Frequent Flyers
105547.0,0,3,1,1,24973.0,26,500.0,1.0,6415,0,Bonus Accumulators
67615.0,0,3,1,1,14168.0,13,0.0,0.0,6413,0,Bonus Accumulators
33554.0,0,4,1,1,27410.0,16,350.0,1.0,6428,1,Bonus Accumulators
163083.0,0,1,1,1,3825.0,9,450.0,2.5,6428,0,Frequent Flyers
203211.125,0,4,1,1,26117.0,15,50.0,1.0,6427,1,Bonus Accumulators
203211.125,0,5,1,1,57651.875,38,783.75,2.5,6423,1,Frequent Flyers
18111.0,0,1,1,1,4625.0,26,0.0,0.0,6463,0,Inactive Base
41526.0,0,1,1,1,0.0,0,0.0,0.0,6406,0,Inactive Base
38021.0,0,1,1,1,5538.0,9,0.0,0.0,6407,0,Inactive Base
17500.0,0,1,1,1,0.0,0,0.0,0.0,6400,0,Inactive Base
5906.0,0,1,1,1,280.0,1,0.0,0.0,6395,0,Inactive Base
70133.0,0,2,1,1,7396.0,16,0.0,0.0,6392,0,Inactive Base
32010.0,0,1,1,1,12315.0,6,650.0,2.0,6421,1,Frequent Flyers
82605.0,0,3,1,1,23049.0,15,0.0,0.0,6417,0,Bonus Accumulators
77285.0,0,5,1,1,57651.875,32,0.0,0.0,6417,1,Bonus Accumulators
15219.0,0,1,1,1,0.0,0,0.0,0.0,6427,1,Inactive Base
54889.0,0,2,1,1,13150.0,4,0.0,0.0,6438,0,Inactive Base
8910.0,0,1,1,1,150.0,1,150.0,1.0,6413,0,Inactive Base
49891.0,0,1,1,1,500.0,1,500.0,1.0,6392,0,Inactive Base
10484.0,0,1,1,1,0.0,0,0.0,0.0,6375,0,Inactive Base
15496.0,0,1,1,1,0.0,0,0.0,0.0,6324,0,Inactive Base
16714.0,0,1,1,1,0.0,0,0.0,0.0,6214,0,Inactive Base
25835.0,0,3,1,1,15153.0,15,0.0,0.0,6142,1,Bonus Accumulators
3487.0,0,1,1,1,710.0,1,0.0,0.0,6059,0,Inactive Base
203211.125,0,1,1,1,12000.0,6,0.0,0.0,6408,1,Bonus Accumulators
155962.0,0,3,1,1,16510.0,16,50.0,1.0,6406,1,Bonus Accumulators
160572.0,0,1,1,1,8163.0,18,500.0,1.0,6403,1,Frequent Flyers
203211.125,0,1,1,1,5900.0,4,400.0,1.0,6420,1,Frequent Flyers
48410.0,0,4,1,1,37869.0,16,500.0,1.0,6395,1,Bonus Accumulators
33269.0,0,1,1,1,4675.0,10,200.0,1.0,6396,0,Inactive Base
25685.0,0,1,1,1,185.0,3,0.0,0.0,6382,0,Inactive Base
50500.0,0,1,1,1,4765.0,14,0.0,0.0,6380,0,Inactive Base
97486.0,0,3,1,1,22707.0,15,0.0,0.0,6387,0,Bonus Accumulators
203211.125,0,1,1,1,12000.0,8,783.75,2.5,6378,1,Frequent Flyers
11821.0,0,1,1,1,10697.0,10,0.0,0.0,6387,1,Inactive Base
37039.0,0,4,1,1,29976.0,18,0.0,0.0,6375,0,Bonus Accumulators
28306.0,0,1,1,1,233.0,3,0.0,0.0,6371,0,Inactive Base
109532.0,0,5,1,1,57651.875,38,783.75,2.5,6372,1,Frequent Flyers
91974.0,0,3,1,1,19223.0,18,500.0,1.0,6372,1,Frequent Flyers
65823.0,0,4,1,1,28208.0,19,300.0,2.5,6373,1,Frequent Flyers
104824.0,0,3,1,1,14582.0,15,0.0,0.0,6366,0,Bonus Accumulators
16061.0,0,1,1,1,2750.0,11,0.0,0.0,6366,0,Inactive Base
55237.0,0,2,1,1,5547.0,14,0.0,0.0,6358,0,Inactive Base
10491.0,0,1,1,1,5025.0,11,150.0,1.0,6357,0,Inactive Base
192334.0,0,4,1,1,33950.0,21,783.75,2.5,6366,1,Frequent Flyers
45501.0,0,4,1,1,49656.0,17,316.0,1.0,6375,1,Bonus Accumulators
18661.0,0,1,1,1,0.0,0,0.0,0.0,6352,0,Inactive Base
89668.0,0,4,1,1,29130.0,14,0.0,0.0,6350,0,Bonus Accumulators
53327.0,0,1,1,1,8650.0,6,650.0,2.0,6350,1,Frequent Flyers
133143.0,0,4,1,1,43643.0,14,50.0,1.0,6385,0,Bonus Accumulators
22268.0,0,3,1,1,23582.0,15,200.0,1.0,6339,1,Bonus Accumulators
26556.0,0,1,1,1,2845.0,14,720.0,2.5,6339,1,Frequent Flyers
9601.0,0,3,1,1,20467.0,16,0.0,0.0,6338,1,Bonus Accumulators
203211.125,0,3,1,1,12154.0,13,0.0,0.0,6337,0,Bonus Accumulators
146248.0,0,1,1,1,2900.0,4,783.75,2.5,6333,0,Frequent Flyers
9483.0,0,1,1,1,1000.0,1,0.0,0.0,6340,0,Inactive Base
119082.0,0,1,1,1,4230.0,17,783.75,2.5,6340,1,Frequent Flyers
203211.125,0,3,1,1,22258.0,30,650.0,2.0,6340,1,Frequent Flyers
203211.125,0,4,1,1,46942.0,35,783.75,2.5,6340,1,Frequent Flyers
37381.0,0,1,1,1,6091.0,16,0.0,0.0,6332,0,Inactive Base
173543.0,0,5,1,1,57651.875,25,0.0,0.0,6329,1,Bonus Accumulators
31211.0,0,1,1,1,280.0,4,100.0,1.0,6330,0,Inactive Base
47780.0,0,5,1,1,57651.875,20,250.0,2.0,6329,1,Bonus Accumulators
79479.0,0,3,1,1,23167.0,13,0.0,0.0,6118,0,Bonus Accumulators
81960.0,0,4,1,1,37072.0,22,700.0,2.5,6326,0,Frequent Flyers
20162.0,0,1,1,1,2750.0,15,0.0,0.0,6324,0,Inactive Base
105683.0,0,4,1,1,28386.0,17,0.0,0.0,6361,0,Bonus Accumulators
203211.125,0,4,1,1,30406.0,28,150.0,2.0,6319,1,Bonus Accumulators
203211.125,0,3,1,1,27390.0,17,750.0,1.0,6323,1,Frequent Flyers
17334.0,0,1,1,1,6783.0,27,50.0,1.0,6318,0,Inactive Base
57909.0,0,1,1,1,5150.0,4,0.0,0.0,6323,0,Inactive Base
17949.0,0,1,1,1,0.0,0,0.0,0.0,6312,0,Inactive Base
203211.125,0,2,1,1,31624.0,28,783.75,2.5,6311,1,Frequent Flyers
71543.0,0,1,1,1,0.0,0,0.0,0.0,6305,0,Inactive Base
111897.0,0,3,1,1,14728.0,14,0.0,0.0,6310,0,Bonus Accumulators
61598.0,0,1,1,1,0.0,0,0.0,0.0,6311,0,Inactive Base
203211.125,0,4,1,1,44472.0,18,0.0,0.0,6308,0,Bonus Accumulators
203211.125,0,5,1,1,57651.875,38,783.75,2.5,6305,1,Frequent Flyers
32774.0,0,1,1,1,0.0,0,0.0,0.0,6304,1,Inactive Base
203211.125,0,5,1,1,57651.875,18,500.0,1.0,6296,1,Bonus Accumulators
137843.0,0,4,1,1,45416.0,24,250.0,1.0,6302,1,Bonus Accumulators
30530.0,0,1,1,1,5590.0,12,783.75,2.5,6298,1,Frequent Flyers
30973.0,0,1,1,1,0.0,0,0.0,0.0,6298,0,Inactive Base
203211.125,0,1,1,1,7134.0,14,783.75,2.5,6297,1,Frequent Flyers
16803.0,0,1,1,1,1287.0,6,0.0,0.0,6291,0,Inactive Base
23553.0,0,1,1,1,1587.0,4,487.0,2.0,6295,1,Frequent Flyers
48161.0,0,4,1,1,41174.0,24,0.0,0.0,6294,1,Bonus Accumulators
21616.0,0,1,1,1,0.0,0,0.0,0.0,6291,0,Inactive Base
13114.0,0,2,1,1,14029.0,13,0.0,0.0,6289,1,Bonus Accumulators
117120.0,0,4,1,1,41278.0,17,500.0,1.0,6288,0,Bonus Accumulators
52987.0,0,3,1,1,17510.0,15,0.0,0.0,6289,0,Bonus Accumulators
150176.0,0,4,1,1,29999.0,17,400.0,1.0,6284,0,Bonus Accumulators
19002.0,0,3,1,1,22675.0,21,0.0,0.0,6277,1,Bonus Accumulators
60976.0,0,5,1,1,57651.875,31,783.75,2.5,6282,1,Frequent Flyers
50675.0,0,1,1,1,1100.0,2,100.0,1.0,6282,0,Inactive Base
65466.0,0,2,1,1,5488.0,13,0.0,0.0,6280,0,Inactive Base
64280.0,0,3,1,1,21721.0,18,0.0,0.0,6280,1,Bonus Accumulators
14523.0,0,1,1,1,4197.0,4,0.0,0.0,6276,1,Inactive Base
203211.125,0,3,1,1,20468.0,16,0.0,0.0,6280,1,Bonus Accumulators
9157.0,0,1,1,1,75.0,2,0.0,0.0,6274,0,Inactive Base
151904.0,0,5,1,1,57651.875,25,783.75,2.5,6273,1,Frequent Flyers
13781.0,0,4,1,1,48914.0,19,500.0,1.0,6269,1,Bonus Accumulators
40567.0,0,3,1,1,18122.0,16,0.0,0.0,6268,0,Bonus Accumulators
43090.0,0,3,1,1,11411.0,10,0.0,0.0,6259,0,Inactive Base
1875.0,0,1,1,1,1250.0,3,0.0,0.0,6266,0,Inactive Base
126555.0,0,4,1,1,41253.0,19,0.0,0.0,6280,1,Bonus Accumulators
16472.0,0,4,1,1,45517.0,12,0.0,0.0,6262,1,Bonus Accumulators
21270.0,0,1,1,1,318.0,10,0.0,0.0,6256,0,Inactive Base
33410.0,0,1,1,1,818.0,12,0.0,0.0,6255,0,Inactive Base
15750.0,0,1,1,1,1065.0,3,0.0,0.0,6254,1,Inactive Base
104665.0,0,2,1,1,9547.0,12,0.0,0.0,6249,0,Inactive Base
86285.0,0,5,1,1,57651.875,14,0.0,0.0,6249,1,Bonus Accumulators
41967.0,0,1,1,1,2125.0,10,0.0,0.0,6247,0,Inactive Base
35026.0,0,1,1,1,9799.0,27,500.0,1.0,6247,0,Frequent Flyers
138411.0,0,5,1,1,53843.0,14,0.0,0.0,6247,0,Bonus Accumulators
127693.0,0,3,1,1,17383.0,15,0.0,0.0,6246,1,Bonus Accumulators
52050.0,0,4,1,1,43190.0,14,0.0,0.0,6245,1,Bonus Accumulators
37162.0,0,1,1,1,0.0,0,0.0,0.0,6241,0,Inactive Base
203211.125,0,1,1,1,22750.0,15,783.75,2.5,6234,1,Frequent Flyers
66572.0,0,2,1,1,8048.0,14,450.0,2.0,6240,1,Frequent Flyers
203211.125,0,4,1,1,42020.0,15,0.0,0.0,6240,0,Bonus Accumulators
79561.0,0,1,1,1,6333.0,12,400.0,2.0,6231,0,Frequent Flyers
131528.0,0,2,1,1,10365.0,17,500.0,1.0,6227,0,Frequent Flyers
11820.0,0,1,1,1,2045.0,5,0.0,0.0,6227,0,Inactive Base
20810.0,0,1,1,1,1713.0,13,0.0,0.0,6225,0,Inactive Base
189423.0,0,5,1,1,57651.875,31,600.0,1.0,6476,0,Bonus Accumulators
96477.0,0,1,1,1,2987.0,13,0.0,0.0,6221,1,Inactive Base
106471.0,0,1,1,1,8444.0,5,100.0,1.0,6220,0,Inactive Base
33374.0,0,3,1,1,20441.0,13,0.0,0.0,6214,1,Bonus Accumulators
203211.125,0,4,1,1,48914.0,16,0.0,0.0,6217,1,Bonus Accumulators
26740.0,0,1,1,1,619.0,7,0.0,0.0,6213,0,Inactive Base
203211.125,0,4,1,1,39166.0,14,0.0,0.0,6214,0,Bonus Accumulators
76737.0,0,4,1,1,34648.0,31,0.0,0.0,6211,0,Bonus Accumulators
20999.0,0,3,1,1,15914.0,13,0.0,0.0,6206,1,Bonus Accumulators
43179.0,0,3,1,1,11915.0,6,0.0,0.0,6214,1,Bonus Accumulators
119214.0,0,2,1,1,10028.0,16,0.0,0.0,6205,1,Bonus Accumulators
14988.0,0,1,1,1,2100.0,10,0.0,0.0,6203,0,Inactive Base
21334.0,0,1,1,1,5472.0,20,0.0,0.0,6200,0,Inactive Base
104307.0,0,4,1,1,51769.0,24,450.0,1.0,6197,0,Bonus Accumulators
34357.0,0,5,1,1,57651.875,25,100.0,1.0,6198,1,Bonus Accumulators
203211.125,0,3,1,1,31266.0,26,783.75,2.5,6340,0,Frequent Flyers
14662.0,0,1,1,1,1110.0,12,0.0,0.0,6197,0,Inactive Base
13144.0,0,3,1,1,18615.0,18,0.0,0.0,6196,1,Bonus Accumulators
10978.0,0,3,1,1,14313.0,11,0.0,0.0,6193,1,Bonus Accumulators
150698.0,0,4,1,1,43589.0,20,783.75,2.5,6193,0,Frequent Flyers
18035.0,0,1,1,1,811.0,2,0.0,0.0,6193,0,Inactive Base
194604.0,0,2,1,1,6606.0,10,0.0,0.0,6190,0,Bonus Accumulators
117852.0,0,1,1,1,11406.0,21,783.75,2.5,6186,1,Frequent Flyers
32356.0,0,3,1,1,22918.0,19,0.0,0.0,6571,0,Bonus Accumulators
44247.0,0,4,1,1,40939.0,26,0.0,0.0,6184,1,Bonus Accumulators
23431.0,0,1,1,1,3546.0,10,0.0,0.0,6182,0,Inactive Base
37773.0,0,2,1,1,8436.0,15,0.0,0.0,6179,1,Bonus Accumulators
203211.125,0,1,1,1,2750.0,4,750.0,2.0,6179,0,Frequent Flyers
63587.0,0,1,1,1,500.0,1,500.0,1.0,6184,0,Inactive Base
15088.0,0,1,1,1,5625.0,15,0.0,0.0,6177,1,Inactive Base
152539.0,0,5,1,1,57651.875,14,0.0,0.0,6187,0,Bonus Accumulators
203211.125,0,5,1,1,57651.875,23,783.75,2.5,6171,1,Frequent Flyers
15064.0,0,1,1,1,2910.0,9,0.0,0.0,6171,1,Inactive Base
19032.0,0,1,1,1,2375.0,12,0.0,0.0,6169,0,Inactive Base
66434.0,0,3,1,1,13041.0,13,0.0,0.0,6230,0,Bonus Accumulators
146097.0,0,2,1,1,6919.0,16,0.0,0.0,6165,0,Bonus Accumulators
8207.0,0,1,1,1,1750.0,7,0.0,0.0,6184,0,Inactive Base
203211.125,0,3,1,1,22148.0,15,0.0,0.0,6161,0,Bonus Accumulators
147472.0,0,3,1,1,20645.0,16,0.0,0.0,6163,1,Bonus Accumulators
103993.0,0,3,1,1,14149.0,13,100.0,1.0,6158,1,Bonus Accumulators
34651.0,0,1,1,1,4000.0,6,500.0,1.0,6157,1,Frequent Flyers
102339.0,0,4,1,1,47498.0,19,0.0,0.0,6156,0,Bonus Accumulators
149167.0,0,4,1,1,48521.0,13,0.0,0.0,6155,0,Bonus Accumulators
105249.0,0,4,1,1,36093.0,15,0.0,0.0,6153,1,Bonus Accumulators
55610.0,0,1,2,1,5095.0,13,0.0,0.0,6151,0,Inactive Base
70391.0,0,1,1,1,6000.0,4,0.0,0.0,6150,1,Inactive Base
74645.0,0,4,1,1,40367.0,18,0.0,0.0,6147,1,Bonus Accumulators
26939.0,0,4,1,1,29264.0,15,0.0,0.0,6148,1,Bonus Accumulators
203211.125,0,5,1,1,57651.875,31,0.0,0.0,6144,0,Bonus Accumulators
7421.0,0,1,1,1,0.0,0,0.0,0.0,6142,1,Inactive Base
74924.0,0,4,1,1,57651.875,13,0.0,0.0,6141,0,Bonus Accumulators
17599.0,0,1,1,1,100.0,1,0.0,0.0,6029,0,Inactive Base
5594.0,0,1,1,1,370.0,1,0.0,0.0,5835,0,Inactive Base
66122.0,0,3,1,1,11756.0,13,0.0,0.0,5630,1,Bonus Accumulators
12024.0,0,1,1,1,0.0,0,0.0,0.0,5119,0,Inactive Base
42044.0,0,3,1,1,11433.0,10,0.0,0.0,6140,1,Bonus Accumulators
83105.0,0,4,1,1,57651.875,28,753.0,2.5,6137,1,Frequent Flyers
152063.0,0,4,1,1,34257.0,19,783.75,2.5,6159,1,Frequent Flyers
59546.0,0,3,1,1,20730.0,4,0.0,0.0,6135,0,Inactive Base
1258.0,0,1,1,1,475.0,4,0.0,0.0,6134,0,Inactive Base
75181.0,0,1,1,1,2455.0,7,783.75,2.5,6133,0,Frequent Flyers
68255.0,0,3,1,1,19077.0,22,400.0,2.0,6130,1,Frequent Flyers
58229.0,0,5,1,1,53108.0,16,500.0,1.0,6137,1,Bonus Accumulators
97349.0,0,4,1,1,42774.0,14,0.0,0.0,6128,0,Bonus Accumulators
131424.0,0,5,1,1,57651.875,14,50.0,1.0,6128,1,Bonus Accumulators
24011.0,0,2,1,1,20442.0,9,0.0,0.0,6123,1,Bonus Accumulators
64538.0,0,1,1,1,0.0,0,0.0,0.0,6123,0,Inactive Base
3832.0,0,1,1,1,1000.0,1,0.0,0.0,6120,0,Inactive Base
3268.0,0,4,1,1,52263.0,32,0.0,0.0,6120,1,Bonus Accumulators
36790.0,0,1,1,1,7158.0,14,0.0,0.0,6133,0,Inactive Base
203211.125,0,1,1,1,5950.0,11,783.75,2.5,6116,1,Frequent Flyers
179382.0,0,1,1,1,4225.0,7,0.0,0.0,6115,0,Inactive Base
203211.125,0,1,1,1,8500.0,4,0.0,0.0,6114,1,Bonus Accumulators
203211.125,0,5,1,1,57651.875,14,0.0,0.0,6112,1,Bonus Accumulators
54265.0,0,1,1,1,0.0,0,0.0,0.0,6109,0,Inactive Base
69959.0,0,3,1,1,16504.0,13,0.0,0.0,6108,0,Bonus Accumulators
86380.0,0,1,1,1,13500.0,3,0.0,0.0,6102,1,Inactive Base
48321.0,0,1,1,1,0.0,0,0.0,0.0,6102,0,Inactive Base
78130.0,0,4,1,1,37251.0,15,783.75,2.0,6120,0,Frequent Flyers
25333.0,0,3,1,1,11229.0,16,300.0,2.0,6099,1,Frequent Flyers
54522.0,0,3,1,1,21221.0,38,783.75,2.5,6125,0,Frequent Flyers
75413.0,0,4,1,1,31726.0,18,0.0,0.0,6094,0,Bonus Accumulators
203211.125,0,5,1,1,57651.875,15,783.75,2.0,6095,1,Frequent Flyers
114932.0,0,1,1,1,3150.0,13,783.75,2.5,6092,1,Frequent Flyers
18932.0,0,3,1,1,24660.0,22,0.0,0.0,6091,1,Bonus Accumulators
35997.0,0,5,1,1,57651.875,19,783.75,2.5,6088,1,Frequent Flyers
136664.0,0,4,1,1,36024.0,15,0.0,0.0,6086,0,Bonus Accumulators
173191.0,0,4,1,1,31503.0,13,0.0,0.0,6084,1,Bonus Accumulators
16528.0,0,1,1,1,250.0,2,0.0,0.0,6081,0,Inactive Base
119932.0,0,3,1,1,22463.0,26,783.75,2.5,6077,1,Frequent Flyers
144171.0,0,4,1,1,33200.0,15,0.0,0.0,6073,0,Bonus Accumulators
77109.0,0,5,1,1,57651.875,7,0.0,0.0,6071,0,Bonus Accumulators
144973.0,0,3,1,1,23703.0,14,0.0,0.0,6280,0,Bonus Accumulators
75027.0,0,1,1,1,1390.0,3,500.0,1.0,6067,0,Inactive Base
96387.0,0,4,1,1,43512.0,20,0.0,0.0,6065,1,Bonus Accumulators
34854.0,0,1,1,1,750.0,5,650.0,2.5,6063,0,Frequent Flyers
44307.0,0,2,1,1,7944.0,8,0.0,0.0,6060,0,Inactive Base
73836.0,0,5,1,1,57651.875,19,0.0,0.0,6087,0,Bonus Accumulators
20126.0,0,1,1,1,0.0,0,0.0,0.0,6053,0,Inactive Base
56268.0,0,4,1,1,33447.0,14,100.0,1.0,6017,1,Bonus Accumulators
25629.0,0,4,1,5,57651.875,36,600.0,2.0,5966,1,Frequent Flyers
70774.0,0,3,1,1,32635.0,31,783.75,2.5,5931,1,Frequent Flyers
6371.0,0,1,1,1,1404.0,8,0.0,0.0,5905,0,Inactive Base
95595.0,0,3,1,1,12060.0,14,0.0,0.0,5877,0,Bonus Accumulators
51843.0,0,4,1,1,40997.0,17,0.0,0.0,5859,0,Bonus Accumulators
84868.0,0,4,1,1,33187.0,15,0.0,0.0,6057,0,Bonus Accumulators
79629.0,0,1,1,1,2550.0,2,50.0,1.0,6091,0,Inactive Base
58620.0,0,1,1,1,2125.0,10,0.0,0.0,6051,0,Inactive Base
70380.0,0,5,1,1,57651.875,12,0.0,0.0,6050,1,Bonus Accumulators
93473.0,0,3,1,1,20257.0,15,0.0,0.0,6049,0,Bonus Accumulators
131621.0,0,2,1,1,27846.0,31,783.75,2.5,6045,1,Frequent Flyers
195563.0,0,3,1,1,16715.0,13,0.0,0.0,6042,0,Bonus Accumulators
21138.0,0,1,1,1,4500.0,2,0.0,0.0,6031,1,Inactive Base
93319.0,0,1,1,1,270.0,3,100.0,1.0,6043,0,Inactive Base
56606.0,0,4,1,1,57651.875,14,100.0,1.0,6039,1,Bonus Accumulators
38763.0,0,4,1,1,34652.0,13,0.0,0.0,6037,1,Bonus Accumulators
16430.0,0,2,1,1,8528.0,12,0.0,0.0,6036,1,Inactive Base
61440.0,0,2,1,1,8156.0,25,0.0,0.0,6032,0,Bonus Accumulators
203211.125,0,1,1,1,5132.0,16,783.75,2.5,6030,1,Frequent Flyers
203211.125,0,1,1,1,9000.0,5,500.0,1.0,6028,1,Frequent Flyers
76702.0,0,3,1,1,21568.0,17,0.0,0.0,6025,1,Bonus Accumulators
19348.0,0,3,1,1,17059.0,19,0.0,0.0,6022,1,Bonus Accumulators
31669.0,0,2,1,1,8384.0,15,0.0,0.0,6018,1,Bonus Accumulators
40902.0,0,1,1,1,4850.0,7,783.75,2.5,6018,0,Frequent Flyers
16906.0,0,1,1,1,2750.0,15,0.0,0.0,6017,0,Inactive Base
65508.0,0,1,1,1,14000.0,7,783.75,2.5,6015,1,Frequent Flyers
10152.0,0,1,1,1,0.0,0,0.0,0.0,6010,0,Inactive Base
21461.0,0,3,1,1,40806.0,28,0.0,0.0,6011,1,Bonus Accumulators
28979.0,0,2,1,1,6494.0,12,0.0,0.0,6010,0,Inactive Base
24711.0,0,1,1,1,3193.0,11,500.0,1.0,6009,0,Inactive Base
203211.125,0,5,1,1,57651.875,18,500.0,1.0,6004,1,Bonus Accumulators
203211.125,0,3,1,1,21078.0,15,200.0,1.0,6007,0,Bonus Accumulators
37832.0,0,1,1,1,0.0,0,0.0,0.0,6004,0,Inactive Base
135168.0,0,4,1,1,29156.0,16,300.0,2.0,6002,0,Frequent Flyers
134650.0,0,4,1,1,40232.0,17,783.75,2.0,6000,0,Frequent Flyers
20665.0,0,3,1,1,19947.0,16,0.0,0.0,5997,1,Bonus Accumulators
5546.0,0,1,1,1,2631.0,6,0.0,0.0,5995,1,Inactive Base
91736.0,0,4,1,1,26724.0,14,0.0,0.0,5994,0,Bonus Accumulators
203211.125,0,1,1,1,0.0,0,0.0,0.0,5993,0,Inactive Base
94167.0,0,1,1,1,6500.0,4,500.0,1.0,5990,1,Frequent Flyers
132256.0,0,2,1,1,15040.0,24,783.75,2.5,5988,0,Frequent Flyers
149959.0,0,5,1,1,57651.875,38,783.75,2.5,5986,1,Frequent Flyers
104338.0,0,1,1,1,2500.0,1,0.0,0.0,5982,0,Inactive Base
38312.0,0,4,1,1,37419.0,14,0.0,0.0,5980,1,Bonus Accumulators
1860.0,0,1,1,1,65.0,2,0.0,0.0,5976,0,Inactive Base
54337.0,0,1,1,1,2131.0,9,230.0,1.0,5976,0,Inactive Base
203211.125,0,1,1,1,11650.0,6,783.75,2.5,5975,0,Frequent Flyers
26204.0,0,1,1,1,4030.0,6,783.75,2.5,5989,0,Frequent Flyers
27876.0,0,1,1,1,0.0,0,0.0,0.0,5972,0,Inactive Base
115533.0,0,2,1,1,8867.0,15,0.0,0.0,5968,0,Inactive Base
129412.0,0,5,1,1,57651.875,21,0.0,0.0,5982,0,Bonus Accumulators
172110.0,0,5,1,1,21382.0,23,783.75,2.5,5944,1,Frequent Flyers
143378.0,0,1,1,1,3000.0,4,783.75,2.5,5905,0,Frequent Flyers
120476.0,0,2,1,1,9406.0,14,0.0,0.0,5870,0,Inactive Base
15835.0,0,2,1,5,57651.875,16,0.0,0.0,5825,1,Bonus Accumulators
203211.125,0,5,1,1,57651.875,35,500.0,1.0,5789,1,Bonus Accumulators
32141.0,0,1,1,1,3500.0,14,0.0,0.0,5768,0,Inactive Base
967.0,0,1,1,1,980.0,2,0.0,0.0,5716,0,Inactive Base
20281.0,0,1,1,1,0.0,0,0.0,0.0,5567,0,Inactive Base
111072.0,0,4,1,1,50533.0,19,350.0,1.0,5541,0,Bonus Accumulators
2111.0,0,1,1,1,100.0,1,0.0,0.0,5962,0,Inactive Base
203211.125,0,4,1,1,44591.0,23,250.0,1.0,5961,1,Bonus Accumulators
4600.0,0,1,1,1,140.0,1,0.0,0.0,5959,0,Inactive Base
23390.0,0,1,1,1,1650.0,3,150.0,1.0,5958,0,Inactive Base
203211.125,0,1,1,1,9022.0,24,783.75,2.5,5953,1,Frequent Flyers
40189.0,0,1,1,1,0.0,0,0.0,0.0,5952,1,Inactive Base
21747.0,0,1,1,1,0.0,0,0.0,0.0,5638,1,Inactive Base
203211.125,0,5,1,1,57651.875,23,783.75,2.5,5523,0,Frequent Flyers
203211.125,0,1,1,1,5000.0,1,0.0,0.0,5583,0,Inactive Base
54148.0,0,4,1,1,40233.0,14,350.0,1.0,5949,1,Bonus Accumulators
25512.0,0,1,1,1,0.0,0,0.0,0.0,5393,0,Inactive Base
28519.0,0,1,1,1,2125.0,2,0.0,0.0,5405,0,Inactive Base
203211.125,0,5,1,1,57651.875,21,150.0,2.0,5951,1,Bonus Accumulators
163964.0,0,3,1,1,11385.0,11,0.0,0.0,5948,1,Bonus Accumulators
49736.0,0,1,1,1,3200.0,4,700.0,2.5,6038,0,Frequent Flyers
10084.0,0,1,1,1,500.0,1,500.0,1.0,5946,1,Inactive Base
22988.0,0,2,1,1,9347.0,14,783.75,2.5,5944,1,Frequent Flyers
17739.0,0,1,1,1,437.0,4,0.0,0.0,5941,0,Inactive Base
152426.0,0,1,1,1,6000.0,6,783.75,2.5,5939,0,Frequent Flyers
34428.0,0,1,1,1,2625.0,10,0.0,0.0,5938,0,Inactive Base
124030.0,0,5,1,1,57651.875,16,0.0,0.0,5934,1,Bonus Accumulators
17336.0,0,1,1,1,2375.0,12,0.0,0.0,5934,0,Inactive Base
203211.125,0,5,1,1,57651.875,18,650.0,2.0,5931,1,Frequent Flyers
29125.0,0,3,1,1,10930.0,14,0.0,0.0,5945,0,Inactive Base
83848.0,0,4,1,1,28202.0,14,0.0,0.0,5927,0,Bonus Accumulators
133264.0,0,5,1,1,57651.875,21,0.0,0.0,5926,1,Bonus Accumulators
124869.0,0,3,1,1,30116.0,16,0.0,0.0,5924,0,Bonus Accumulators
39233.0,0,4,1,1,27545.0,13,0.0,0.0,5920,1,Bonus Accumulators
13050.0,0,3,1,1,13617.0,16,0.0,0.0,5920,1,Bonus Accumulators
90855.0,0,3,1,1,23992.0,13,0.0,0.0,5919,0,Bonus Accumulators
44824.0,0,1,3,1,21107.0,19,783.75,2.5,5916,1,Frequent Flyers
3663.0,0,1,1,1,894.0,10,0.0,0.0,5916,1,Inactive Base
44293.0,0,3,1,1,21920.0,21,100.0,1.0,5913,1,Bonus Accumulators
31319.0,0,1,1,1,7552.0,5,0.0,0.0,5912,0,Inactive Base
40757.0,0,3,1,1,14002.0,11,0.0,0.0,5912,0,Inactive Base
130356.0,0,1,1,1,150.0,1,150.0,1.0,5910,0,Inactive Base
125077.0,0,3,1,1,21881.0,14,0.0,0.0,5905,0,Bonus Accumulators
203211.125,0,5,1,1,57651.875,21,500.0,1.0,5906,0,Bonus Accumulators
38150.0,0,3,1,1,16688.0,15,0.0,0.0,5854,1,Bonus Accumulators
20342.0,0,1,1,1,3291.0,9,0.0,0.0,5829,0,Inactive Base
45781.0,0,2,1,1,6498.0,13,0.0,0.0,5801,0,Inactive Base
144525.0,0,1,1,1,2833.0,4,0.0,0.0,5785,0,Inactive Base
37571.0,0,2,1,1,7197.0,15,0.0,0.0,5762,0,Inactive Base
112013.0,0,3,1,1,24943.0,14,0.0,0.0,5734,0,Bonus Accumulators
30638.0,0,3,1,1,48963.0,16,0.0,0.0,5696,1,Bonus Accumulators
55997.0,0,5,1,1,57651.875,23,0.0,0.0,5899,1,Bonus Accumulators
11447.0,0,1,1,1,1945.0,13,0.0,0.0,5902,0,Inactive Base
17778.0,0,1,1,1,0.0,0,0.0,0.0,5897,0,Inactive Base
13375.0,0,4,1,1,15732.0,38,783.75,2.5,5916,1,Frequent Flyers
118572.0,0,3,1,1,21426.0,19,0.0,0.0,5892,0,Bonus Accumulators
13720.0,0,1,1,1,0.0,0,0.0,0.0,5884,0,Inactive Base
11030.0,0,1,1,1,0.0,0,0.0,0.0,5884,0,Inactive Base
8651.0,0,4,1,1,41586.0,22,783.75,2.5,5882,1,Frequent Flyers
203211.125,0,5,1,1,53521.0,16,0.0,0.0,5878,0,Bonus Accumulators
26367.0,0,3,1,1,19649.0,15,0.0,0.0,5874,1,Bonus Accumulators
120945.0,0,1,1,1,4300.0,4,300.0,2.0,5871,1,Frequent Flyers
2843.0,0,4,1,1,44130.0,35,783.75,2.5,5869,1,Frequent Flyers
11782.0,0,1,1,1,0.0,0,0.0,0.0,5864,0,Inactive Base
89480.0,0,1,1,1,2946.0,4,783.75,2.5,5902,1,Frequent Flyers
20702.0,0,4,1,1,30451.0,24,783.75,2.5,5856,1,Frequent Flyers
15108.0,0,1,1,1,2850.0,16,0.0,0.0,5876,0,Inactive Base
24917.0,0,3,1,1,16239.0,13,150.0,1.0,5857,1,Bonus Accumulators
132910.0,0,5,1,1,57651.875,38,250.0,1.0,5856,1,Bonus Accumulators
61227.0,0,2,1,1,6957.0,10,0.0,0.0,5647,0,Inactive Base
2117.0,0,1,1,1,769.0,7,0.0,0.0,5609,0,Inactive Base
38964.0,0,3,1,1,35166.0,26,783.75,2.5,5553,1,Frequent Flyers
20498.0,0,1,1,1,7826.0,20,783.75,2.5,5491,0,Frequent Flyers
131554.0,0,5,1,1,57651.875,15,0.0,0.0,5428,1,Bonus Accumulators
55661.0,0,3,1,1,15107.0,13,0.0,0.0,5387,0,Bonus Accumulators
84949.0,0,4,1,1,41854.0,15,0.0,0.0,5336,0,Bonus Accumulators
139897.0,0,3,1,1,21065.0,28,50.0,1.0,5329,0,Bonus Accumulators
155587.0,0,1,1,1,6893.0,9,0.0,0.0,5279,0,Inactive Base
24310.0,0,1,1,1,2815.0,6,0.0,0.0,5266,0,Inactive Base
106115.0,0,3,1,1,16197.0,21,500.0,1.0,5219,0,Frequent Flyers
203211.125,0,5,1,1,57651.875,15,783.75,2.0,5849,1,Frequent Flyers
70671.0,0,1,1,1,0.0,0,0.0,0.0,5850,0,Inactive Base
31593.0,0,1,1,1,3128.0,12,0.0,0.0,5846,1,Inactive Base
101397.0,0,3,1,1,19173.0,12,0.0,0.0,5847,0,Bonus Accumulators
133052.0,0,3,1,1,17424.0,15,0.0,0.0,5843,0,Bonus Accumulators
37252.0,0,3,1,1,15774.0,19,0.0,0.0,5842,0,Bonus Accumulators
15241.0,0,1,1,1,0.0,0,0.0,0.0,5840,0,Inactive Base
21101.0,0,1,1,1,7171.0,32,0.0,0.0,5839,1,Bonus Accumulators
80612.0,0,4,1,1,32334.0,20,0.0,0.0,5839,0,Bonus Accumulators
45542.0,0,5,1,1,57651.875,14,0.0,0.0,5835,1,Bonus Accumulators
5274.0,0,1,1,1,2074.0,11,0.0,0.0,5834,1,Inactive Base
101089.0,0,3,1,1,23503.0,17,0.0,0.0,5834,0,Bonus Accumulators
7560.0,0,1,1,1,0.0,0,0.0,0.0,5833,0,Inactive Base
203211.125,0,5,1,1,57651.875,16,0.0,0.0,5832,1,Bonus Accumulators
192046.0,0,4,1,1,54818.0,38,783.75,2.5,5829,0,Frequent Flyers
203211.125,0,5,1,1,50120.0,12,0.0,0.0,5826,0,Bonus Accumulators
141491.0,0,5,1,1,57651.875,6,0.0,0.0,5827,0,Bonus Accumulators
89527.0,0,3,1,1,22206.0,14,0.0,0.0,5821,1,Bonus Accumulators
203211.125,0,1,1,1,0.0,0,0.0,0.0,5822,0,Inactive Base
49430.0,0,4,1,1,31471.0,16,0.0,0.0,5822,0,Bonus Accumulators
114070.0,0,2,1,1,16293.0,24,250.0,1.0,5818,0,Bonus Accumulators
124004.0,0,2,1,1,9982.0,12,0.0,0.0,5815,0,Inactive Base
10497.0,0,1,1,1,0.0,0,0.0,0.0,5815,0,Inactive Base
8327.0,0,1,1,1,2900.0,4,150.0,1.0,5814,1,Inactive Base
25463.0,0,2,1,1,7973.0,14,0.0,0.0,5813,0,Inactive Base
85036.0,0,4,1,1,43825.0,21,0.0,0.0,5807,1,Bonus Accumulators
11449.0,0,1,1,1,24415.0,11,0.0,0.0,5864,1,Inactive Base
54392.0,0,1,1,1,0.0,0,0.0,0.0,5807,0,Inactive Base
52577.0,0,1,1,1,441.0,12,0.0,0.0,5804,0,Inactive Base
80174.0,0,1,1,1,500.0,1,0.0,0.0,5804,1,Inactive Base
96827.0,0,1,1,1,12100.0,19,783.75,2.5,5801,0,Frequent Flyers
9489.0,0,1,1,1,5359.0,14,0.0,0.0,5807,1,Inactive Base
57587.0,0,1,1,1,2620.0,6,0.0,0.0,5799,1,Inactive Base
131306.0,0,3,1,1,32115.0,15,0.0,0.0,5797,0,Bonus Accumulators
39985.0,0,3,1,1,15103.0,21,0.0,0.0,5794,0,Bonus Accumulators
71627.0,0,1,1,1,3225.0,9,600.0,2.0,5793,0,Frequent Flyers
161396.0,0,3,1,1,26695.0,11,783.75,2.0,5792,0,Frequent Flyers
81300.0,0,1,1,1,3750.0,5,250.0,2.5,5791,0,Frequent Flyers
66015.0,0,2,1,1,26706.0,30,783.75,2.5,5790,1,Frequent Flyers
7800.0,0,1,1,1,200.0,1,0.0,0.0,5787,0,Inactive Base
27348.0,0,1,1,1,3084.0,4,0.0,0.0,5824,0,Inactive Base
153554.0,0,1,1,1,11786.0,6,783.75,2.5,5784,1,Frequent Flyers
42990.0,0,1,1,1,5345.0,3,0.0,0.0,5804,0,Inactive Base
16664.0,0,1,1,1,0.0,0,0.0,0.0,5778,1,Inactive Base
37618.0,0,3,1,1,17385.0,7,0.0,0.0,5818,0,Inactive Base
53384.0,0,3,1,1,16907.0,12,0.0,0.0,5778,0,Bonus Accumulators
43326.0,0,1,1,1,1100.0,7,783.75,2.5,5776,0,Frequent Flyers
113683.0,0,3,1,1,11821.0,12,0.0,0.0,5773,0,Bonus Accumulators
77930.0,0,4,1,1,37541.0,35,783.75,2.5,5773,1,Frequent Flyers
27625.0,0,3,1,1,27799.0,16,500.0,1.0,5772,1,Frequent Flyers
33835.0,0,1,1,1,2280.0,7,783.75,2.0,5771,0,Frequent Flyers
170049.0,0,2,1,1,10232.0,16,750.0,2.0,5770,0,Frequent Flyers
154664.0,0,4,1,3,57651.875,33,0.0,0.0,5769,0,Bonus Accumulators
36935.0,0,4,1,1,34448.0,17,0.0,0.0,5766,1,Bonus Accumulators
67904.0,0,1,1,1,81.0,1,0.0,0.0,5764,0,Inactive Base
57434.0,0,2,1,1,11140.0,16,0.0,0.0,5770,1,Bonus Accumulators
11031.0,0,1,1,1,1600.0,5,0.0,0.0,5762,0,Inactive Base
78268.0,0,1,1,1,6172.0,13,500.0,1.0,5758,0,Inactive Base
98213.0,0,5,1,1,57651.875,29,0.0,0.0,5755,1,Bonus Accumulators
9430.0,0,3,1,1,11323.0,13,0.0,0.0,5756,1,Bonus Accumulators
5195.0,0,1,1,1,33050.0,3,50.0,1.0,5755,1,Inactive Base
9793.0,0,1,1,1,3100.0,2,0.0,0.0,5755,0,Inactive Base
34690.0,0,3,1,1,18124.0,14,0.0,0.0,5752,1,Bonus Accumulators
138368.0,0,5,1,1,57651.875,13,0.0,0.0,5755,0,Bonus Accumulators
63547.0,0,4,1,1,31745.0,14,0.0,0.0,5748,0,Bonus Accumulators
203211.125,0,4,1,1,51202.0,20,0.0,0.0,5745,0,Bonus Accumulators
14106.0,0,1,1,1,475.0,4,0.0,0.0,5749,0,Inactive Base
44026.0,0,2,1,1,12282.0,18,634.0,1.0,5738,0,Frequent Flyers
62183.0,0,4,1,1,38635.0,18,0.0,0.0,5738,1,Bonus Accumulators
165534.0,0,5,1,1,57651.875,18,783.75,2.0,5736,1,Frequent Flyers
45358.0,0,3,1,1,14507.0,9,0.0,0.0,5735,0,Inactive Base
72325.0,0,5,1,1,56792.0,16,0.0,0.0,5731,1,Bonus Accumulators
190285.0,0,5,1,1,57651.875,16,348.0,1.0,5728,0,Bonus Accumulators
203211.125,0,3,1,1,16106.0,15,0.0,0.0,5728,0,Bonus Accumulators
203211.125,0,5,1,1,57651.875,27,650.0,2.5,5724,1,Frequent Flyers
161546.0,0,1,1,1,8042.0,6,600.0,2.0,5722,0,Frequent Flyers
38884.0,0,1,1,1,2850.0,13,500.0,1.0,5729,0,Inactive Base
42040.0,0,1,1,1,14189.0,17,783.75,2.5,5717,1,Frequent Flyers
96988.0,0,2,1,1,7761.0,14,0.0,0.0,5715,0,Inactive Base
24394.0,0,1,1,1,3250.0,3,250.0,1.0,5713,1,Inactive Base
203211.125,0,5,1,1,57651.875,29,783.75,2.5,5710,1,Frequent Flyers
39313.0,0,3,1,1,24091.0,16,0.0,0.0,5706,1,Bonus Accumulators
468.0,0,1,1,1,26650.0,14,550.0,2.5,5708,1,Frequent Flyers
146014.0,0,4,1,1,26366.0,17,700.0,2.5,5822,0,Frequent Flyers
42999.0,0,4,1,1,33801.0,12,350.0,1.0,5653,1,Bonus Accumulators
37163.0,0,3,1,1,19318.0,14,0.0,0.0,4988,0,Bonus Accumulators
6158.0,0,4,1,1,27754.0,14,0.0,0.0,5546,1,Bonus Accumulators
108904.0,0,3,1,1,19931.0,17,0.0,0.0,5255,0,Bonus Accumulators
25168.0,0,1,1,1,500.0,1,500.0,1.0,5547,0,Inactive Base
68454.0,0,3,1,1,13667.0,12,0.0,0.0,5559,0,Bonus Accumulators
70877.0,0,2,1,1,8956.0,15,0.0,0.0,5696,0,Inactive Base
1057.0,0,1,1,1,433.0,5,0.0,0.0,5622,0,Inactive Base
35342.0,0,5,1,1,57651.875,12,0.0,0.0,5534,1,Bonus Accumulators
16992.0,0,1,1,1,0.0,0,0.0,0.0,5582,0,Inactive Base
2558.0,0,1,1,1,6264.0,10,0.0,0.0,5581,1,Inactive Base
196093.0,0,1,1,1,14000.0,3,0.0,0.0,5595,1,Bonus Accumulators
203211.125,0,1,1,1,10000.0,1,0.0,0.0,5472,1,Inactive Base
88500.0,0,1,1,1,2500.0,2,0.0,0.0,5090,0,Inactive Base
8719.0,0,1,1,1,2000.0,9,0.0,0.0,5671,0,Inactive Base
36936.0,0,1,1,1,2875.0,16,0.0,0.0,5492,1,Inactive Base
203211.125,0,2,1,1,6027.0,12,0.0,0.0,5587,1,Bonus Accumulators
203211.125,0,4,1,1,48708.0,17,0.0,0.0,5657,0,Bonus Accumulators
75428.0,0,2,1,1,7539.0,14,0.0,0.0,5609,0,Inactive Base
34383.0,0,3,1,1,22956.0,12,0.0,0.0,5611,1,Bonus Accumulators
82120.0,0,1,1,1,8000.0,3,0.0,0.0,5619,0,Inactive Base
34546.0,0,1,1,1,1500.0,2,0.0,0.0,5612,0,Inactive Base
92641.0,0,1,1,1,5265.0,6,0.0,0.0,5568,0,Inactive Base
95100.0,0,1,1,1,1250.0,3,783.75,2.5,5671,0,Frequent Flyers
19960.0,0,1,1,1,0.0,0,0.0,0.0,4896,0,Inactive Base
47150.0,0,4,1,1,39561.0,18,0.0,0.0,5577,1,Bonus Accumulators
1650.0,0,1,1,1,1250.0,3,250.0,1.0,5554,1,Inactive Base
100992.0,0,1,1,1,8144.0,16,409.0,2.0,5422,1,Frequent Flyers
68610.0,0,2,1,1,6115.0,12,0.0,0.0,5349,1,Inactive Base
75684.0,0,2,1,1,27320.0,9,0.0,0.0,5316,0,Inactive Base
42438.0,0,1,1,1,519.0,10,0.0,0.0,5349,0,Inactive Base
17645.0,0,4,1,1,57651.875,20,0.0,0.0,5660,1,Bonus Accumulators
24545.0,0,1,1,1,0.0,0,0.0,0.0,5671,0,Inactive Base
84633.0,0,3,1,1,10771.0,10,0.0,0.0,5479,0,Inactive Base
103891.0,0,5,1,1,57651.875,21,783.75,2.5,5699,1,Frequent Flyers
39847.0,0,5,1,1,57651.875,38,150.0,1.0,5694,1,Bonus Accumulators
47938.0,0,3,1,1,12656.0,13,0.0,0.0,5708,0,Inactive Base
88929.0,0,4,1,1,44932.0,20,650.0,2.0,5694,1,Frequent Flyers
129866.0,0,5,1,1,57651.875,30,0.0,0.0,5692,0,Bonus Accumulators
22585.0,0,1,1,1,3430.0,3,0.0,0.0,5689,0,Inactive Base
47394.0,0,2,1,1,31347.0,19,783.75,2.5,5688,1,Frequent Flyers
73640.0,0,2,1,1,10192.0,14,0.0,0.0,5156,0,Inactive Base
203211.125,0,4,1,1,51296.0,20,500.0,1.0,5087,0,Bonus Accumulators
203211.125,0,5,1,1,57651.875,27,0.0,0.0,5028,1,Bonus Accumulators
117543.0,0,4,1,1,32355.0,21,600.0,2.0,4954,0,Frequent Flyers
102803.0,0,5,1,1,57651.875,20,0.0,0.0,5701,0,Bonus Accumulators
89945.0,0,2,1,1,14218.0,16,350.0,1.0,5680,0,Frequent Flyers
203211.125,0,1,1,1,24215.0,8,322.0,1.0,5678,1,Frequent Flyers
69337.0,0,3,1,1,17740.0,13,0.0,0.0,5667,0,Bonus Accumulators
140866.0,0,3,1,1,15906.0,17,0.0,0.0,5672,0,Bonus Accumulators
25634.0,0,1,1,1,0.0,0,0.0,0.0,5663,0,Inactive Base
82078.0,0,4,1,1,40279.0,9,0.0,0.0,5664,0,Bonus Accumulators
33327.0,0,1,1,1,1000.0,1,0.0,0.0,5664,0,Inactive Base
95783.0,0,3,1,1,14506.0,13,0.0,0.0,5659,0,Bonus Accumulators
27591.0,0,1,1,1,8209.0,34,783.75,2.5,5659,0,Frequent Flyers
82114.0,0,5,1,1,57651.875,15,0.0,0.0,5658,1,Bonus Accumulators
15917.0,0,5,1,1,57651.875,25,200.0,2.0,5653,1,Bonus Accumulators
140511.0,0,4,1,1,32105.0,16,0.0,0.0,5651,0,Bonus Accumulators
203211.125,0,2,1,1,18202.0,30,783.75,2.5,5652,1,Frequent Flyers
28223.0,0,2,1,1,8625.0,12,0.0,0.0,5651,0,Inactive Base
33129.0,0,3,1,1,30775.0,14,500.0,1.0,5647,0,Bonus Accumulators
1625.0,0,1,1,1,1375.0,4,0.0,0.0,1547,0,Inactive Base
52819.0,0,4,1,1,37535.0,15,783.75,2.0,5645,1,Frequent Flyers
3507.0,0,1,1,1,14500.0,7,0.0,0.0,5643,1,Inactive Base
14769.0,0,1,1,1,500.0,1,0.0,0.0,5639,0,Inactive Base
37215.0,0,2,1,1,8199.0,8,0.0,0.0,5637,0,Inactive Base
115655.0,0,4,1,1,57651.875,21,500.0,1.0,5631,1,Bonus Accumulators
179251.0,0,3,1,1,14775.0,16,200.0,2.0,5629,1,Frequent Flyers
24418.0,0,2,1,1,12533.0,13,0.0,0.0,5626,1,Bonus Accumulators
34562.0,0,1,1,1,1770.0,9,250.0,2.5,5622,0,Inactive Base
144570.0,0,4,1,1,49052.0,15,0.0,0.0,5617,1,Bonus Accumulators
24813.0,0,1,1,1,4066.0,10,0.0,0.0,5225,0,Inactive Base
48803.0,0,5,1,1,57651.875,14,0.0,0.0,5107,1,Bonus Accumulators
22116.0,0,3,1,1,20809.0,14,0.0,0.0,5463,1,Bonus Accumulators
8516.0,0,1,1,1,0.0,0,0.0,0.0,5566,0,Inactive Base
36079.0,0,3,1,1,22506.0,22,150.0,1.0,5323,0,Bonus Accumulators
16872.0,0,1,1,1,28964.0,7,0.0,0.0,5479,1,Inactive Base
62895.0,0,1,1,1,8500.0,4,0.0,0.0,5520,1,Inactive Base
7383.0,0,1,1,1,7225.0,11,783.75,2.5,5238,1,Frequent Flyers
2261.0,0,1,1,1,15062.0,2,0.0,0.0,5556,1,Inactive Base
66950.0,0,1,1,1,17303.0,20,783.75,2.5,5464,1,Frequent Flyers
84856.0,0,1,2,1,6894.0,13,0.0,0.0,5547,0,Inactive Base
71128.0,0,1,1,1,17950.0,17,783.75,2.5,5162,1,Frequent Flyers
39654.0,0,1,1,1,1625.0,6,0.0,0.0,5518,0,Inactive Base
25214.0,0,1,1,1,1000.0,1,0.0,0.0,5598,0,Inactive Base
48775.0,0,3,1,1,17494.0,15,0.0,0.0,5588,0,Bonus Accumulators
81952.0,0,5,1,1,57651.875,22,0.0,0.0,5427,1,Bonus Accumulators
46535.0,0,3,1,1,25891.0,14,150.0,1.0,5399,1,Bonus Accumulators
23130.0,0,1,1,1,5032.0,10,0.0,0.0,5500,0,Inactive Base
100443.0,0,3,1,1,12744.0,21,0.0,0.0,5492,0,Bonus Accumulators
139664.0,0,5,1,1,57651.875,14,0.0,0.0,5505,0,Bonus Accumulators
31769.0,0,1,1,1,0.0,0,0.0,0.0,5464,0,Inactive Base
60170.0,0,3,1,1,17235.0,14,0.0,0.0,5351,1,Bonus Accumulators
33373.0,0,1,1,1,0.0,0,0.0,0.0,5427,0,Inactive Base
59385.0,0,3,1,1,22914.0,11,0.0,0.0,5476,0,Bonus Accumulators
203211.125,0,5,1,1,57651.875,38,0.0,0.0,5517,0,Bonus Accumulators
23379.0,0,2,1,1,11712.0,25,0.0,0.0,5499,1,Bonus Accumulators
22372.0,0,3,1,1,14766.0,12,0.0,0.0,4950,0,Inactive Base
23120.0,0,1,1,1,4231.0,7,0.0,0.0,5615,0,Inactive Base
46157.0,0,1,1,1,1625.0,3,500.0,1.0,5609,0,Inactive Base
94896.0,0,4,1,1,38127.0,15,500.0,1.0,5602,1,Bonus Accumulators
12091.0,0,4,1,1,29271.0,15,0.0,0.0,5609,1,Bonus Accumulators
56451.0,0,2,1,1,9302.0,11,0.0,0.0,5597,1,Inactive Base
106309.0,0,3,1,1,21873.0,22,783.75,2.5,5594,1,Frequent Flyers
121853.0,0,3,1,1,18120.0,18,783.75,2.5,5589,0,Frequent Flyers
4137.0,0,3,1,1,15891.0,19,0.0,0.0,5588,1,Bonus Accumulators
21676.0,0,3,1,1,15392.0,15,100.0,1.0,5584,1,Bonus Accumulators
36644.0,0,3,1,1,14506.0,13,0.0,0.0,5583,0,Inactive Base
77102.0,0,3,1,1,13175.0,20,783.75,2.5,5581,0,Frequent Flyers
32214.0,0,3,1,1,12717.0,10,0.0,0.0,5576,1,Bonus Accumulators
42351.0,0,4,1,1,28959.0,14,0.0,0.0,5594,0,Bonus Accumulators
34450.0,0,1,1,1,26996.0,7,0.0,0.0,5566,0,Inactive Base
4151.0,0,1,1,1,375.0,3,0.0,0.0,5570,0,Inactive Base
60646.0,0,5,1,1,57011.0,18,50.0,1.0,5559,1,Bonus Accumulators
44331.0,0,1,1,1,2850.0,3,350.0,1.0,5555,1,Inactive Base
76742.0,0,3,1,1,17910.0,13,0.0,0.0,5547,0,Bonus Accumulators
27993.0,0,1,1,1,6000.0,3,0.0,0.0,5542,0,Inactive Base
67770.0,0,3,1,1,23960.0,15,0.0,0.0,5539,0,Bonus Accumulators
30554.0,0,4,1,1,38243.0,25,0.0,0.0,5324,1,Bonus Accumulators
123646.0,0,1,1,1,12450.0,30,783.75,2.5,5069,1,Frequent Flyers
203211.125,0,1,1,1,18372.0,15,783.75,2.5,5373,1,Frequent Flyers
6584.0,0,1,1,1,0.0,0,0.0,0.0,5118,0,Inactive Base
17489.0,0,1,1,1,5565.0,4,0.0,0.0,5380,0,Inactive Base
28941.0,0,1,1,1,2935.0,6,0.0,0.0,4692,0,Inactive Base
19085.0,0,1,1,1,827.0,11,0.0,0.0,5244,0,Inactive Base
56480.0,0,4,1,1,35841.0,31,500.0,1.0,5401,1,Bonus Accumulators
8320.0,0,1,1,1,0.0,0,0.0,0.0,5164,0,Inactive Base
13640.0,0,1,1,1,1500.0,5,0.0,0.0,4923,0,Inactive Base
14739.0,0,1,1,1,1800.0,4,783.75,2.5,5332,1,Frequent Flyers
30594.0,0,1,1,1,3250.0,12,0.0,0.0,5017,0,Inactive Base
11162.0,0,1,1,1,0.0,0,0.0,0.0,4950,0,Inactive Base
15964.0,0,1,1,1,0.0,0,0.0,0.0,5325,0,Inactive Base
5583.0,0,1,1,1,3147.0,14,0.0,0.0,5365,1,Inactive Base
38822.0,0,1,1,1,2000.0,9,0.0,0.0,5304,0,Inactive Base
2305.0,0,1,1,1,0.0,0,0.0,0.0,5105,0,Inactive Base
39372.0,0,1,1,1,4296.0,10,0.0,0.0,5190,0,Inactive Base
25125.0,0,1,1,1,1875.0,8,0.0,0.0,5147,1,Inactive Base
10288.0,0,1,1,1,1250.0,3,0.0,0.0,5532,0,Inactive Base
135149.0,0,1,1,1,15300.0,19,783.75,2.5,5267,1,Frequent Flyers
4916.0,0,1,1,1,900.0,3,783.75,2.0,5107,1,Frequent Flyers
163976.0,0,4,1,1,39098.0,18,783.75,2.5,4922,0,Frequent Flyers
203211.125,0,1,1,1,3600.0,4,100.0,1.0,5412,0,Inactive Base
104442.0,0,4,1,1,38180.0,23,783.75,2.5,5029,0,Frequent Flyers
131992.0,0,3,1,1,12504.0,16,0.0,0.0,5372,0,Bonus Accumulators
2278.0,0,1,1,1,0.0,0,0.0,0.0,5175,0,Inactive Base
34086.0,0,3,1,1,19669.0,18,783.75,2.5,5344,1,Frequent Flyers
8740.0,0,1,1,1,1250.0,3,0.0,0.0,5395,0,Inactive Base
203211.125,0,4,1,1,40945.0,13,0.0,0.0,5379,0,Bonus Accumulators
26748.0,0,3,1,1,11981.0,14,0.0,0.0,5408,1,Bonus Accumulators
65969.0,0,1,1,1,2550.0,5,783.75,2.5,5419,0,Frequent Flyers
10009.0,0,1,1,1,0.0,0,0.0,0.0,5353,0,Inactive Base
203211.125,0,1,1,1,28904.0,9,783.75,2.5,5408,1,Frequent Flyers
40965.0,0,1,1,1,9850.0,11,783.75,2.5,5429,1,Frequent Flyers
57509.0,0,4,1,1,52449.0,19,150.0,1.0,5441,1,Bonus Accumulators
71503.0,0,1,1,1,7819.0,17,0.0,0.0,5080,1,Inactive Base
110247.0,0,3,1,1,13690.0,16,0.0,0.0,5272,0,Bonus Accumulators
83572.0,0,5,1,1,57651.875,27,783.75,2.5,5231,1,Frequent Flyers
106234.0,0,2,1,1,11160.0,26,0.0,0.0,5238,0,Bonus Accumulators
28205.0,0,5,1,1,57651.875,16,0.0,0.0,5267,1,Bonus Accumulators
7239.0,0,3,1,1,15835.0,15,0.0,0.0,5343,1,Bonus Accumulators
63638.0,0,1,1,1,0.0,0,0.0,0.0,5155,0,Inactive Base
31967.0,0,1,1,1,1600.0,4,350.0,2.0,5101,0,Inactive Base
97752.0,0,1,1,1,3676.0,10,0.0,0.0,5309,0,Inactive Base
8327.0,0,1,1,1,0.0,0,0.0,0.0,5268,0,Inactive Base
10179.0,0,2,1,1,5321.0,15,0.0,0.0,4989,1,Inactive Base
23786.0,0,1,1,1,16950.0,4,0.0,0.0,5364,0,Inactive Base
33020.0,0,1,1,1,6155.0,25,783.75,2.5,5322,0,Frequent Flyers
35316.0,0,1,1,1,1250.0,4,500.0,1.0,5330,0,Inactive Base
146086.0,0,1,1,1,6950.0,17,783.75,2.5,5345,0,Frequent Flyers
15352.0,0,1,1,1,1350.0,4,0.0,0.0,5359,0,Inactive Base
13522.0,0,1,1,1,5000.0,1,0.0,0.0,5162,0,Inactive Base
13949.0,0,1,1,1,0.0,0,0.0,0.0,5374,0,Inactive Base
99405.0,0,1,1,1,14150.0,11,783.75,2.5,5400,1,Frequent Flyers
50016.0,0,3,1,1,13495.0,14,0.0,0.0,4548,0,Inactive Base
23696.0,0,2,1,1,5577.0,10,0.0,0.0,5531,0,Inactive Base
55384.0,0,1,1,1,0.0,0,0.0,0.0,5309,0,Inactive Base
166465.0,0,4,1,4,57651.875,30,0.0,0.0,5531,0,Bonus Accumulators
95207.0,0,3,1,1,30652.0,30,783.75,2.5,5531,1,Frequent Flyers
80431.0,0,1,1,1,2150.0,2,150.0,1.0,5531,0,Inactive Base
49288.0,0,3,1,1,12538.0,19,600.0,2.0,5353,1,Frequent Flyers
81291.0,0,2,1,1,10522.0,14,783.75,1.0,5154,0,Frequent Flyers
48877.0,0,2,1,1,11761.0,35,371.0,2.0,5371,1,Frequent Flyers
164884.0,0,4,1,1,35226.0,18,783.75,2.0,5283,1,Frequent Flyers
29707.0,0,1,1,1,300.0,3,0.0,0.0,5275,0,Inactive Base
26325.0,0,2,1,1,14559.0,20,783.75,2.0,5521,1,Frequent Flyers
28553.0,0,3,1,1,13844.0,5,0.0,0.0,5517,0,Inactive Base
152421.0,0,3,1,1,17045.0,20,500.0,1.0,5510,0,Frequent Flyers
17699.0,0,1,1,1,0.0,0,0.0,0.0,5505,1,Inactive Base
70565.0,0,1,1,1,25261.0,15,750.0,2.0,5499,1,Frequent Flyers
15450.0,0,1,1,1,50.0,1,50.0,1.0,5499,0,Inactive Base
71736.0,0,5,1,1,53602.0,25,50.0,1.0,5485,1,Bonus Accumulators
37926.0,0,3,1,1,25153.0,7,0.0,0.0,5845,0,Bonus Accumulators
58628.0,0,3,1,1,22581.0,13,0.0,0.0,5471,0,Bonus Accumulators
31007.0,0,1,1,1,5700.0,6,783.75,2.5,5465,1,Frequent Flyers
11494.0,0,1,1,1,8425.0,15,783.75,2.5,5487,1,Frequent Flyers
27469.0,0,1,1,1,1.0,3,0.0,0.0,5461,0,Inactive Base
44760.0,0,1,1,1,3105.0,6,100.0,2.0,5455,0,Inactive Base
7210.0,0,1,1,1,2402.0,13,0.0,0.0,5449,1,Inactive Base
92402.0,0,4,1,1,40825.0,14,0.0,0.0,5443,1,Bonus Accumulators
22831.0,0,1,1,1,4500.0,15,0.0,0.0,5442,1,Inactive Base
59113.0,0,4,1,1,46808.0,32,0.0,0.0,5435,1,Bonus Accumulators
24608.0,0,5,1,1,57651.875,21,0.0,0.0,5430,1,Bonus Accumulators
16103.0,0,1,3,1,10819.0,13,0.0,0.0,5427,0,Inactive Base
51261.0,0,1,1,1,2000.0,4,783.75,2.5,4904,1,Frequent Flyers
24698.0,0,1,1,1,1329.0,5,500.0,1.0,4267,0,Inactive Base
88177.0,0,5,1,1,53468.0,19,400.0,1.0,5080,1,Bonus Accumulators
74453.0,0,1,1,1,5500.0,3,0.0,0.0,5181,0,Inactive Base
39601.0,0,1,1,1,4066.0,12,0.0,0.0,5434,0,Inactive Base
1227.0,0,1,1,1,0.0,0,0.0,0.0,5786,0,Inactive Base
138254.0,0,1,1,1,24100.0,9,0.0,0.0,5420,1,Bonus Accumulators
18046.0,0,1,1,1,162.0,4,0.0,0.0,5416,1,Inactive Base
108395.0,0,2,1,1,8598.0,8,0.0,0.0,5416,0,Inactive Base
21839.0,0,1,1,1,1375.0,4,0.0,0.0,5411,0,Inactive Base
11542.0,0,4,1,1,49100.0,16,783.75,2.5,5405,1,Frequent Flyers
41648.0,0,4,1,1,32117.0,35,783.75,2.5,5408,1,Frequent Flyers
39908.0,0,4,1,1,45824.0,29,0.0,0.0,5394,1,Bonus Accumulators
14889.0,0,1,1,1,1500.0,2,0.0,0.0,5393,0,Inactive Base
103796.0,0,5,1,1,57651.875,26,250.0,1.0,5021,1,Bonus Accumulators
69323.0,0,1,1,1,5140.0,2,0.0,0.0,4786,0,Inactive Base
21599.0,0,2,1,1,5561.0,13,0.0,0.0,5302,0,Inactive Base
60936.0,0,5,1,1,56381.0,17,0.0,0.0,5051,1,Bonus Accumulators
148053.0,0,1,1,1,10250.0,2,250.0,1.0,5301,1,Inactive Base
10702.0,0,1,1,1,200.0,2,200.0,2.0,5272,0,Inactive Base
249.0,0,1,1,1,1000.0,1,0.0,0.0,5204,1,Inactive Base
36290.0,0,1,1,1,8600.0,13,783.75,2.5,5111,1,Frequent Flyers
157416.0,0,5,1,1,57651.875,16,0.0,0.0,5132,0,Bonus Accumulators
1511.0,0,1,1,1,2250.0,11,0.0,0.0,5051,1,Inactive Base
184701.0,0,4,1,1,45629.0,13,500.0,1.0,4989,0,Bonus Accumulators
139298.0,0,1,1,1,0.0,0,0.0,0.0,4965,0,Inactive Base
82380.0,0,1,1,1,2601.0,13,0.0,0.0,5071,0,Inactive Base
115591.0,0,1,1,1,9500.0,20,783.75,2.5,4967,1,Frequent Flyers
107333.0,0,1,1,1,4374.0,5,783.75,2.5,5063,0,Frequent Flyers
203211.125,0,3,1,4,43993.0,38,783.75,2.5,5030,0,Frequent Flyers
23023.0,0,1,1,1,0.0,0,0.0,0.0,5087,0,Inactive Base
43403.0,0,1,1,1,3350.0,12,783.75,2.5,3930,1,Frequent Flyers
15719.0,0,2,1,1,5740.0,13,0.0,0.0,4974,0,Inactive Base
128676.0,0,1,1,1,8500.0,3,0.0,0.0,5164,0,Inactive Base
8836.0,0,1,1,1,4788.0,6,783.75,2.5,4544,1,Frequent Flyers
94875.0,0,5,1,1,57651.875,25,783.75,2.5,4736,1,Frequent Flyers
27243.0,0,2,1,1,6785.0,12,0.0,0.0,4606,0,Inactive Base
64969.0,0,1,1,1,1135.0,13,0.0,0.0,4996,0,Inactive Base
6112.0,0,1,1,1,0.0,0,0.0,0.0,5072,0,Inactive Base
71784.0,0,4,1,1,39276.0,20,0.0,0.0,4936,0,Bonus Accumulators
31484.0,0,1,1,1,3125.0,11,0.0,0.0,4117,0,Inactive Base
17995.0,0,1,1,1,0.0,0,0.0,0.0,4994,0,Inactive Base
40994.0,0,4,1,1,26916.0,15,500.0,1.0,5078,1,Bonus Accumulators
203211.125,0,5,1,1,57651.875,31,783.75,2.5,4666,1,Frequent Flyers
203211.125,0,4,1,1,30347.0,19,0.0,0.0,4792,0,Bonus Accumulators
74777.0,0,2,1,1,20630.0,8,0.0,0.0,5384,1,Bonus Accumulators
203211.125,0,3,1,1,24630.0,17,0.0,0.0,5240,0,Bonus Accumulators
22132.0,0,1,1,1,0.0,0,0.0,0.0,5150,0,Inactive Base
83508.0,0,1,1,1,11268.0,13,783.75,2.0,5069,1,Frequent Flyers
88122.0,0,3,1,1,19408.0,13,0.0,0.0,5174,0,Bonus Accumulators
152284.0,0,5,1,1,57651.875,38,783.75,2.5,4996,1,Frequent Flyers
4146.0,0,1,1,1,3750.0,9,0.0,0.0,5210,1,Inactive Base
25272.0,0,1,1,1,0.0,0,0.0,0.0,5189,0,Inactive Base
21855.0,0,1,1,1,200.0,3,0.0,0.0,5383,0,Inactive Base
63454.0,0,4,1,1,49068.0,13,0.0,0.0,5383,1,Bonus Accumulators
24292.0,0,2,1,1,6558.0,10,0.0,0.0,5276,1,Inactive Base
60168.0,0,4,1,1,44133.0,16,0.0,0.0,4313,1,Bonus Accumulators
9554.0,0,1,1,1,2710.0,3,0.0,0.0,5064,1,Inactive Base
30130.0,0,2,1,1,9192.0,15,0.0,0.0,4993,1,Inactive Base
12665.0,0,1,1,1,4125.0,24,0.0,0.0,4539,0,Inactive Base
9860.0,0,1,1,1,99.0,1,99.0,1.0,5055,0,Inactive Base
10069.0,0,1,1,1,200.0,1,0.0,0.0,4933,0,Inactive Base
2224.0,0,1,1,1,0.0,0,0.0,0.0,5098,0,Inactive Base
40576.0,0,1,1,1,0.0,0,0.0,0.0,5118,0,Inactive Base
5667.0,0,1,1,1,5667.0,4,0.0,0.0,4937,0,Inactive Base
59791.0,0,1,1,1,3254.0,7,0.0,0.0,4602,0,Inactive Base
128664.0,0,4,1,1,44298.0,16,50.0,1.0,5155,1,Bonus Accumulators
126947.0,0,1,1,1,2350.0,2,350.0,1.0,5167,0,Inactive Base
189235.0,0,3,1,1,20487.0,20,0.0,0.0,5282,0,Bonus Accumulators
38604.0,0,1,1,1,625.0,5,0.0,0.0,5184,0,Inactive Base
73008.0,0,3,1,1,12930.0,18,0.0,0.0,5050,0,Bonus Accumulators
62942.0,0,1,1,1,4752.0,8,783.75,2.5,5070,0,Frequent Flyers
33057.0,0,1,1,1,5190.0,5,0.0,0.0,4828,0,Inactive Base
42572.0,0,3,1,1,21809.0,14,100.0,1.0,5070,1,Bonus Accumulators
38671.0,0,1,1,1,2200.0,9,783.75,2.5,5192,0,Frequent Flyers
5320.0,0,1,1,1,2275.0,9,0.0,0.0,5084,0,Inactive Base
203211.125,0,2,1,1,24687.0,14,500.0,1.0,4924,1,Frequent Flyers
46272.0,0,1,1,1,5720.0,10,783.75,2.5,5092,1,Frequent Flyers
113758.0,0,3,1,1,12616.0,14,0.0,0.0,5199,0,Bonus Accumulators
105458.0,0,1,1,1,750.0,4,700.0,2.0,4924,0,Frequent Flyers
39946.0,0,3,1,1,16951.0,14,0.0,0.0,5282,1,Bonus Accumulators
92859.0,0,4,1,1,33378.0,15,0.0,0.0,5185,1,Bonus Accumulators
25158.0,0,5,1,1,52278.0,17,0.0,0.0,5079,1,Bonus Accumulators
82270.0,0,2,1,1,24612.0,6,0.0,0.0,5270,1,Bonus Accumulators
97155.0,0,2,1,1,10004.0,3,0.0,0.0,5244,0,Inactive Base
153197.0,0,2,1,1,14712.0,17,100.0,1.0,5189,0,Bonus Accumulators
55864.0,0,1,1,1,3691.0,6,500.0,1.0,5251,1,Frequent Flyers
23890.0,0,4,1,1,35574.0,19,0.0,0.0,5031,1,Bonus Accumulators
46545.0,0,1,1,1,0.0,0,0.0,0.0,5066,0,Inactive Base
7354.0,0,1,1,1,0.0,0,0.0,0.0,5050,0,Inactive Base
45031.0,0,1,1,1,1000.0,1,0.0,0.0,5227,0,Inactive Base
16125.0,0,3,1,1,23288.0,17,0.0,0.0,5210,1,Bonus Accumulators
200.0,0,1,1,1,200.0,1,200.0,1.0,5254,0,Inactive Base
195754.0,0,5,1,1,57651.875,38,783.75,2.5,5202,1,Frequent Flyers
54189.0,0,2,1,1,8940.0,17,0.0,0.0,4791,0,Inactive Base
15439.0,0,1,1,1,490.0,3,0.0,0.0,5147,0,Inactive Base
56308.0,0,1,1,1,2500.0,3,783.75,2.0,4688,0,Frequent Flyers
1000.0,0,1,1,1,0.0,0,0.0,0.0,4769,0,Inactive Base
45412.0,0,1,1,1,1100.0,3,783.75,2.5,5163,0,Frequent Flyers
21582.0,0,3,1,1,10811.0,15,0.0,0.0,4695,1,Bonus Accumulators
16866.0,0,1,1,1,0.0,0,0.0,0.0,5072,0,Inactive Base
86011.0,0,4,1,1,31769.0,18,0.0,0.0,5381,1,Bonus Accumulators
31786.0,0,1,1,1,2661.0,10,0.0,0.0,5380,0,Inactive Base
16994.0,0,1,1,1,1550.0,3,783.75,2.0,5379,1,Frequent Flyers
5824.0,0,1,1,1,0.0,0,0.0,0.0,5401,0,Inactive Base
17587.0,0,1,1,1,17587.0,7,0.0,0.0,5367,0,Inactive Base
1000.0,0,1,1,1,0.0,0,0.0,0.0,5367,0,Inactive Base
91670.0,0,4,1,1,48193.0,17,783.75,2.0,5365,1,Frequent Flyers
92800.0,0,5,1,1,57651.875,23,350.0,1.0,5358,1,Bonus Accumulators
31134.0,0,3,1,1,20108.0,17,0.0,0.0,5352,0,Bonus Accumulators
57002.0,0,1,1,1,2570.0,13,0.0,0.0,5350,0,Inactive Base
66516.0,0,4,1,1,45406.0,16,200.0,1.0,5311,0,Bonus Accumulators
18154.0,0,1,2,1,7748.0,16,0.0,0.0,5310,1,Inactive Base
203211.125,0,5,1,1,57651.875,24,0.0,0.0,5345,1,Bonus Accumulators
14345.0,0,4,1,1,50752.0,16,0.0,0.0,5487,1,Bonus Accumulators
43603.0,0,1,1,1,17100.0,4,100.0,1.0,5335,1,Inactive Base
1836.0,0,1,1,1,850.0,4,350.0,2.5,5329,0,Inactive Base
156041.0,0,2,1,1,5644.0,13,0.0,0.0,5324,1,Bonus Accumulators
49145.0,0,1,2,1,12755.0,22,783.75,2.5,5323,0,Frequent Flyers
11648.0,0,1,1,1,475.0,4,0.0,0.0,5318,0,Inactive Base
14525.0,0,1,1,1,4625.0,28,0.0,0.0,5317,0,Inactive Base
10689.0,0,1,1,1,2750.0,15,0.0,0.0,5315,0,Inactive Base
37552.0,0,1,1,1,100.0,1,0.0,0.0,5340,0,Inactive Base
203211.125,0,5,1,1,56754.0,14,0.0,0.0,5302,0,Bonus Accumulators
26156.0,0,3,1,1,23831.0,16,0.0,0.0,5297,1,Bonus Accumulators
32061.0,0,1,1,1,1100.0,6,0.0,0.0,5295,0,Inactive Base
203211.125,0,5,1,1,57651.875,29,783.75,2.5,5288,0,Frequent Flyers
6000.0,0,1,1,1,0.0,0,0.0,0.0,5286,0,Inactive Base
30892.0,0,3,1,1,11474.0,11,0.0,0.0,5283,0,Inactive Base
29263.0,0,3,1,1,15184.0,13,0.0,0.0,5279,0,Inactive Base
203211.125,0,4,1,1,31975.0,21,0.0,0.0,5275,0,Bonus Accumulators
43761.0,0,1,1,1,5398.0,16,0.0,0.0,5268,0,Inactive Base
21393.0,0,1,1,1,5040.0,2,0.0,0.0,5262,0,Inactive Base
108950.0,0,1,1,1,3300.0,9,783.75,2.5,5259,1,Frequent Flyers
25089.0,0,4,1,1,40763.0,19,550.0,2.0,5259,1,Frequent Flyers
77709.0,0,4,1,1,36028.0,19,100.0,2.0,5253,1,Bonus Accumulators
22533.0,0,4,1,1,22206.0,17,100.0,1.0,5248,1,Bonus Accumulators
25302.0,0,3,1,1,11312.0,13,0.0,0.0,5245,0,Inactive Base
11908.0,0,1,1,1,0.0,0,0.0,0.0,5240,0,Inactive Base
176982.0,0,1,1,1,2299.0,9,0.0,0.0,5234,0,Inactive Base
8723.0,0,5,1,1,57651.875,15,0.0,0.0,5231,1,Bonus Accumulators
9071.0,0,1,1,1,1647.0,9,0.0,0.0,5225,0,Inactive Base
144848.0,0,4,1,1,37056.0,15,0.0,0.0,5219,0,Bonus Accumulators
130364.0,0,5,1,1,57651.875,15,250.0,1.0,5213,1,Bonus Accumulators
15592.0,0,4,1,1,37173.0,13,0.0,0.0,5209,1,Bonus Accumulators
25404.0,0,1,1,1,2125.0,7,500.0,1.0,5203,0,Inactive Base
34584.0,0,1,1,1,6962.0,21,783.75,2.5,5202,1,Frequent Flyers
32313.0,0,4,1,1,29188.0,27,0.0,0.0,5397,1,Bonus Accumulators
168897.0,0,4,1,1,37451.0,24,400.0,2.0,5189,0,Frequent Flyers
68891.0,0,4,1,1,37257.0,14,500.0,1.0,5178,1,Bonus Accumulators
18068.0,0,1,1,1,0.0,0,0.0,0.0,5174,0,Inactive Base
137134.0,0,5,1,1,57651.875,20,0.0,0.0,5170,0,Bonus Accumulators
26561.0,0,1,1,1,100.0,1,0.0,0.0,4926,1,Inactive Base
22093.0,0,3,1,1,14857.0,11,200.0,1.0,2587,0,Inactive Base
58538.0,0,4,1,1,48670.0,19,500.0,2.0,4352,1,Frequent Flyers
29667.0,0,1,1,1,5304.0,19,0.0,0.0,4841,0,Inactive Base
88093.0,0,3,1,1,15518.0,13,343.0,1.0,4660,0,Bonus Accumulators
203211.125,0,1,1,1,3600.0,12,783.75,2.5,5045,1,Frequent Flyers
62569.0,0,4,1,1,33765.0,19,50.0,1.0,4888,1,Bonus Accumulators
20982.0,0,4,1,1,44238.0,18,0.0,0.0,4716,1,Bonus Accumulators
44665.0,0,1,1,1,333.0,2,333.0,2.0,3601,0,Inactive Base
22639.0,0,1,1,1,1840.0,4,0.0,0.0,5168,0,Inactive Base
120152.0,0,1,1,1,6250.0,27,783.75,2.5,4497,1,Frequent Flyers
51402.0,0,1,1,1,4375.0,14,0.0,0.0,4978,0,Inactive Base
32749.0,0,1,1,1,450.0,3,450.0,2.5,5050,1,Frequent Flyers
170309.0,0,5,1,1,57651.875,20,783.75,2.5,5009,1,Frequent Flyers
18924.0,0,1,1,1,4000.0,18,0.0,0.0,5168,0,Inactive Base
61919.0,0,4,1,1,39163.0,14,350.0,1.0,5157,1,Bonus Accumulators
193547.0,0,1,1,1,3544.0,12,0.0,0.0,5153,0,Inactive Base
57927.0,0,1,1,1,1500.0,3,783.75,2.5,5149,1,Frequent Flyers
161321.0,0,5,1,1,57651.875,21,0.0,0.0,5147,0,Bonus Accumulators
66936.0,0,1,1,1,3450.0,5,783.75,2.5,5147,0,Frequent Flyers
72178.0,0,1,1,1,2100.0,10,0.0,0.0,5139,1,Inactive Base
33964.0,0,1,1,1,300.0,3,0.0,0.0,5128,0,Inactive Base
94272.0,0,3,1,1,11098.0,16,0.0,0.0,5121,0,Bonus Accumulators
53360.0,0,1,1,1,7251.0,5,783.75,2.5,5120,1,Frequent Flyers
3578.0,0,1,1,1,0.0,0,0.0,0.0,5114,0,Inactive Base
29342.0,0,2,1,1,5835.0,4,0.0,0.0,5153,0,Inactive Base
28228.0,0,3,1,1,12948.0,13,300.0,1.0,5108,1,Bonus Accumulators
118601.0,0,5,1,1,51240.0,19,0.0,0.0,5105,0,Bonus Accumulators
24660.0,0,2,1,1,7206.0,14,0.0,0.0,5136,1,Inactive Base
147822.0,0,4,1,1,42469.0,18,0.0,0.0,5107,1,Bonus Accumulators
190208.0,0,4,1,1,37122.0,38,783.75,2.5,5091,0,Frequent Flyers
2625.0,0,1,1,1,125.0,1,0.0,0.0,5087,0,Inactive Base
49438.0,0,4,1,1,33912.0,14,0.0,0.0,5085,1,Bonus Accumulators
24930.0,0,3,1,1,13060.0,9,0.0,0.0,5084,0,Inactive Base
89835.0,0,2,1,1,9058.0,11,0.0,0.0,5080,0,Inactive Base
46734.0,0,2,1,1,10007.0,18,0.0,0.0,5080,0,Inactive Base
203211.125,0,1,1,1,12584.0,9,783.75,2.5,5079,1,Frequent Flyers
50.0,0,1,1,1,50.0,1,50.0,1.0,5073,0,Inactive Base
97416.0,0,5,1,1,57651.875,29,0.0,0.0,5093,0,Bonus Accumulators
127768.0,0,5,1,1,57651.875,21,250.0,1.0,5064,1,Bonus Accumulators
139882.0,0,4,1,1,47089.0,15,0.0,0.0,4859,0,Bonus Accumulators
10740.0,0,1,1,1,0.0,0,0.0,0.0,4926,0,Inactive Base
57330.0,0,1,1,1,380.0,3,0.0,0.0,4986,0,Inactive Base
33560.0,0,1,1,1,2600.0,14,0.0,0.0,4604,0,Inactive Base
53210.0,0,1,1,1,11422.0,10,0.0,0.0,4993,1,Inactive Base
9795.0,0,1,1,1,0.0,0,0.0,0.0,4960,0,Inactive Base
16984.0,0,2,1,1,10334.0,15,0.0,0.0,4884,1,Inactive Base
46349.0,0,4,1,1,33923.0,20,783.75,2.0,4856,1,Frequent Flyers
118079.0,0,4,1,1,43298.0,16,500.0,1.0,4867,0,Bonus Accumulators
29632.0,0,1,1,1,0.0,0,0.0,0.0,4898,0,Inactive Base
164307.0,0,3,1,1,21704.0,14,0.0,0.0,4023,0,Bonus Accumulators
13490.0,0,1,1,1,0.0,0,0.0,0.0,4870,0,Inactive Base
36296.0,0,1,1,1,5780.0,6,0.0,0.0,4600,0,Inactive Base
190429.0,0,1,1,1,27500.0,11,783.75,2.5,4974,1,Frequent Flyers
120447.0,0,5,1,1,53804.0,15,350.0,1.0,4840,0,Bonus Accumulators
35094.0,0,1,1,1,4000.0,11,0.0,0.0,4944,1,Inactive Base
203211.125,0,5,1,1,56204.0,31,500.0,1.0,4429,1,Bonus Accumulators
30662.0,0,1,1,1,0.0,0,0.0,0.0,4996,0,Inactive Base
157452.0,0,4,1,1,45312.0,18,0.0,0.0,4471,0,Bonus Accumulators
24266.0,0,1,1,1,2375.0,12,0.0,0.0,4111,0,Inactive Base
49991.0,0,4,1,1,44146.0,27,783.75,2.5,4803,1,Frequent Flyers
42275.0,0,1,1,1,4100.0,6,783.75,2.5,4712,0,Frequent Flyers
59162.0,0,1,1,1,2520.0,7,0.0,0.0,4726,0,Inactive Base
109625.0,0,5,1,1,57651.875,19,500.0,1.0,5056,1,Bonus Accumulators
30486.0,0,1,1,1,0.0,0,0.0,0.0,5051,0,Inactive Base
203211.125,0,4,1,1,57651.875,22,350.0,1.0,5045,1,Bonus Accumulators
203211.125,0,1,1,1,8370.0,30,783.75,2.5,5042,1,Frequent Flyers
20818.0,0,1,1,1,15214.0,4,0.0,0.0,5036,0,Inactive Base
106509.0,0,1,1,1,1113.0,7,0.0,0.0,5036,0,Inactive Base
65982.0,0,1,1,1,1750.0,4,750.0,2.5,5030,1,Frequent Flyers
9002.0,0,1,1,1,1586.0,9,0.0,0.0,4933,1,Inactive Base
16088.0,0,3,1,1,17872.0,15,0.0,0.0,4563,1,Bonus Accumulators
10079.0,0,1,1,1,569.0,8,0.0,0.0,4651,0,Inactive Base
48863.0,0,5,1,1,57651.875,18,783.75,2.5,4925,1,Frequent Flyers
137402.0,0,1,1,1,950.0,6,200.0,2.5,4685,1,Frequent Flyers
71076.0,0,1,1,1,10000.0,1,0.0,0.0,4820,1,Inactive Base
20630.0,0,1,1,1,2045.0,4,0.0,0.0,4643,0,Inactive Base
119180.0,0,1,1,1,9275.0,20,783.75,2.5,4657,1,Frequent Flyers
54116.0,0,3,1,1,34997.0,14,0.0,0.0,4848,1,Bonus Accumulators
36665.0,0,1,1,1,1625.0,6,0.0,0.0,4747,0,Inactive Base
203211.125,0,4,1,1,51765.0,18,450.0,1.0,4770,1,Bonus Accumulators
48721.0,0,1,1,1,18781.0,12,300.0,2.5,4672,0,Frequent Flyers
203211.125,0,3,1,1,27471.0,20,783.75,2.5,4905,1,Frequent Flyers
88668.0,0,2,1,1,9889.0,15,100.0,1.0,4903,0,Inactive Base
46074.0,0,1,1,1,2193.0,11,0.0,0.0,4419,0,Inactive Base
1923.0,0,1,1,1,1170.0,2,0.0,0.0,4615,0,Inactive Base
46030.0,0,1,1,1,4375.0,27,0.0,0.0,4566,0,Inactive Base
31236.0,0,1,1,1,2250.0,13,0.0,0.0,4523,0,Inactive Base
18351.0,0,1,1,1,0.0,0,0.0,0.0,4744,0,Inactive Base
4779.0,0,1,1,1,600.0,2,0.0,0.0,4926,1,Inactive Base
124775.0,0,1,1,1,11564.0,8,700.0,2.0,4847,1,Frequent Flyers
66923.0,0,3,1,1,17139.0,12,0.0,0.0,4875,0,Bonus Accumulators
24008.0,0,1,1,1,540.0,3,0.0,0.0,4901,0,Inactive Base
118415.0,0,1,1,1,4475.0,10,100.0,1.0,4545,1,Inactive Base
2793.0,0,1,1,1,8000.0,3,0.0,0.0,4588,1,Inactive Base
70464.0,0,1,1,1,4000.0,4,783.75,2.0,4889,1,Frequent Flyers
71930.0,0,4,1,1,32774.0,13,500.0,1.0,4300,1,Bonus Accumulators
126484.0,0,1,1,1,5942.0,13,783.75,2.5,4758,1,Frequent Flyers
39503.0,0,3,1,1,16671.0,18,783.75,2.0,4884,1,Frequent Flyers
7291.0,0,1,1,1,0.0,0,0.0,0.0,4104,0,Inactive Base
4838.0,0,3,1,1,23592.0,16,500.0,1.0,5024,1,Frequent Flyers
73811.0,0,3,1,1,25394.0,14,783.75,2.0,5021,1,Frequent Flyers
156219.0,0,5,1,1,55874.0,24,0.0,0.0,5015,1,Bonus Accumulators
114376.0,0,4,1,1,33949.0,15,0.0,0.0,5009,1,Bonus Accumulators
23965.0,0,1,2,1,7308.0,16,550.0,2.5,5003,0,Frequent Flyers
45766.0,0,1,1,1,4550.0,11,783.75,2.5,5002,0,Frequent Flyers
57857.0,0,1,1,1,57651.875,37,783.75,2.5,4996,1,Frequent Flyers
19998.0,0,1,1,1,4309.0,13,0.0,0.0,4995,1,Inactive Base
29506.0,0,1,1,1,4826.0,16,500.0,2.0,4993,0,Frequent Flyers
6020.0,0,1,1,1,0.0,0,0.0,0.0,4986,0,Inactive Base
27989.0,0,3,1,1,25369.0,16,783.75,2.0,4981,1,Frequent Flyers
21933.0,0,4,1,1,27166.0,15,550.0,1.0,4974,1,Frequent Flyers
58758.0,0,1,1,1,6500.0,38,0.0,0.0,4974,0,Bonus Accumulators
86069.0,0,4,1,1,35282.0,21,0.0,0.0,4972,1,Bonus Accumulators
8350.0,0,1,1,1,2125.0,10,0.0,0.0,4967,0,Inactive Base
26862.0,0,3,1,1,15510.0,15,0.0,0.0,4965,1,Bonus Accumulators
133853.0,0,5,1,1,57651.875,14,0.0,0.0,4960,1,Bonus Accumulators
72623.0,0,1,1,1,0.0,0,0.0,0.0,4957,0,Inactive Base
36887.0,0,1,2,1,9048.0,11,0.0,0.0,4951,0,Inactive Base
49737.0,0,5,1,1,57651.875,22,550.0,2.0,4946,1,Frequent Flyers
53869.0,0,1,1,1,6750.0,26,0.0,0.0,4940,0,Inactive Base
5264.0,0,1,1,1,0.0,0,0.0,0.0,4496,0,Inactive Base
132132.0,0,3,1,1,20443.0,18,783.75,2.5,3916,1,Frequent Flyers
203211.125,0,5,1,1,57651.875,36,0.0,0.0,4692,0,Bonus Accumulators
203211.125,0,4,1,1,52013.0,31,783.75,2.5,4469,1,Frequent Flyers
22459.0,0,1,1,1,104.0,2,0.0,0.0,4215,0,Inactive Base
65021.0,0,2,1,1,10369.0,12,0.0,0.0,3547,0,Inactive Base
44205.0,0,4,1,1,28340.0,13,0.0,0.0,3676,0,Bonus Accumulators
18433.0,0,1,1,1,3174.0,9,0.0,0.0,3930,0,Inactive Base
6341.0,0,1,1,1,3658.0,12,0.0,0.0,3706,0,Inactive Base
3641.0,0,1,1,1,1164.0,3,0.0,0.0,3603,0,Inactive Base
39207.0,0,1,1,1,965.0,3,0.0,0.0,3757,0,Inactive Base
63362.0,0,3,1,1,16331.0,15,350.0,1.0,3544,0,Bonus Accumulators
203211.125,0,1,1,1,8500.0,4,0.0,0.0,4716,1,Inactive Base
329.0,0,3,1,1,23492.0,14,0.0,0.0,4868,1,Bonus Accumulators
22424.0,0,1,1,1,648.0,2,0.0,0.0,3951,0,Inactive Base
36805.0,0,3,1,1,13018.0,16,0.0,0.0,3799,0,Inactive Base
63437.0,0,2,1,1,7160.0,15,0.0,0.0,4595,0,Inactive Base
8962.0,0,1,1,1,0.0,0,0.0,0.0,4198,0,Inactive Base
7922.0,0,1,1,1,0.0,0,0.0,0.0,4491,0,Inactive Base
113731.0,0,1,1,1,1700.0,5,700.0,2.5,4482,0,Frequent Flyers
12612.0,0,1,1,1,0.0,0,0.0,0.0,4170,0,Inactive Base
45916.0,0,1,1,1,675.0,6,500.0,2.0,2818,1,Frequent Flyers
51324.0,0,3,1,1,20533.0,14,0.0,0.0,4408,0,Bonus Accumulators
412.0,0,1,1,1,13000.0,1,0.0,0.0,4761,1,Inactive Base
8103.0,0,1,1,1,2750.0,15,0.0,0.0,4776,1,Inactive Base
91237.0,0,5,1,1,57651.875,26,0.0,0.0,4321,1,Bonus Accumulators
17388.0,0,1,1,1,0.0,0,0.0,0.0,4232,0,Inactive Base
52046.0,0,1,1,1,1058.0,8,683.0,2.5,3456,0,Frequent Flyers
50015.0,0,3,1,1,20839.0,16,50.0,1.0,4497,0,Bonus Accumulators
45340.0,0,3,1,1,14063.0,16,500.0,1.0,4660,1,Frequent Flyers
200963.0,0,1,1,1,6164.0,4,150.0,1.0,4782,0,Inactive Base
85884.0,0,2,1,1,7742.0,9,0.0,0.0,4692,0,Inactive Base
4236.0,0,1,1,1,3000.0,7,0.0,0.0,4148,1,Inactive Base
55843.0,0,1,1,1,6000.0,3,0.0,0.0,4341,1,Inactive Base
43000.0,0,1,1,1,1273.0,4,173.0,1.0,4646,0,Inactive Base
5573.0,0,1,1,1,1958.0,17,0.0,0.0,3714,1,Inactive Base
2080.0,0,1,1,1,0.0,0,0.0,0.0,4635,0,Inactive Base
43686.0,0,1,1,1,4039.0,12,0.0,0.0,4328,0,Inactive Base
11001.0,0,1,1,1,255.0,5,0.0,0.0,4315,0,Inactive Base
10146.0,0,3,1,1,26633.0,12,0.0,0.0,4509,1,Bonus Accumulators
35062.0,0,3,1,1,16237.0,26,0.0,0.0,4152,1,Bonus Accumulators
11866.0,0,2,1,1,6139.0,9,0.0,0.0,4667,1,Inactive Base
41048.0,0,1,1,1,1195.0,3,0.0,0.0,4856,0,Inactive Base
25004.0,0,1,1,1,1113.0,3,0.0,0.0,4860,1,Inactive Base
194074.0,0,1,1,1,12500.0,6,0.0,0.0,4701,1,Bonus Accumulators
65952.0,0,4,1,1,34770.0,14,0.0,0.0,4827,0,Bonus Accumulators
203211.125,0,1,1,1,4652.0,13,0.0,0.0,4849,0,Inactive Base
61286.0,0,1,1,1,1500.0,5,0.0,0.0,4755,0,Inactive Base
118177.0,0,3,1,1,20910.0,18,402.0,1.0,4811,0,Bonus Accumulators
183370.0,0,1,1,1,30988.0,14,783.75,2.5,4848,1,Frequent Flyers
98608.0,0,1,1,1,969.0,12,0.0,0.0,4663,0,Inactive Base
22529.0,0,1,1,1,5115.0,20,783.75,2.5,4865,0,Frequent Flyers
2502.0,0,1,1,1,15500.0,4,500.0,1.0,4761,1,Inactive Base
123430.0,0,4,1,1,49987.0,17,0.0,0.0,4798,1,Bonus Accumulators
36219.0,0,1,1,1,4044.0,10,0.0,0.0,4595,0,Inactive Base
61405.0,0,2,1,1,32316.0,20,783.75,2.5,4828,1,Frequent Flyers
3789.0,0,1,1,1,181.0,3,0.0,0.0,4756,1,Inactive Base
16065.0,0,1,1,1,0.0,0,0.0,0.0,4456,0,Inactive Base
203211.125,0,5,1,1,57651.875,13,0.0,0.0,4784,1,Bonus Accumulators
28733.0,0,1,1,1,0.0,0,0.0,0.0,4650,0,Inactive Base
26965.0,0,2,1,1,7346.0,13,0.0,0.0,4653,0,Inactive Base
203211.125,0,4,1,1,50888.0,26,0.0,0.0,4744,0,Bonus Accumulators
5074.0,0,1,1,1,500.0,1,0.0,0.0,4730,0,Inactive Base
43338.0,0,1,1,1,1000.0,4,783.75,2.5,4275,0,Frequent Flyers
23551.0,0,1,1,1,2375.0,12,0.0,0.0,4663,1,Inactive Base
32015.0,0,1,1,1,6000.0,6,0.0,0.0,4574,0,Inactive Base
65435.0,0,1,1,1,1000.0,2,500.0,1.0,4786,0,Inactive Base
39079.0,0,1,1,1,3070.0,5,0.0,0.0,4750,0,Inactive Base
108616.0,0,4,1,1,36476.0,13,0.0,0.0,4644,0,Bonus Accumulators
80154.0,0,4,1,1,47270.0,14,0.0,0.0,4352,0,Bonus Accumulators
25563.0,0,1,1,1,303.0,8,0.0,0.0,3511,1,Inactive Base
18007.0,0,4,1,1,33237.0,15,0.0,0.0,4665,1,Bonus Accumulators
51752.0,0,3,1,1,25962.0,20,0.0,0.0,4631,0,Bonus Accumulators
21540.0,0,1,1,1,1188.0,9,0.0,0.0,4791,0,Inactive Base
203211.125,0,5,1,1,57651.875,11,0.0,0.0,4791,0,Bonus Accumulators
196079.0,0,5,1,1,56890.0,21,0.0,0.0,4791,0,Bonus Accumulators
203211.125,0,1,1,1,11430.0,14,783.75,2.5,4791,1,Frequent Flyers
20681.0,0,1,1,1,0.0,0,0.0,0.0,4939,0,Inactive Base
155278.0,0,4,1,1,27200.0,16,0.0,0.0,4926,1,Bonus Accumulators
194949.0,0,1,1,1,10121.0,13,783.75,2.5,4930,1,Frequent Flyers
203211.125,0,4,1,1,40533.0,24,250.0,1.0,4791,1,Bonus Accumulators
105588.0,0,2,1,1,22973.0,3,0.0,0.0,4805,0,Inactive Base
41366.0,0,3,1,1,27148.0,15,0.0,0.0,4806,0,Bonus Accumulators
59445.0,0,1,1,1,5500.0,21,500.0,2.0,4843,0,Frequent Flyers
130920.0,0,4,1,1,30299.0,20,783.75,2.5,4793,1,Frequent Flyers
49777.0,0,3,1,1,12241.0,12,0.0,0.0,4777,0,Inactive Base
58778.0,0,4,1,1,28325.0,13,0.0,0.0,4919,0,Bonus Accumulators
38224.0,0,1,1,1,2587.0,10,0.0,0.0,4824,0,Inactive Base
93700.0,0,5,1,1,57651.875,14,0.0,0.0,4827,1,Bonus Accumulators
203211.125,0,5,1,1,57651.875,18,0.0,0.0,4827,1,Bonus Accumulators
34941.0,0,3,1,1,23718.0,16,0.0,0.0,4755,0,Bonus Accumulators
115197.0,0,3,1,1,17638.0,24,0.0,0.0,4820,0,Bonus Accumulators
31230.0,0,1,1,1,815.0,5,783.75,2.5,4931,0,Frequent Flyers
98604.0,0,3,1,1,17490.0,15,0.0,0.0,4919,1,Bonus Accumulators
203211.125,0,1,1,1,0.0,0,0.0,0.0,4903,0,Inactive Base
136104.0,0,4,1,1,57651.875,38,783.75,2.5,4916,1,Frequent Flyers
23984.0,0,1,1,1,2737.0,14,0.0,0.0,4905,0,Inactive Base
169947.0,0,4,1,1,48140.0,21,0.0,0.0,4895,0,Bonus Accumulators
71264.0,0,5,1,1,57651.875,17,783.75,2.0,4903,1,Frequent Flyers
71610.0,0,3,1,1,20918.0,14,0.0,0.0,4895,0,Bonus Accumulators
151152.0,0,2,1,1,13635.0,21,783.75,1.0,4895,0,Frequent Flyers
164178.0,0,4,1,1,35314.0,23,783.75,2.5,4883,1,Frequent Flyers
18601.0,0,1,1,1,100.0,1,0.0,0.0,4888,0,Inactive Base
49331.0,0,3,1,1,23572.0,12,100.0,1.0,4888,0,Bonus Accumulators
43326.0,0,1,1,1,4164.0,12,0.0,0.0,4881,0,Inactive Base
12112.0,0,1,1,1,0.0,0,0.0,0.0,4882,0,Inactive Base
98343.0,0,4,1,1,31961.0,16,0.0,0.0,4971,1,Bonus Accumulators
83006.0,0,4,1,1,45167.0,13,0.0,0.0,4906,1,Bonus Accumulators
110980.0,0,1,1,1,12900.0,8,783.75,2.5,4853,0,Frequent Flyers
78032.0,0,3,1,1,24046.0,23,0.0,0.0,4862,0,Bonus Accumulators
176262.0,0,3,1,1,12678.0,8,150.0,1.0,4862,0,Bonus Accumulators
203211.125,0,3,1,1,13301.0,12,0.0,0.0,4849,1,Bonus Accumulators
203211.125,0,4,1,1,37889.0,15,783.75,2.0,4841,0,Frequent Flyers
41370.0,0,5,1,1,51335.0,9,0.0,0.0,4842,1,Bonus Accumulators
92905.0,0,1,1,1,1766.0,10,0.0,0.0,4827,1,Inactive Base
7430.0,0,1,1,1,10500.0,5,0.0,0.0,4791,1,Inactive Base
68390.0,0,1,1,1,3450.0,3,783.75,2.0,4754,1,Frequent Flyers
18366.0,0,1,1,1,1100.0,3,783.75,2.5,4783,1,Frequent Flyers
197673.0,0,4,1,1,48932.0,15,0.0,0.0,4775,1,Bonus Accumulators
11789.0,0,4,1,1,28756.0,20,783.75,2.0,4775,1,Frequent Flyers
203211.125,0,1,1,1,2750.0,15,0.0,0.0,4751,0,Inactive Base
13310.0,0,1,1,1,0.0,0,0.0,0.0,4755,0,Inactive Base
203211.125,0,4,1,1,55903.0,17,500.0,1.0,4761,1,Bonus Accumulators
25688.0,0,1,1,1,3103.0,10,0.0,0.0,4754,1,Inactive Base
203211.125,0,1,1,1,3833.0,21,783.75,2.5,4638,0,Frequent Flyers
203211.125,0,1,1,1,15942.0,8,783.75,2.5,4741,1,Frequent Flyers
3580.0,0,1,1,1,130.0,3,0.0,0.0,4730,0,Inactive Base
84305.0,0,5,1,1,57651.875,15,0.0,0.0,4734,1,Bonus Accumulators
4780.0,0,1,1,1,0.0,0,0.0,0.0,4733,0,Inactive Base
88192.0,0,4,1,1,47848.0,22,500.0,1.0,4784,1,Bonus Accumulators
105665.0,0,4,1,1,31226.0,13,0.0,0.0,4727,1,Bonus Accumulators
24756.0,0,1,1,1,7720.0,26,500.0,2.0,4723,1,Frequent Flyers
51304.0,0,1,1,1,11611.0,38,783.75,2.5,4708,1,Frequent Flyers
12404.0,0,1,1,1,1950.0,7,783.75,2.5,4701,0,Frequent Flyers
80988.0,0,1,1,1,4413.0,5,0.0,0.0,4707,0,Inactive Base
5617.0,0,1,1,1,4400.0,4,400.0,1.0,4706,1,Inactive Base
68023.0,0,5,1,1,57651.875,33,500.0,1.0,4702,1,Bonus Accumulators
108100.0,0,4,1,1,45113.0,17,783.75,2.0,4699,0,Frequent Flyers
17470.0,0,1,1,1,4100.0,9,783.75,2.5,4691,0,Frequent Flyers
138332.0,0,5,1,1,57651.875,17,0.0,0.0,4692,1,Bonus Accumulators
4087.0,0,1,1,1,500.0,4,0.0,0.0,4684,0,Inactive Base
40264.0,0,1,1,1,19137.0,13,0.0,0.0,4684,0,Inactive Base
13290.0,0,1,1,1,3175.0,5,0.0,0.0,4679,1,Inactive Base
130761.0,0,4,1,1,52423.0,15,0.0,0.0,4674,1,Bonus Accumulators
14371.0,0,4,1,1,28723.0,13,0.0,0.0,4671,1,Bonus Accumulators
25322.0,0,3,1,1,23821.0,16,0.0,0.0,4673,1,Bonus Accumulators
55356.0,0,3,1,1,23871.0,15,0.0,0.0,4660,0,Bonus Accumulators
134501.0,0,5,1,1,57651.875,32,783.75,2.0,4663,1,Frequent Flyers
63311.0,0,4,1,1,29318.0,11,0.0,0.0,4667,0,Bonus Accumulators
90307.0,0,1,1,1,3150.0,3,650.0,2.0,4664,1,Frequent Flyers
2198.0,0,1,1,1,16070.0,12,0.0,0.0,4658,1,Inactive Base
43749.0,0,1,1,1,9557.0,5,0.0,0.0,4664,0,Inactive Base
7730.0,0,1,1,1,375.0,3,0.0,0.0,4659,0,Inactive Base
16171.0,0,1,1,1,2875.0,16,0.0,0.0,4656,0,Inactive Base
192108.0,0,1,1,1,10200.0,3,200.0,2.0,4656,1,Frequent Flyers
35895.0,0,3,1,1,15720.0,11,0.0,0.0,4649,1,Bonus Accumulators
46578.0,0,2,1,1,8322.0,12,0.0,0.0,4645,1,Inactive Base
54309.0,0,1,1,1,6772.0,7,250.0,1.0,4698,0,Inactive Base
45613.0,0,4,1,1,29117.0,16,350.0,1.0,4625,1,Bonus Accumulators
203211.125,0,3,1,1,27415.0,16,0.0,0.0,4631,1,Bonus Accumulators
93148.0,0,2,1,1,7776.0,18,0.0,0.0,4631,0,Inactive Base
27905.0,0,1,1,1,3794.0,11,0.0,0.0,4628,0,Inactive Base
139983.0,0,3,1,1,17289.0,24,100.0,2.0,4629,1,Frequent Flyers
188703.0,0,5,1,1,57651.875,38,500.0,1.0,4625,0,Bonus Accumulators
19479.0,0,1,1,1,2250.0,4,0.0,0.0,4625,0,Inactive Base
63635.0,0,1,1,1,5175.0,31,50.0,1.0,4622,0,Inactive Base
77203.0,0,5,1,1,57651.875,16,0.0,0.0,4646,1,Bonus Accumulators
19020.0,0,1,1,1,330.0,3,0.0,0.0,4614,0,Inactive Base
61172.0,0,2,1,1,6875.0,10,0.0,0.0,4609,0,Inactive Base
7342.0,0,1,1,1,0.0,0,0.0,0.0,4604,0,Inactive Base
62076.0,0,2,1,1,11221.0,15,783.75,2.0,4603,0,Frequent Flyers
13046.0,0,1,1,1,0.0,0,0.0,0.0,4597,1,Inactive Base
11527.0,0,3,1,1,16874.0,27,783.75,2.5,4583,1,Frequent Flyers
77814.0,0,4,1,1,43914.0,17,0.0,0.0,4587,1,Bonus Accumulators
75303.0,0,5,1,1,57651.875,15,0.0,0.0,4598,1,Bonus Accumulators
7545.0,0,1,1,1,616.0,6,0.0,0.0,4587,0,Inactive Base
26972.0,0,1,1,1,0.0,0,0.0,0.0,4587,0,Inactive Base
184805.0,0,4,1,1,52755.0,22,0.0,0.0,4726,1,Bonus Accumulators
93971.0,0,5,1,1,57651.875,22,450.0,2.5,4580,1,Frequent Flyers
66328.0,0,4,1,1,40522.0,14,0.0,0.0,4575,0,Bonus Accumulators
51745.0,0,4,1,1,41377.0,14,0.0,0.0,4606,0,Bonus Accumulators
64341.0,0,5,1,1,57651.875,13,0.0,0.0,4568,1,Bonus Accumulators
49708.0,0,1,1,1,0.0,0,0.0,0.0,4560,0,Inactive Base
46926.0,0,4,1,1,27889.0,15,0.0,0.0,4554,1,Bonus Accumulators
199418.0,0,3,1,1,25590.0,38,783.75,2.5,4548,1,Frequent Flyers
9126.0,0,1,1,1,1202.0,13,350.0,1.0,4554,0,Inactive Base
95109.0,0,4,1,1,26149.0,8,0.0,0.0,4593,0,Bonus Accumulators
65706.0,0,3,1,1,21958.0,17,0.0,0.0,4534,0,Bonus Accumulators
9862.0,0,1,1,1,31280.0,15,0.0,0.0,4545,1,Bonus Accumulators
203211.125,0,5,1,1,57651.875,18,783.75,2.0,4545,1,Frequent Flyers
25541.0,0,1,1,1,660.0,3,0.0,0.0,4520,0,Inactive Base
5580.0,0,1,1,1,60.0,2,0.0,0.0,4533,0,Inactive Base
37514.0,0,4,1,1,35874.0,31,500.0,1.0,4537,1,Bonus Accumulators
67083.0,0,1,1,1,4600.0,4,500.0,1.0,4532,0,Inactive Base
92646.0,0,4,1,1,27177.0,16,0.0,0.0,4523,0,Bonus Accumulators
21110.0,0,1,1,1,3402.0,12,0.0,0.0,4516,0,Inactive Base
102570.0,0,5,1,1,57651.875,20,0.0,0.0,4524,1,Bonus Accumulators
15876.0,0,1,1,1,0.0,0,0.0,0.0,4512,0,Inactive Base
8957.0,0,1,1,1,0.0,0,0.0,0.0,4509,0,Inactive Base
5375.0,0,1,1,1,2000.0,9,0.0,0.0,4509,0,Inactive Base
109114.0,0,4,1,1,31956.0,27,0.0,0.0,4512,1,Bonus Accumulators
23432.0,0,1,1,1,1162.0,10,0.0,0.0,4510,0,Inactive Base
111384.0,0,4,1,1,26669.0,14,0.0,0.0,4505,0,Bonus Accumulators
69880.0,0,1,1,1,4635.0,5,0.0,0.0,4552,0,Inactive Base
11289.0,0,1,1,1,1500.0,5,0.0,0.0,4492,0,Inactive Base
119676.0,0,1,1,1,550.0,4,550.0,2.5,4485,0,Frequent Flyers
21847.0,0,1,1,1,929.0,4,783.75,2.5,4491,1,Frequent Flyers
40808.0,0,4,1,1,38612.0,27,400.0,2.0,4490,1,Frequent Flyers
47509.0,0,1,1,1,21210.0,10,783.75,2.0,4490,0,Frequent Flyers
20248.0,0,3,1,1,18507.0,37,783.75,2.5,4488,0,Frequent Flyers
3441.0,0,1,1,1,1643.0,6,0.0,0.0,4484,0,Inactive Base
35216.0,0,1,1,1,9959.0,14,0.0,0.0,4481,0,Inactive Base
63036.0,0,2,1,1,9006.0,14,0.0,0.0,4475,0,Inactive Base
20844.0,0,1,1,1,20844.0,10,0.0,0.0,4474,0,Inactive Base
42420.0,0,1,1,1,1000.0,1,0.0,0.0,4461,0,Inactive Base
36254.0,0,1,1,1,7232.0,7,0.0,0.0,4453,0,Inactive Base
22412.0,0,3,1,1,11654.0,12,0.0,0.0,4460,1,Bonus Accumulators
11512.0,0,1,1,1,3667.0,14,0.0,0.0,4460,0,Inactive Base
1703.0,0,1,1,1,1230.0,4,0.0,0.0,4390,0,Inactive Base
51471.0,0,3,1,1,15505.0,32,412.0,1.0,4450,1,Frequent Flyers
70518.0,0,1,1,1,2000.0,3,783.75,2.0,4450,0,Frequent Flyers
203211.125,0,3,1,1,30480.0,16,500.0,1.0,4443,1,Frequent Flyers
25577.0,0,4,1,1,33420.0,18,0.0,0.0,4432,1,Bonus Accumulators
17111.0,0,3,1,1,13577.0,10,0.0,0.0,4434,1,Bonus Accumulators
99336.0,0,3,1,1,14195.0,14,500.0,1.0,4453,0,Frequent Flyers
67612.0,0,1,1,1,0.0,0,0.0,0.0,4442,0,Inactive Base
38918.0,0,1,1,1,6505.0,29,618.0,2.0,4442,0,Frequent Flyers
72812.0,0,3,1,1,16930.0,17,50.0,1.0,4442,0,Bonus Accumulators
134937.0,0,1,1,1,500.0,1,0.0,0.0,4427,1,Inactive Base
121688.0,0,4,1,1,31631.0,15,0.0,0.0,4420,0,Bonus Accumulators
162410.0,0,3,1,1,20203.0,17,0.0,0.0,4420,0,Bonus Accumulators
59821.0,0,1,1,1,4200.0,4,200.0,2.0,4419,1,Frequent Flyers
96053.0,0,1,1,1,2200.0,6,783.75,2.5,4391,0,Frequent Flyers
171946.0,0,3,1,1,19198.0,28,0.0,0.0,4397,0,Bonus Accumulators
15737.0,0,1,1,1,220.0,3,0.0,0.0,4404,0,Inactive Base
77814.0,0,3,1,1,14786.0,11,0.0,0.0,4394,0,Bonus Accumulators
53768.0,0,1,1,1,4798.0,16,450.0,1.0,4387,0,Inactive Base
203211.125,0,4,1,1,34322.0,35,0.0,0.0,4385,0,Bonus Accumulators
87366.0,0,3,1,1,18012.0,16,0.0,0.0,4380,0,Bonus Accumulators
56461.0,0,4,1,1,40190.0,14,0.0,0.0,4359,1,Bonus Accumulators
46855.0,0,2,1,1,8845.0,17,0.0,0.0,4379,1,Bonus Accumulators
53027.0,0,1,1,1,0.0,0,0.0,0.0,4585,0,Inactive Base
96610.0,0,5,1,1,57651.875,22,0.0,0.0,4362,0,Bonus Accumulators
61450.0,0,2,1,1,7927.0,10,0.0,0.0,4383,0,Inactive Base
18538.0,0,1,1,1,2200.0,3,0.0,0.0,4344,0,Inactive Base
28319.0,0,3,1,1,18449.0,13,0.0,0.0,4392,1,Bonus Accumulators
107360.0,0,3,1,1,15641.0,15,0.0,0.0,4423,0,Bonus Accumulators
32510.0,0,1,3,1,14568.0,13,0.0,0.0,4341,0,Inactive Base
9753.0,0,1,1,1,1235.0,3,0.0,0.0,4343,0,Inactive Base
13033.0,0,1,1,1,1625.0,6,0.0,0.0,4334,0,Inactive Base
17609.0,0,1,1,1,803.0,5,783.75,2.5,4317,1,Frequent Flyers
104052.0,0,2,1,1,6016.0,12,0.0,0.0,4331,0,Inactive Base
13878.0,0,1,1,1,0.0,0,0.0,0.0,4317,0,Inactive Base
7254.0,0,1,1,1,0.0,0,0.0,0.0,4323,0,Inactive Base
12560.0,0,1,1,1,1282.0,6,783.75,2.5,4324,1,Frequent Flyers
94938.0,0,3,1,1,12999.0,21,0.0,0.0,4310,0,Bonus Accumulators
86143.0,0,3,1,1,29652.0,11,500.0,1.0,4317,1,Frequent Flyers
138512.0,0,4,1,1,30130.0,15,50.0,1.0,4313,1,Bonus Accumulators
66875.0,0,1,1,1,3206.0,17,0.0,0.0,4308,1,Inactive Base
96026.0,0,3,1,1,25670.0,19,0.0,0.0,4310,0,Bonus Accumulators
31572.0,0,1,1,1,0.0,0,0.0,0.0,4299,0,Inactive Base
11834.0,0,1,1,1,0.0,0,0.0,0.0,4306,1,Inactive Base
23552.0,0,4,1,1,36165.0,11,0.0,0.0,4300,1,Bonus Accumulators
66052.0,0,1,1,1,8380.0,8,0.0,0.0,4301,0,Inactive Base
55639.0,0,1,1,1,2750.0,15,0.0,0.0,4299,1,Inactive Base
68226.0,0,1,1,1,3147.0,8,200.0,2.0,4299,0,Inactive Base
37953.0,0,5,1,1,57651.875,28,0.0,0.0,4282,1,Bonus Accumulators
17810.0,0,1,1,1,1375.0,4,0.0,0.0,4294,0,Inactive Base
21915.0,0,1,1,1,7000.0,33,0.0,0.0,4289,0,Inactive Base
32563.0,0,1,1,1,4200.0,3,200.0,1.0,4282,0,Inactive Base
49479.0,0,1,1,1,5500.0,24,100.0,1.0,4282,0,Inactive Base
23854.0,0,3,1,1,22498.0,18,250.0,2.5,4274,1,Frequent Flyers
60049.0,0,1,1,1,0.0,0,0.0,0.0,4278,1,Inactive Base
75112.0,0,4,1,1,35532.0,14,500.0,1.0,4271,0,Bonus Accumulators
19787.0,0,1,1,1,2016.0,9,500.0,1.0,4258,0,Inactive Base
30664.0,0,3,1,1,21242.0,22,700.0,2.5,4268,0,Frequent Flyers
91716.0,0,1,1,1,6978.0,12,0.0,0.0,4267,0,Inactive Base
203211.125,0,1,1,1,4500.0,5,783.75,2.5,4265,0,Frequent Flyers
16495.0,0,1,1,1,18779.0,11,0.0,0.0,4261,1,Inactive Base
25963.0,0,2,1,1,8183.0,25,0.0,0.0,4244,0,Inactive Base
1701.0,0,1,1,1,10.0,1,0.0,0.0,4260,1,Inactive Base
73852.0,0,1,1,1,0.0,0,0.0,0.0,4252,0,Inactive Base
12791.0,0,1,1,1,0.0,0,0.0,0.0,4246,0,Inactive Base
39020.0,0,1,1,1,1295.0,4,0.0,0.0,4246,0,Inactive Base
1076.0,0,3,1,1,11379.0,8,0.0,0.0,4233,1,Inactive Base
34443.0,0,1,1,1,2125.0,10,0.0,0.0,4233,0,Inactive Base
4735.0,0,1,1,1,275.0,2,0.0,0.0,4257,0,Inactive Base
41279.0,0,1,1,1,3664.0,4,783.75,2.5,4233,0,Frequent Flyers
4708.0,0,1,1,1,1000.0,1,0.0,0.0,4232,0,Inactive Base
63090.0,0,1,1,1,12059.0,20,350.0,2.5,4231,1,Frequent Flyers
156544.0,0,4,1,1,46593.0,13,0.0,0.0,4225,0,Bonus Accumulators
12239.0,0,1,1,1,2912.0,5,0.0,0.0,4226,0,Inactive Base
101464.0,0,3,1,1,14610.0,13,0.0,0.0,4223,0,Bonus Accumulators
55147.0,0,4,1,1,29219.0,13,0.0,0.0,4225,0,Bonus Accumulators
59424.0,0,4,1,1,36600.0,23,783.75,2.5,4211,0,Frequent Flyers
52084.0,0,1,1,1,4836.0,7,0.0,0.0,4222,0,Inactive Base
203211.125,0,5,1,1,57651.875,21,783.75,2.5,4210,1,Frequent Flyers
116288.0,0,5,1,1,57651.875,18,0.0,0.0,4209,0,Bonus Accumulators
114508.0,0,4,1,1,29960.0,22,783.75,2.5,4226,1,Frequent Flyers
203211.125,0,1,1,1,500.0,1,500.0,1.0,4201,0,Inactive Base
19634.0,0,1,1,1,0.0,0,0.0,0.0,4198,0,Inactive Base
56258.0,0,4,1,1,38591.0,23,500.0,1.0,4197,1,Bonus Accumulators
102373.0,0,4,1,1,57651.875,33,783.75,2.5,4190,1,Frequent Flyers
20426.0,0,1,1,1,3993.0,7,783.75,2.5,4194,0,Frequent Flyers
13034.0,0,5,1,1,57651.875,6,0.0,0.0,4169,1,Bonus Accumulators
22455.0,0,4,1,1,38814.0,17,0.0,0.0,4175,1,Bonus Accumulators
11604.0,0,1,1,1,95.0,2,0.0,0.0,4177,0,Inactive Base
72510.0,0,4,1,1,31469.0,12,0.0,0.0,4169,1,Bonus Accumulators
33383.0,0,1,1,1,0.0,0,0.0,0.0,4163,0,Inactive Base
181200.0,0,1,1,1,7514.0,21,0.0,0.0,4159,0,Bonus Accumulators
17500.0,0,1,1,1,17500.0,2,0.0,0.0,4167,0,Inactive Base
22751.0,0,1,1,1,4500.0,9,783.75,2.5,4166,0,Frequent Flyers
12465.0,0,1,1,1,380.0,3,0.0,0.0,4162,0,Inactive Base
6316.0,0,1,1,1,0.0,0,0.0,0.0,4149,0,Inactive Base
66860.0,0,3,1,1,12667.0,20,783.75,2.5,4155,1,Frequent Flyers
975.0,0,1,1,1,350.0,3,0.0,0.0,4519,0,Inactive Base
197973.0,0,5,1,1,57651.875,14,783.75,2.0,4155,1,Frequent Flyers
50909.0,0,3,1,1,14830.0,18,0.0,0.0,4135,1,Bonus Accumulators
79500.0,0,3,1,1,21489.0,15,0.0,0.0,4146,0,Bonus Accumulators
15875.0,0,3,1,1,24918.0,12,0.0,0.0,4141,1,Bonus Accumulators
159109.0,0,4,1,1,19554.0,24,783.75,2.5,4138,1,Frequent Flyers
12906.0,0,1,1,1,0.0,0,0.0,0.0,4124,0,Inactive Base
14155.0,0,1,1,1,3250.0,19,0.0,0.0,4134,0,Inactive Base
576.0,0,3,1,1,12082.0,14,0.0,0.0,4128,1,Bonus Accumulators
48896.0,0,1,1,1,4081.0,12,783.75,2.5,4139,1,Frequent Flyers
27669.0,0,1,1,1,3375.0,20,0.0,0.0,4127,0,Inactive Base
21708.0,0,3,1,1,12811.0,13,0.0,0.0,4100,0,Inactive Base
10643.0,0,4,1,1,40585.0,14,783.75,2.0,4107,1,Frequent Flyers
203211.125,0,5,1,1,57505.0,16,0.0,0.0,4112,0,Bonus Accumulators
35433.0,0,1,1,1,1600.0,3,0.0,0.0,4113,0,Inactive Base
162369.0,0,4,1,1,41359.0,15,500.0,1.0,4113,1,Bonus Accumulators
6206.0,0,1,1,1,375.0,3,0.0,0.0,4107,0,Inactive Base
203211.125,0,4,1,1,44771.0,17,0.0,0.0,4099,0,Bonus Accumulators
94544.0,0,5,1,1,57651.875,8,350.0,1.0,4105,1,Bonus Accumulators
128302.0,0,5,1,4,57651.875,32,400.0,2.0,4103,1,Bonus Accumulators
3664.0,0,1,1,1,0.0,0,0.0,0.0,4089,0,Inactive Base
56017.0,0,1,1,1,3905.0,6,783.75,1.0,4086,0,Frequent Flyers
40835.0,0,4,1,1,50602.0,38,783.75,2.5,4090,1,Frequent Flyers
24496.0,0,1,1,1,4000.0,3,500.0,1.0,4086,1,Inactive Base
36033.0,0,3,1,1,36033.0,13,0.0,0.0,4079,0,Bonus Accumulators
12766.0,0,1,1,1,1900.0,4,400.0,2.0,4072,0,Inactive Base
147596.0,0,1,1,1,19175.0,19,783.75,2.5,4076,1,Frequent Flyers
16489.0,0,1,1,1,4851.0,27,0.0,0.0,4064,0,Inactive Base
84516.0,0,3,1,1,22713.0,15,0.0,0.0,4063,0,Bonus Accumulators
74147.0,0,2,1,1,8315.0,16,50.0,1.0,4064,0,Inactive Base
24887.0,0,1,1,1,0.0,0,0.0,0.0,4047,0,Inactive Base
56954.0,0,3,1,1,29409.0,32,0.0,0.0,4051,0,Bonus Accumulators
8647.0,0,1,1,1,0.0,0,0.0,0.0,4036,0,Inactive Base
37114.0,0,1,1,1,21623.0,12,0.0,0.0,4040,1,Inactive Base
50715.0,0,4,1,1,39211.0,13,0.0,0.0,4051,1,Bonus Accumulators
149305.0,0,4,1,1,49893.0,19,0.0,0.0,4030,0,Bonus Accumulators
203211.125,0,1,1,1,4288.0,15,500.0,1.0,4048,0,Frequent Flyers
20534.0,0,1,1,1,589.0,7,0.0,0.0,4021,0,Inactive Base
3962.0,0,1,1,1,292.0,8,0.0,0.0,4027,0,Inactive Base
5112.0,0,1,1,1,0.0,0,0.0,0.0,4020,0,Inactive Base
67358.0,0,5,1,1,57651.875,34,500.0,1.0,4379,1,Bonus Accumulators
11925.0,0,1,1,1,400.0,4,400.0,2.5,4015,0,Inactive Base
30300.0,0,1,1,1,2160.0,7,0.0,0.0,4002,0,Inactive Base
39139.0,0,1,1,1,710.0,4,0.0,0.0,3967,0,Inactive Base
52440.0,0,1,1,1,500.0,1,0.0,0.0,4026,0,Inactive Base
23329.0,0,1,1,1,6326.0,3,0.0,0.0,4008,0,Inactive Base
10679.0,0,2,1,1,13363.0,12,0.0,0.0,4001,1,Inactive Base
53487.0,0,1,1,1,0.0,0,0.0,0.0,3991,0,Inactive Base
203211.125,0,3,1,1,20500.0,20,100.0,1.0,3963,1,Bonus Accumulators
9052.0,0,1,1,1,280.0,2,0.0,0.0,3987,0,Inactive Base
129972.0,0,3,1,1,15081.0,18,500.0,1.0,3986,0,Frequent Flyers
203211.125,0,4,1,1,39260.0,38,200.0,1.0,3972,0,Bonus Accumulators
189054.0,0,1,1,1,17900.0,25,783.75,2.5,3985,1,Frequent Flyers
150312.0,0,1,1,1,1000.0,1,0.0,0.0,3967,0,Inactive Base
33517.0,0,1,1,1,1250.0,2,250.0,1.0,3978,1,Inactive Base
97750.0,0,3,1,1,12616.0,16,600.0,2.0,4074,0,Frequent Flyers
59035.0,0,1,1,1,245.0,4,0.0,0.0,3960,0,Inactive Base
132335.0,0,4,1,1,30273.0,14,0.0,0.0,3974,0,Bonus Accumulators
82981.0,0,5,1,3,57651.875,38,783.75,2.0,3964,1,Frequent Flyers
52139.0,0,1,3,1,16314.0,14,250.0,1.0,3965,0,Inactive Base
123313.0,0,4,1,1,31595.0,15,0.0,0.0,3959,0,Bonus Accumulators
131755.0,0,4,1,1,37299.0,16,0.0,0.0,3952,1,Bonus Accumulators
46440.0,0,1,1,1,5582.0,24,0.0,0.0,3952,1,Inactive Base
58970.0,0,3,1,1,13467.0,18,0.0,0.0,3946,1,Bonus Accumulators
152367.0,0,4,1,1,43406.0,24,700.0,2.5,3938,1,Frequent Flyers
80534.0,0,3,1,1,20715.0,17,0.0,0.0,3949,1,Bonus Accumulators
12184.0,0,1,1,1,1160.0,3,0.0,0.0,3939,0,Inactive Base
10355.0,0,2,1,1,6510.0,10,0.0,0.0,3918,0,Inactive Base
39947.0,0,1,1,1,1750.0,7,0.0,0.0,3922,0,Inactive Base
3082.0,0,1,1,1,0.0,0,0.0,0.0,3923,0,Inactive Base
37563.0,0,2,1,1,8142.0,14,0.0,0.0,3925,0,Inactive Base
145868.0,0,5,1,1,57651.875,18,783.75,2.5,3925,1,Frequent Flyers
14231.0,0,1,1,1,4950.0,24,783.75,2.5,3917,0,Frequent Flyers
87282.0,0,3,1,1,13480.0,10,0.0,0.0,3911,0,Inactive Base
11355.0,0,1,1,1,135.0,3,0.0,0.0,3916,0,Inactive Base
197239.0,0,4,1,1,53412.0,25,250.0,2.0,3914,1,Bonus Accumulators
50586.0,0,1,1,1,0.0,0,0.0,0.0,3902,0,Inactive Base
54388.0,0,4,1,1,27516.0,14,0.0,0.0,3903,1,Bonus Accumulators
30546.0,0,3,1,1,11304.0,14,0.0,0.0,3900,0,Inactive Base
24407.0,0,1,1,1,923.0,10,0.0,0.0,3910,0,Inactive Base
203211.125,0,5,1,1,57651.875,36,400.0,2.0,3895,1,Bonus Accumulators
56213.0,0,1,1,1,3207.0,14,350.0,1.0,3900,0,Inactive Base
21944.0,0,4,1,1,29461.0,13,0.0,0.0,3900,1,Bonus Accumulators
76552.0,0,5,1,1,57651.875,36,0.0,0.0,3894,1,Bonus Accumulators
37244.0,0,4,1,1,38220.0,18,0.0,0.0,3890,1,Bonus Accumulators
38439.0,0,1,1,1,3318.0,13,0.0,0.0,3886,0,Inactive Base
32160.0,0,1,1,1,1130.0,6,250.0,1.0,3883,0,Inactive Base
126873.0,0,4,1,5,57651.875,32,500.0,1.0,3880,1,Bonus Accumulators
8000.0,0,1,1,1,2250.0,11,0.0,0.0,3879,0,Inactive Base
194906.0,0,3,1,1,23780.0,14,200.0,1.0,3880,0,Bonus Accumulators
85751.0,0,4,1,1,26842.0,14,0.0,0.0,3711,0,Bonus Accumulators
15676.0,0,1,1,1,0.0,0,0.0,0.0,3178,0,Inactive Base
55064.0,0,2,1,1,8041.0,13,0.0,0.0,3329,1,Inactive Base
40675.0,0,1,1,1,1413.0,9,0.0,0.0,2895,0,Inactive Base
7843.0,0,1,1,1,600.0,2,600.0,2.0,3557,0,Inactive Base
56896.0,0,4,1,1,34019.0,15,0.0,0.0,3696,0,Bonus Accumulators
91935.0,0,3,1,1,17550.0,18,0.0,0.0,4216,1,Bonus Accumulators
50496.0,0,3,1,1,13287.0,26,0.0,0.0,4610,1,Bonus Accumulators
19896.0,0,2,1,1,9866.0,11,0.0,0.0,4602,0,Inactive Base
156853.0,0,4,1,1,37625.0,14,0.0,0.0,4510,1,Bonus Accumulators
65533.0,0,2,1,1,7595.0,10,0.0,0.0,4544,0,Inactive Base
203211.125,0,1,1,1,32709.0,13,783.75,2.5,4230,1,Frequent Flyers
91813.0,0,1,1,1,8690.0,11,783.75,2.5,3911,1,Frequent Flyers
12207.0,0,1,1,1,0.0,0,0.0,0.0,4565,0,Inactive Base
26421.0,0,1,1,1,1250.0,3,0.0,0.0,4593,0,Inactive Base
16176.0,0,1,1,1,0.0,0,0.0,0.0,4170,0,Inactive Base
44754.0,0,1,1,1,0.0,0,0.0,0.0,3648,1,Inactive Base
23827.0,0,1,1,1,8125.0,37,783.75,2.0,4616,1,Frequent Flyers
93743.0,0,1,1,1,1210.0,7,650.0,2.5,4676,0,Frequent Flyers
4787.0,0,1,1,1,3125.0,8,500.0,1.0,4734,1,Inactive Base
179472.0,0,3,1,1,11289.0,15,0.0,0.0,4708,0,Bonus Accumulators
73639.0,0,1,1,1,4709.0,10,783.75,2.5,4341,0,Frequent Flyers
76077.0,0,1,1,1,500.0,4,0.0,0.0,4616,0,Inactive Base
66456.0,0,1,1,1,3500.0,4,783.75,2.0,4679,0,Frequent Flyers
14273.0,0,1,1,1,0.0,0,0.0,0.0,4341,0,Inactive Base
134346.0,0,5,1,1,57651.875,18,0.0,0.0,4485,1,Bonus Accumulators
37693.0,0,3,1,1,30546.0,7,0.0,0.0,4671,1,Bonus Accumulators
11961.0,0,1,2,1,11961.0,10,0.0,0.0,4646,0,Inactive Base
63311.0,0,5,1,1,57651.875,34,783.75,2.5,4604,1,Frequent Flyers
20678.0,0,1,1,1,2155.0,8,0.0,0.0,3862,0,Inactive Base
5316.0,0,1,1,1,1134.0,4,0.0,0.0,4610,0,Inactive Base
86511.0,0,1,1,1,5000.0,6,783.75,2.5,4625,1,Frequent Flyers
133831.0,0,1,1,1,100.0,1,100.0,1.0,4588,0,Inactive Base
30306.0,0,1,1,1,2500.0,1,0.0,0.0,4309,0,Inactive Base
95925.0,0,1,1,1,7337.0,22,350.0,2.0,4625,0,Frequent Flyers
35080.0,0,1,1,1,0.0,0,0.0,0.0,4562,0,Inactive Base
14304.0,0,1,1,1,0.0,0,0.0,0.0,4600,0,Inactive Base
115385.0,0,1,1,1,5890.0,15,783.75,2.5,4546,0,Frequent Flyers
66411.0,0,4,1,1,34826.0,19,783.75,2.5,4211,1,Frequent Flyers
6978.0,0,1,1,1,610.0,3,0.0,0.0,4349,0,Inactive Base
39909.0,0,1,1,1,2682.0,14,0.0,0.0,4470,0,Inactive Base
8767.0,0,1,1,1,6589.0,8,783.75,2.5,4394,0,Frequent Flyers
25544.0,0,1,1,1,3271.0,7,0.0,0.0,4580,1,Inactive Base
166417.0,0,4,1,1,28607.0,11,0.0,0.0,4357,0,Bonus Accumulators
69555.0,0,3,1,1,21957.0,16,250.0,1.0,4390,0,Bonus Accumulators
2344.0,0,1,1,1,1478.0,10,0.0,0.0,4481,0,Inactive Base
8780.0,0,1,1,1,2750.0,15,0.0,0.0,4237,0,Inactive Base
111064.0,0,1,1,1,12700.0,7,783.75,2.5,4547,0,Frequent Flyers
44654.0,0,4,1,1,48874.0,16,0.0,0.0,4530,1,Bonus Accumulators
32678.0,0,1,1,1,0.0,0,0.0,0.0,4481,1,Inactive Base
203211.125,0,5,1,1,57651.875,25,350.0,2.5,4440,1,Frequent Flyers
76387.0,0,1,1,1,3588.0,7,0.0,0.0,4442,0,Inactive Base
203211.125,0,3,1,1,26933.0,25,0.0,0.0,4105,0,Bonus Accumulators
52195.0,0,4,1,1,35847.0,13,0.0,0.0,4476,1,Bonus Accumulators
137778.0,0,3,1,1,19557.0,18,0.0,0.0,4599,0,Bonus Accumulators
203211.125,0,1,1,1,6000.0,12,783.75,2.5,4597,1,Frequent Flyers
3056.0,0,1,1,1,1200.0,3,0.0,0.0,4363,0,Inactive Base
101901.0,0,1,2,1,17898.0,22,100.0,1.0,4433,0,Inactive Base
34182.0,0,1,1,1,0.0,0,0.0,0.0,3967,0,Inactive Base
7371.0,0,1,1,1,1375.0,4,0.0,0.0,4505,0,Inactive Base
178733.0,0,3,1,1,26465.0,22,783.75,2.5,4537,1,Frequent Flyers
87553.0,0,3,1,1,15681.0,14,0.0,0.0,4547,0,Bonus Accumulators
14614.0,0,1,1,1,2275.0,3,0.0,0.0,4567,1,Inactive Base
91259.0,0,5,1,1,57651.875,12,0.0,0.0,4531,0,Bonus Accumulators
23997.0,0,1,1,1,250.0,2,250.0,2.0,4204,0,Inactive Base
37202.0,0,1,1,1,15000.0,4,0.0,0.0,4511,0,Inactive Base
53232.0,0,4,1,1,57651.875,38,783.75,2.5,3831,1,Frequent Flyers
54594.0,0,3,1,1,14402.0,14,0.0,0.0,4233,0,Inactive Base
57474.0,0,2,1,1,5535.0,7,0.0,0.0,4364,0,Inactive Base
20111.0,0,1,1,1,5653.0,12,0.0,0.0,4468,1,Inactive Base
45950.0,0,4,1,1,38921.0,22,750.0,2.0,4302,1,Frequent Flyers
67948.0,0,1,1,1,2750.0,5,650.0,2.5,4226,1,Frequent Flyers
203211.125,0,4,1,1,43083.0,24,783.75,2.5,4440,0,Frequent Flyers
100649.0,0,1,1,1,4000.0,3,500.0,1.0,4457,1,Frequent Flyers
52713.0,0,3,1,1,16273.0,13,100.0,1.0,4449,0,Bonus Accumulators
186892.0,0,5,1,1,57651.875,13,500.0,1.0,3732,0,Bonus Accumulators
11690.0,0,3,1,1,17615.0,17,0.0,0.0,4417,1,Bonus Accumulators
144697.0,0,1,1,1,2000.0,1,0.0,0.0,4420,0,Inactive Base
75179.0,0,1,1,1,1015.0,2,0.0,0.0,4118,0,Inactive Base
19850.0,0,1,1,1,500.0,1,500.0,1.0,4376,1,Inactive Base
96154.0,0,1,1,1,7052.0,15,0.0,0.0,4433,0,Inactive Base
55778.0,0,1,1,1,6500.0,12,500.0,1.0,3704,0,Inactive Base
36227.0,0,2,1,1,7230.0,14,0.0,0.0,3736,0,Inactive Base
93848.0,0,1,1,1,1600.0,4,783.75,2.5,4475,0,Frequent Flyers
41153.0,0,4,1,1,28686.0,15,0.0,0.0,4404,0,Bonus Accumulators
20789.0,0,1,1,1,0.0,0,0.0,0.0,4279,0,Inactive Base
121992.0,0,1,1,1,3200.0,4,600.0,2.0,4257,0,Frequent Flyers
37911.0,0,1,1,1,2250.0,11,0.0,0.0,4385,0,Inactive Base
203211.125,0,4,1,1,41941.0,14,500.0,1.0,4266,0,Bonus Accumulators
41133.0,0,1,1,1,635.0,3,0.0,0.0,4419,1,Inactive Base
60864.0,0,3,1,1,23364.0,19,50.0,1.0,4436,1,Bonus Accumulators
90526.0,0,1,1,1,2000.0,9,0.0,0.0,4488,0,Inactive Base
15148.0,0,1,1,1,15148.0,3,0.0,0.0,269,0,Inactive Base
5393.0,0,1,1,1,0.0,0,0.0,0.0,4517,0,Inactive Base
434.0,0,1,1,1,15530.0,5,0.0,0.0,3628,1,Inactive Base
81055.0,0,3,1,1,14344.0,14,0.0,0.0,4610,0,Bonus Accumulators
31360.0,0,1,1,1,821.0,7,0.0,0.0,4488,0,Inactive Base
156885.0,0,4,1,1,38601.0,19,0.0,0.0,4534,1,Bonus Accumulators
4148.0,0,1,3,1,13504.0,18,0.0,0.0,4607,1,Inactive Base
63820.0,0,3,1,1,13981.0,15,0.0,0.0,4608,0,Bonus Accumulators
203211.125,0,1,1,1,19191.0,17,783.75,2.5,4608,1,Frequent Flyers
76659.0,0,1,1,1,0.0,0,0.0,0.0,4608,1,Inactive Base
40724.0,0,4,1,1,29481.0,14,0.0,0.0,4007,1,Bonus Accumulators
146173.0,0,3,1,1,13871.0,17,0.0,0.0,4414,1,Bonus Accumulators
26055.0,0,1,1,1,647.0,9,0.0,0.0,4464,0,Inactive Base
68.0,0,1,1,1,590.0,1,0.0,0.0,3937,0,Inactive Base
50001.0,0,1,1,1,4853.0,12,0.0,0.0,4023,0,Inactive Base
122506.0,0,3,1,1,21022.0,13,0.0,0.0,4408,1,Bonus Accumulators
126886.0,0,2,1,1,9120.0,17,0.0,0.0,4044,0,Inactive Base
42342.0,0,1,1,1,11408.0,23,783.75,2.5,4331,0,Frequent Flyers
58898.0,0,1,1,1,23050.0,15,50.0,1.0,4328,1,Bonus Accumulators
45735.0,0,1,1,1,10085.0,3,0.0,0.0,4239,0,Inactive Base
77225.0,0,4,1,1,30646.0,15,0.0,0.0,4282,0,Bonus Accumulators
59874.0,0,1,1,1,0.0,0,0.0,0.0,3986,1,Inactive Base
30868.0,0,1,1,1,405.0,3,0.0,0.0,4226,1,Inactive Base
34257.0,0,1,1,1,2010.0,4,0.0,0.0,4309,0,Inactive Base
42639.0,0,2,1,1,7366.0,12,0.0,0.0,4181,0,Inactive Base
771.0,0,1,1,1,40256.0,4,0.0,0.0,4203,1,Inactive Base
89708.0,0,1,1,1,8000.0,4,0.0,0.0,3173,0,Inactive Base
75892.0,0,2,1,1,8738.0,15,0.0,0.0,4160,1,Bonus Accumulators
140918.0,0,4,1,1,57651.875,32,0.0,0.0,3883,1,Bonus Accumulators
203211.125,0,4,1,1,39680.0,22,700.0,2.5,3355,0,Frequent Flyers
14426.0,0,1,1,1,0.0,0,0.0,0.0,4096,0,Inactive Base
29559.0,0,4,1,1,28969.0,16,0.0,0.0,4236,1,Bonus Accumulators
113113.0,0,3,1,1,10736.0,13,0.0,0.0,4307,0,Bonus Accumulators
73027.0,0,4,1,1,34002.0,19,0.0,0.0,4063,1,Bonus Accumulators
17386.0,0,1,1,1,0.0,0,0.0,0.0,3771,0,Inactive Base
9310.0,0,1,1,1,500.0,1,500.0,1.0,4272,0,Inactive Base
11023.0,0,1,1,1,0.0,0,0.0,0.0,4328,0,Inactive Base
55406.0,0,4,1,1,38118.0,18,500.0,1.0,4310,1,Bonus Accumulators
47638.0,0,1,1,1,0.0,0,0.0,0.0,3739,0,Inactive Base
30040.0,0,2,1,1,8636.0,8,500.0,1.0,3873,1,Frequent Flyers
24787.0,0,1,1,1,1000.0,1,0.0,0.0,3930,0,Inactive Base
40758.0,0,1,1,1,3500.0,4,783.75,2.0,4299,0,Frequent Flyers
726.0,0,1,1,1,0.0,0,0.0,0.0,4268,1,Inactive Base
40686.0,0,1,1,1,260.0,2,0.0,0.0,4177,0,Inactive Base
16626.0,0,1,1,1,2500.0,13,0.0,0.0,4329,0,Inactive Base
18944.0,0,1,1,1,300.0,3,300.0,2.5,3932,0,Inactive Base
114949.0,0,5,1,1,57651.875,24,600.0,2.0,4294,1,Frequent Flyers
32522.0,0,1,1,1,5971.0,4,471.0,2.0,4042,0,Inactive Base
86533.0,0,1,1,1,3700.0,4,700.0,2.0,3600,0,Frequent Flyers
166470.0,0,2,1,1,9574.0,16,0.0,0.0,4194,0,Bonus Accumulators
10797.0,0,1,1,1,0.0,0,0.0,0.0,3581,1,Inactive Base
131618.0,0,4,1,1,46473.0,16,0.0,0.0,4274,0,Bonus Accumulators
77523.0,0,1,1,1,11050.0,5,783.75,2.0,4274,1,Frequent Flyers
47905.0,0,3,1,1,14575.0,16,783.75,2.5,4245,1,Frequent Flyers
28695.0,0,1,1,1,0.0,0,0.0,0.0,4173,0,Inactive Base
15253.0,0,2,1,1,5427.0,8,0.0,0.0,4373,0,Inactive Base
193818.0,0,3,1,1,16327.0,13,0.0,0.0,3768,1,Bonus Accumulators
30556.0,0,1,1,1,950.0,5,550.0,2.5,4361,0,Frequent Flyers
22678.0,0,1,1,1,2125.0,7,0.0,0.0,4068,0,Inactive Base
89430.0,0,3,1,1,24314.0,18,0.0,0.0,1547,0,Bonus Accumulators
26522.0,0,3,1,1,18479.0,13,0.0,0.0,4358,1,Bonus Accumulators
59913.0,0,1,1,1,2210.0,5,150.0,1.0,3481,0,Inactive Base
16516.0,0,1,1,1,500.0,1,0.0,0.0,4275,0,Inactive Base
49050.0,0,3,1,1,18436.0,16,0.0,0.0,2426,0,Bonus Accumulators
27981.0,0,5,1,1,57651.875,17,0.0,0.0,2921,1,Bonus Accumulators
4939.0,0,1,1,1,1000.0,1,0.0,0.0,2515,1,Inactive Base
26077.0,0,1,1,1,6768.0,4,0.0,0.0,3487,1,Inactive Base
110893.0,0,1,1,1,4653.0,6,0.0,0.0,3645,0,Inactive Base
56455.0,0,1,1,1,6000.0,3,0.0,0.0,4218,0,Inactive Base
32699.0,0,1,1,1,1500.0,2,500.0,1.0,3167,0,Inactive Base
109790.0,0,1,1,1,16108.0,4,0.0,0.0,3123,0,Inactive Base
166681.0,0,5,1,1,57651.875,25,0.0,0.0,3287,1,Bonus Accumulators
145233.0,0,1,1,1,9366.0,5,783.75,2.5,2626,1,Frequent Flyers
1054.0,0,1,1,1,15147.0,3,0.0,0.0,3133,1,Inactive Base
27532.0,0,1,1,1,4639.0,13,0.0,0.0,3939,0,Inactive Base
62464.0,0,1,1,1,5675.0,16,500.0,1.0,3820,0,Inactive Base
4041.0,0,1,1,1,0.0,0,0.0,0.0,3344,0,Inactive Base
28138.0,0,1,1,1,6330.0,29,0.0,0.0,3847,1,Bonus Accumulators
33010.0,0,1,1,1,0.0,0,0.0,0.0,3915,0,Inactive Base
45687.0,0,1,1,1,45.0,2,0.0,0.0,2269,0,Inactive Base
12981.0,0,1,1,1,0.0,0,0.0,0.0,4246,1,Inactive Base
168246.0,0,1,1,1,4600.0,4,100.0,2.0,4103,1,Frequent Flyers
75505.0,0,4,1,1,30850.0,17,500.0,1.0,4007,0,Bonus Accumulators
55591.0,0,2,1,1,8817.0,13,0.0,0.0,3693,0,Inactive Base
37358.0,0,4,1,1,50488.0,19,0.0,0.0,3967,1,Bonus Accumulators
33803.0,0,1,1,1,6100.0,34,0.0,0.0,4079,0,Inactive Base
2500.0,0,1,1,1,2500.0,1,0.0,0.0,3717,0,Inactive Base
140527.0,0,1,1,1,3500.0,14,0.0,0.0,4023,0,Inactive Base
5360.0,0,1,1,1,0.0,0,0.0,0.0,4392,0,Inactive Base
124430.0,0,2,1,1,15523.0,17,783.75,2.5,4054,1,Frequent Flyers
203211.125,0,4,1,1,46771.0,14,0.0,0.0,4048,0,Bonus Accumulators
203211.125,0,3,1,1,13639.0,15,180.0,1.0,3984,0,Bonus Accumulators
53518.0,0,5,1,1,57651.875,30,400.0,1.0,3930,1,Bonus Accumulators
122545.0,0,1,1,1,269.0,4,250.0,1.0,3834,1,Inactive Base
192889.0,0,1,1,1,10500.0,5,0.0,0.0,4096,0,Inactive Base
203211.125,0,4,1,1,47286.0,19,783.75,2.5,3980,0,Frequent Flyers
37833.0,0,4,1,1,48172.0,15,500.0,1.0,3551,1,Bonus Accumulators
48256.0,0,1,1,1,9690.0,2,0.0,0.0,3979,0,Inactive Base
99704.0,0,2,1,1,15750.0,12,0.0,0.0,4106,0,Inactive Base
203211.125,0,1,1,1,4150.0,5,150.0,2.5,3599,0,Frequent Flyers
82497.0,0,1,1,1,0.0,0,0.0,0.0,3565,0,Inactive Base
15326.0,0,1,1,1,0.0,0,0.0,0.0,4140,0,Inactive Base
32619.0,0,1,1,1,1070.0,7,0.0,0.0,3846,0,Inactive Base
57017.0,0,1,1,1,2495.0,11,0.0,0.0,3854,0,Inactive Base
203211.125,0,4,1,1,29296.0,19,635.0,2.5,4189,0,Frequent Flyers
49375.0,0,3,1,1,23628.0,14,0.0,0.0,3797,0,Bonus Accumulators
25341.0,0,1,1,1,38.0,4,0.0,0.0,3995,1,Inactive Base
45150.0,0,3,1,1,18907.0,13,0.0,0.0,4141,0,Bonus Accumulators
187462.0,0,1,1,1,10500.0,5,500.0,2.5,3953,0,Frequent Flyers
19132.0,0,2,1,1,9124.0,17,0.0,0.0,3915,0,Inactive Base
196967.0,0,3,1,1,38490.0,37,783.75,2.5,4008,1,Frequent Flyers
13040.0,0,1,1,1,500.0,1,0.0,0.0,3972,0,Inactive Base
184301.0,0,1,1,1,6454.0,13,783.75,2.5,4010,0,Frequent Flyers
36294.0,0,1,1,1,0.0,0,0.0,0.0,3956,0,Inactive Base
89840.0,0,2,1,1,7048.0,14,0.0,0.0,3819,0,Inactive Base
6914.0,0,1,1,1,1500.0,1,0.0,0.0,3915,1,Inactive Base
28493.0,0,3,1,1,21845.0,22,300.0,1.0,3932,1,Bonus Accumulators
111793.0,0,1,1,1,500.0,1,0.0,0.0,4057,0,Inactive Base
18700.0,0,1,1,1,870.0,2,0.0,0.0,3995,0,Inactive Base
53957.0,0,1,1,1,7000.0,4,500.0,1.0,4133,0,Inactive Base
135770.0,0,1,1,1,4700.0,5,200.0,2.5,4215,1,Frequent Flyers
189784.0,0,4,1,1,35464.0,18,783.75,2.5,4190,1,Frequent Flyers
60076.0,0,4,1,1,45582.0,9,0.0,0.0,3935,0,Bonus Accumulators
3522.0,0,1,1,1,3522.0,4,0.0,0.0,3916,0,Inactive Base
36736.0,0,1,1,1,0.0,0,0.0,0.0,4134,0,Inactive Base
100634.0,0,1,3,1,57651.875,28,783.75,2.5,4193,1,Frequent Flyers
88918.0,0,2,1,1,5537.0,14,0.0,0.0,4180,1,Bonus Accumulators
203211.125,0,1,1,1,25039.0,16,500.0,1.0,4173,0,Frequent Flyers
37948.0,0,3,1,1,19213.0,38,0.0,0.0,3914,1,Bonus Accumulators
81552.0,0,2,1,1,7703.0,8,0.0,0.0,3855,0,Inactive Base
118067.0,0,2,1,1,8715.0,12,0.0,0.0,3718,1,Bonus Accumulators
203211.125,0,4,1,1,29968.0,14,500.0,1.0,3869,0,Bonus Accumulators
135488.0,0,5,1,1,57651.875,16,0.0,0.0,4117,1,Bonus Accumulators
68243.0,0,2,1,1,10012.0,22,783.75,2.5,3888,0,Frequent Flyers
56693.0,0,2,1,1,20454.0,11,0.0,0.0,3893,1,Bonus Accumulators
194875.0,0,1,1,1,7550.0,6,783.75,2.5,3831,1,Frequent Flyers
203211.125,0,4,1,1,28447.0,17,0.0,0.0,3848,0,Bonus Accumulators
35425.0,0,1,1,1,4125.0,19,0.0,0.0,3834,0,Inactive Base
161579.0,0,1,1,1,7688.0,21,783.75,2.5,3811,0,Frequent Flyers
11314.0,0,1,1,1,741.0,4,0.0,0.0,3845,1,Inactive Base
119531.0,0,5,1,1,57651.875,38,250.0,1.0,4002,0,Bonus Accumulators
48433.0,0,1,1,1,4300.0,5,783.75,2.5,3673,1,Frequent Flyers
10872.0,0,1,1,1,4500.0,27,0.0,0.0,3882,0,Inactive Base
109268.0,0,2,1,1,7401.0,17,750.0,1.0,4034,0,Frequent Flyers
105160.0,0,3,1,1,20458.0,21,0.0,0.0,3732,0,Bonus Accumulators
90919.0,0,4,1,1,44430.0,17,0.0,0.0,3739,1,Bonus Accumulators
50230.0,0,1,1,1,4149.0,9,783.75,2.5,3727,1,Frequent Flyers
74538.0,0,3,1,1,18835.0,21,0.0,0.0,2726,0,Bonus Accumulators
4606.0,0,1,1,1,4320.0,6,0.0,0.0,3501,1,Inactive Base
61617.0,0,2,1,1,23495.0,13,0.0,0.0,3972,0,Inactive Base
15275.0,0,1,1,1,75.0,2,0.0,0.0,2761,0,Inactive Base
112891.0,0,1,1,1,500.0,1,500.0,1.0,3909,0,Inactive Base
41176.0,0,1,1,1,7624.0,7,783.75,2.5,3729,1,Frequent Flyers
81251.0,0,1,1,1,19500.0,6,0.0,0.0,3958,1,Inactive Base
18142.0,0,1,1,1,220.0,4,0.0,0.0,3638,0,Inactive Base
16200.0,0,4,1,1,40455.0,17,0.0,0.0,3840,1,Bonus Accumulators
8913.0,0,1,1,1,2050.0,10,50.0,1.0,3630,0,Inactive Base
14372.0,0,2,1,1,9042.0,13,0.0,0.0,3557,1,Inactive Base
77965.0,0,4,1,1,41126.0,33,783.75,2.5,3120,1,Frequent Flyers
12271.0,0,2,1,1,7684.0,15,783.75,2.0,4219,0,Frequent Flyers
49874.0,0,4,1,1,39976.0,13,0.0,0.0,4293,1,Bonus Accumulators
35445.0,0,1,1,1,3379.0,9,0.0,0.0,4198,1,Inactive Base
91755.0,0,1,1,1,5026.0,8,751.0,2.5,2676,0,Frequent Flyers
33753.0,0,3,1,1,14961.0,14,500.0,1.0,3335,1,Frequent Flyers
53750.0,0,3,1,1,23135.0,14,0.0,0.0,3736,0,Bonus Accumulators
110132.0,0,1,1,1,19000.0,5,0.0,0.0,3271,1,Inactive Base
12221.0,0,1,1,1,511.0,4,0.0,0.0,3692,0,Inactive Base
65519.0,0,1,1,1,0.0,0,0.0,0.0,4150,0,Inactive Base
47291.0,0,1,1,1,1350.0,4,350.0,2.5,2336,1,Frequent Flyers
124564.0,0,3,1,1,11026.0,13,0.0,0.0,3840,0,Bonus Accumulators
24111.0,0,2,1,1,9374.0,16,0.0,0.0,3802,1,Inactive Base
35801.0,0,1,1,1,3337.0,13,0.0,0.0,3743,1,Inactive Base
150972.0,0,1,1,1,2700.0,3,700.0,2.0,3645,1,Frequent Flyers
203211.125,0,1,1,1,14125.0,12,783.75,2.5,3683,1,Frequent Flyers
47090.0,0,1,1,1,0.0,0,0.0,0.0,3726,0,Inactive Base
1300.0,0,1,1,1,454.0,11,0.0,0.0,3691,1,Inactive Base
109103.0,0,1,1,1,19600.0,27,783.75,2.5,3739,1,Frequent Flyers
101057.0,0,1,1,1,13650.0,11,783.75,2.5,3600,1,Frequent Flyers
20900.0,0,1,1,1,1000.0,1,0.0,0.0,3685,0,Inactive Base
46607.0,0,1,1,1,0.0,0,0.0,0.0,3727,0,Inactive Base
33017.0,0,1,1,1,1069.0,7,250.0,1.0,3814,0,Inactive Base
30729.0,0,3,1,1,16456.0,15,0.0,0.0,3795,1,Bonus Accumulators
35546.0,0,1,1,1,3376.0,10,0.0,0.0,3739,0,Inactive Base
7845.0,0,1,1,1,265.0,3,0.0,0.0,3508,0,Inactive Base
25788.0,0,1,1,1,4650.0,13,783.75,2.5,3687,1,Frequent Flyers
13543.0,0,1,1,1,1443.0,7,423.0,2.0,3811,1,Frequent Flyers
16618.0,0,1,1,1,897.0,5,0.0,0.0,3620,0,Inactive Base
11548.0,0,1,1,1,1634.0,7,0.0,0.0,3837,0,Inactive Base
22181.0,0,1,1,1,6245.0,15,0.0,0.0,3656,0,Inactive Base
203211.125,0,4,1,1,29039.0,17,0.0,0.0,3721,0,Bonus Accumulators
25080.0,0,1,1,1,2060.0,12,0.0,0.0,3795,0,Inactive Base
17964.0,0,1,1,1,5030.0,23,0.0,0.0,3783,1,Inactive Base
155385.0,0,3,1,1,15267.0,12,0.0,0.0,3624,0,Bonus Accumulators
3977.0,0,1,1,1,0.0,0,0.0,0.0,3593,0,Inactive Base
14620.0,0,1,1,1,0.0,0,0.0,0.0,2833,0,Inactive Base
46882.0,0,1,1,1,0.0,0,0.0,0.0,3701,0,Inactive Base
3350.0,0,1,1,1,65.0,3,0.0,0.0,3540,0,Inactive Base
3049.0,0,1,1,1,0.0,0,0.0,0.0,3613,0,Inactive Base
32377.0,0,1,1,1,250.0,2,250.0,2.0,3515,0,Inactive Base
9396.0,0,1,1,1,860.0,5,350.0,2.0,3588,1,Frequent Flyers
102669.0,0,2,1,1,6760.0,14,306.0,2.0,3265,1,Frequent Flyers
26745.0,0,1,1,1,17547.0,9,0.0,0.0,3664,1,Inactive Base
120576.0,0,4,1,1,36635.0,14,0.0,0.0,3823,1,Bonus Accumulators
7658.0,0,1,1,1,300.0,1,0.0,0.0,3231,0,Inactive Base
11136.0,0,1,1,1,100.0,1,0.0,0.0,3571,1,Inactive Base
168778.0,0,5,1,1,57060.0,20,500.0,1.0,3326,0,Bonus Accumulators
124979.0,0,3,1,1,14267.0,14,0.0,0.0,3720,0,Bonus Accumulators
35659.0,0,1,1,1,1102.0,9,0.0,0.0,3533,0,Inactive Base
55996.0,0,3,1,1,12165.0,14,0.0,0.0,3582,0,Inactive Base
65904.0,0,4,1,1,47224.0,35,783.75,2.5,3655,1,Frequent Flyers
125679.0,0,3,1,4,57651.875,27,650.0,1.0,3683,0,Bonus Accumulators
203211.125,0,5,1,1,56685.0,16,0.0,0.0,3476,0,Bonus Accumulators
64414.0,0,1,1,1,1952.0,12,0.0,0.0,2395,0,Inactive Base
34204.0,0,1,1,1,16862.0,9,783.75,2.5,3596,1,Frequent Flyers
22384.0,0,1,1,1,0.0,0,0.0,0.0,3676,0,Inactive Base
13381.0,0,1,1,1,1150.0,2,150.0,1.0,3312,0,Inactive Base
10959.0,0,1,1,1,500.0,1,0.0,0.0,3469,1,Inactive Base
28607.0,0,1,1,1,5943.0,5,0.0,0.0,2895,0,Inactive Base
30686.0,0,1,1,1,6161.0,2,0.0,0.0,3596,0,Inactive Base
8260.0,0,1,1,1,700.0,2,0.0,0.0,3673,0,Inactive Base
61584.0,0,4,1,1,27937.0,14,0.0,0.0,3783,0,Bonus Accumulators
141594.0,0,2,1,1,30565.0,16,0.0,0.0,3776,0,Bonus Accumulators
114549.0,0,1,1,1,5000.0,4,783.75,2.0,3760,1,Frequent Flyers
64153.0,0,3,1,1,23563.0,19,0.0,0.0,3575,1,Bonus Accumulators
10000.0,0,1,1,1,790.0,3,0.0,0.0,3564,0,Inactive Base
21839.0,0,1,1,1,853.0,3,119.0,1.0,3638,1,Inactive Base
182704.0,0,1,1,1,5850.0,12,783.75,2.5,3820,1,Frequent Flyers
92551.0,0,3,1,1,13755.0,13,500.0,1.0,3895,0,Frequent Flyers
49353.0,0,4,1,1,34656.0,14,0.0,0.0,3540,1,Bonus Accumulators
21843.0,0,1,1,1,1411.0,9,0.0,0.0,3177,1,Inactive Base
34072.0,0,1,1,1,500.0,1,0.0,0.0,3879,0,Inactive Base
72962.0,0,4,1,1,28055.0,16,0.0,0.0,3869,1,Bonus Accumulators
99502.0,0,3,1,1,19678.0,28,600.0,2.0,4182,0,Frequent Flyers
13250.0,0,3,1,1,17778.0,14,0.0,0.0,3861,1,Bonus Accumulators
98232.0,0,5,1,1,56687.0,14,500.0,1.0,3867,0,Bonus Accumulators
98895.0,0,4,1,1,57651.875,17,500.0,1.0,3854,1,Bonus Accumulators
119340.0,0,1,1,1,400.0,5,400.0,2.5,3855,1,Frequent Flyers
30171.0,0,1,3,1,15370.0,13,0.0,0.0,3853,0,Inactive Base
105957.0,0,1,1,1,4881.0,12,0.0,0.0,3859,0,Inactive Base
22548.0,0,1,1,1,3225.0,9,0.0,0.0,3852,0,Inactive Base
89761.0,0,3,1,1,11965.0,13,0.0,0.0,3845,1,Bonus Accumulators
65263.0,0,1,1,1,22500.0,4,0.0,0.0,3844,0,Inactive Base
128456.0,0,5,1,3,57651.875,28,0.0,0.0,3764,0,Bonus Accumulators
35203.0,0,1,1,1,1800.0,16,783.75,2.5,3832,0,Frequent Flyers
62023.0,0,1,1,1,750.0,4,550.0,1.0,3819,0,Inactive Base
44197.0,0,1,1,1,2500.0,1,0.0,0.0,3831,0,Inactive Base
104245.0,0,4,1,1,45589.0,14,0.0,0.0,3810,0,Bonus Accumulators
203211.125,0,4,1,1,43392.0,17,500.0,1.0,3818,0,Bonus Accumulators
85496.0,0,1,1,1,2799.0,7,783.75,2.5,3820,0,Frequent Flyers
49874.0,0,1,1,1,7200.0,9,783.75,2.5,3817,1,Frequent Flyers
109649.0,0,3,1,1,22136.0,13,0.0,0.0,3812,0,Bonus Accumulators
34379.0,0,3,1,1,13051.0,20,150.0,1.0,3805,1,Bonus Accumulators
56688.0,0,1,1,1,3550.0,10,783.75,2.5,3812,1,Frequent Flyers
48970.0,0,4,1,1,30872.0,14,0.0,0.0,3817,1,Bonus Accumulators
70789.0,0,5,1,1,57651.875,29,150.0,1.0,3810,1,Bonus Accumulators
24277.0,0,2,1,1,5330.0,5,0.0,0.0,3796,0,Inactive Base
20308.0,0,3,1,1,19526.0,13,0.0,0.0,3797,1,Bonus Accumulators
111041.0,0,3,1,1,10252.0,12,0.0,0.0,3875,0,Bonus Accumulators
27904.0,0,2,1,1,6622.0,17,0.0,0.0,3793,0,Inactive Base
128620.0,0,2,1,1,7747.0,12,0.0,0.0,3789,0,Inactive Base
65340.0,0,3,1,1,33795.0,11,500.0,1.0,3775,1,Frequent Flyers
27135.0,0,1,1,1,4908.0,11,0.0,0.0,3783,0,Inactive Base
32898.0,0,1,1,1,1000.0,1,0.0,0.0,3777,0,Inactive Base
196922.0,0,4,1,1,40170.0,18,0.0,0.0,3755,0,Bonus Accumulators
196175.0,0,4,1,1,33886.0,13,0.0,0.0,3775,0,Bonus Accumulators
11457.0,0,1,1,1,705.0,3,0.0,0.0,3767,0,Inactive Base
175344.0,0,4,1,1,40152.0,19,0.0,0.0,3770,0,Bonus Accumulators
5154.0,0,5,1,1,54657.0,28,0.0,0.0,3769,1,Bonus Accumulators
13232.0,0,1,1,1,8668.0,16,0.0,0.0,3753,1,Inactive Base
88232.0,0,1,1,1,11550.0,5,550.0,2.5,3729,1,Frequent Flyers
75526.0,0,4,1,1,46421.0,14,0.0,0.0,3712,1,Bonus Accumulators
53935.0,0,1,1,1,0.0,0,0.0,0.0,3743,0,Inactive Base
18402.0,0,1,1,1,0.0,0,0.0,0.0,3746,0,Inactive Base
24784.0,0,1,1,1,100.0,1,0.0,0.0,3729,0,Inactive Base
62903.0,0,3,1,1,16434.0,13,0.0,0.0,3732,0,Bonus Accumulators
80272.0,0,4,1,1,34744.0,14,550.0,2.0,3728,1,Frequent Flyers
10458.0,0,1,2,1,10458.0,12,0.0,0.0,3726,0,Inactive Base
188184.0,0,4,1,1,32170.0,13,0.0,0.0,3707,1,Bonus Accumulators
83524.0,0,4,1,1,43152.0,18,0.0,0.0,3694,0,Bonus Accumulators
10794.0,0,1,1,1,0.0,0,0.0,0.0,3712,0,Inactive Base
49807.0,0,2,1,1,6393.0,20,0.0,0.0,3718,0,Inactive Base
18266.0,0,3,1,1,12254.0,15,0.0,0.0,3713,1,Bonus Accumulators
87851.0,0,4,1,1,28969.0,17,0.0,0.0,4026,0,Bonus Accumulators
32991.0,0,1,1,1,1230.0,6,0.0,0.0,3693,0,Inactive Base
28677.0,0,1,1,1,215.0,3,0.0,0.0,3699,0,Inactive Base
103809.0,0,3,1,1,16776.0,14,0.0,0.0,3699,0,Bonus Accumulators
417.0,0,1,1,1,3000.0,1,0.0,0.0,3670,1,Inactive Base
8859.0,0,3,1,1,11998.0,13,0.0,0.0,3690,1,Bonus Accumulators
26896.0,0,1,1,1,5364.0,15,0.0,0.0,3685,0,Inactive Base
16986.0,0,1,1,1,0.0,0,0.0,0.0,3676,0,Inactive Base
25530.0,0,3,1,1,25131.0,17,0.0,0.0,3677,1,Bonus Accumulators
77067.0,0,4,1,1,40129.0,15,0.0,0.0,3671,0,Bonus Accumulators
6350.0,0,1,1,1,0.0,0,0.0,0.0,3657,0,Inactive Base
76118.0,0,5,1,1,57651.875,38,783.75,2.0,3621,1,Frequent Flyers
40420.0,0,2,1,1,8649.0,14,0.0,0.0,3651,0,Inactive Base
30178.0,0,3,1,1,14422.0,15,0.0,0.0,3656,1,Bonus Accumulators
15088.0,0,1,1,1,0.0,0,0.0,0.0,3650,0,Inactive Base
138020.0,0,3,1,1,16449.0,17,500.0,1.0,3637,1,Frequent Flyers
27310.0,0,3,1,1,15537.0,16,500.0,1.0,3623,1,Frequent Flyers
109131.0,0,3,1,1,17481.0,17,150.0,1.0,3622,0,Bonus Accumulators
35356.0,0,3,1,1,18520.0,15,300.0,1.0,3637,1,Bonus Accumulators
33466.0,0,1,1,1,355.0,3,0.0,0.0,3592,0,Inactive Base
203211.125,0,4,1,1,50988.0,26,783.75,2.5,3630,0,Frequent Flyers
42107.0,0,1,1,1,3600.0,4,783.75,2.0,3607,1,Frequent Flyers
74796.0,0,3,1,1,19710.0,15,400.0,1.0,3616,1,Frequent Flyers
26129.0,0,3,1,1,20265.0,17,0.0,0.0,3629,1,Bonus Accumulators
30893.0,0,1,1,1,0.0,0,0.0,0.0,3623,0,Inactive Base
9445.0,0,1,1,1,1000.0,2,783.75,2.0,3613,0,Frequent Flyers
52965.0,0,1,1,1,500.0,1,0.0,0.0,3606,0,Inactive Base
19516.0,0,3,1,1,17696.0,16,0.0,0.0,3593,1,Bonus Accumulators
106378.0,0,4,1,1,56007.0,14,0.0,0.0,3607,0,Bonus Accumulators
22201.0,0,4,1,1,51278.0,16,350.0,1.0,3602,1,Bonus Accumulators
73378.0,0,3,1,1,13607.0,14,0.0,0.0,3599,0,Bonus Accumulators
50193.0,0,1,1,1,12263.0,3,0.0,0.0,3596,0,Inactive Base
165144.0,0,3,1,1,24156.0,14,0.0,0.0,3581,0,Bonus Accumulators
53556.0,0,1,1,1,0.0,0,0.0,0.0,3575,0,Inactive Base
18387.0,0,4,1,1,40560.0,19,783.75,2.0,3588,1,Frequent Flyers
28577.0,0,4,1,1,48564.0,14,0.0,0.0,3586,1,Bonus Accumulators
55417.0,0,4,1,1,37127.0,31,0.0,0.0,3575,0,Bonus Accumulators
142244.0,0,3,1,1,12325.0,13,0.0,0.0,3578,0,Bonus Accumulators
23139.0,0,2,1,1,8156.0,14,0.0,0.0,3578,0,Inactive Base
146232.0,0,5,1,1,57651.875,19,375.0,1.0,3566,1,Bonus Accumulators
35323.0,0,1,1,1,1875.0,8,0.0,0.0,3553,0,Inactive Base
108081.0,0,5,1,5,57651.875,24,0.0,0.0,3567,1,Bonus Accumulators
1021.0,0,1,1,1,100.0,1,0.0,0.0,3553,0,Inactive Base
120345.0,0,4,1,1,38323.0,17,650.0,2.0,3544,1,Frequent Flyers
11593.0,0,2,1,1,9055.0,16,0.0,0.0,3558,1,Inactive Base
68180.0,0,1,1,1,2044.0,9,0.0,0.0,3550,0,Inactive Base
26605.0,0,1,1,1,3704.0,11,0.0,0.0,3543,0,Inactive Base
17920.0,0,1,1,1,3250.0,18,0.0,0.0,3546,0,Inactive Base
85156.0,0,1,1,1,133.0,5,0.0,0.0,3550,0,Inactive Base
9005.0,0,1,1,1,520.0,1,0.0,0.0,3531,0,Inactive Base
55404.0,0,2,1,1,10613.0,15,500.0,1.0,3531,1,Frequent Flyers
42584.0,0,1,1,1,841.0,6,0.0,0.0,3526,0,Inactive Base
92843.0,0,1,1,1,27650.0,29,783.75,2.5,3530,1,Frequent Flyers
51082.0,0,4,1,1,40878.0,13,0.0,0.0,3524,1,Bonus Accumulators
18727.0,0,1,1,1,0.0,0,0.0,0.0,3524,0,Inactive Base
203211.125,0,4,1,1,43162.0,19,0.0,0.0,3518,0,Bonus Accumulators
48806.0,0,1,1,1,12600.0,10,783.75,2.5,3502,1,Frequent Flyers
15610.0,0,1,1,1,0.0,0,0.0,0.0,3508,0,Inactive Base
46876.0,0,1,1,1,9680.0,7,0.0,0.0,3498,1,Inactive Base
14075.0,0,1,1,1,4286.0,15,0.0,0.0,3513,0,Inactive Base
59895.0,0,1,1,1,10500.0,4,0.0,0.0,3497,1,Inactive Base
25936.0,0,1,1,1,0.0,0,0.0,0.0,3495,0,Inactive Base
134318.0,0,1,1,1,333.0,3,258.0,1.0,3488,0,Inactive Base
32807.0,0,1,1,1,17259.0,4,0.0,0.0,3482,0,Inactive Base
38591.0,0,2,1,1,11039.0,18,0.0,0.0,3488,1,Bonus Accumulators
48958.0,0,3,1,1,24430.0,5,0.0,0.0,3483,0,Inactive Base
10710.0,0,1,1,1,1000.0,1,0.0,0.0,3460,0,Inactive Base
60349.0,0,2,1,1,10350.0,18,0.0,0.0,3468,1,Bonus Accumulators
9453.0,0,1,1,1,2585.0,5,0.0,0.0,3463,0,Inactive Base
60867.0,0,4,1,1,41345.0,18,0.0,0.0,3454,0,Bonus Accumulators
27590.0,0,1,1,1,100.0,1,0.0,0.0,3455,0,Inactive Base
100069.0,0,3,1,1,18745.0,13,0.0,0.0,3454,0,Bonus Accumulators
27820.0,0,1,1,1,3005.0,11,0.0,0.0,3454,0,Inactive Base
20503.0,0,1,1,1,520.0,3,0.0,0.0,3445,0,Inactive Base
137371.0,0,1,1,1,4977.0,6,783.75,2.5,3447,0,Frequent Flyers
12950.0,0,2,1,1,12798.0,18,195.0,1.0,3432,1,Bonus Accumulators
25207.0,0,2,1,1,6883.0,13,0.0,0.0,3440,1,Inactive Base
17088.0,0,1,1,1,0.0,0,0.0,0.0,3510,0,Inactive Base
24100.0,0,3,1,1,26674.0,23,783.75,2.5,3421,1,Frequent Flyers
101632.0,0,4,1,1,48658.0,14,0.0,0.0,3432,1,Bonus Accumulators
203211.125,0,3,1,1,21274.0,18,0.0,0.0,3419,1,Bonus Accumulators
45257.0,0,1,1,1,3625.0,7,0.0,0.0,3417,0,Inactive Base
626.0,0,1,1,1,626.0,1,0.0,0.0,3393,0,Inactive Base
18272.0,0,1,1,1,2920.0,5,0.0,0.0,3405,0,Inactive Base
10756.0,0,1,1,1,1375.0,4,0.0,0.0,3104,0,Inactive Base
161281.0,0,1,1,1,6321.0,8,175.0,1.0,3399,0,Inactive Base
75680.0,0,3,1,1,23159.0,14,0.0,0.0,3397,0,Bonus Accumulators
59839.0,0,3,1,1,26962.0,18,0.0,0.0,3404,0,Bonus Accumulators
201259.0,0,4,1,1,40755.0,34,0.0,0.0,3398,1,Bonus Accumulators
101772.0,0,3,1,1,26480.0,17,783.75,2.0,3396,1,Frequent Flyers
190674.0,0,5,1,1,57651.875,33,783.75,2.5,3396,1,Frequent Flyers
1452.0,0,1,1,1,2375.0,5,0.0,0.0,3396,1,Inactive Base
30902.0,0,1,1,1,4175.0,12,50.0,1.0,3384,0,Inactive Base
65458.0,0,3,1,1,28356.0,24,783.75,2.5,3382,1,Frequent Flyers
114067.0,0,4,1,1,42569.0,23,0.0,0.0,3336,0,Bonus Accumulators
93371.0,0,4,1,1,55338.0,20,0.0,0.0,3382,0,Bonus Accumulators
20207.0,0,1,1,1,3033.0,12,0.0,0.0,3370,0,Inactive Base
41040.0,0,5,1,1,57651.875,14,200.0,2.0,3372,1,Bonus Accumulators
41062.0,0,1,2,1,8275.0,11,0.0,0.0,3356,0,Inactive Base
203211.125,0,4,1,1,42007.0,23,0.0,0.0,3369,0,Bonus Accumulators
81087.0,0,3,1,1,18971.0,12,0.0,0.0,3362,0,Bonus Accumulators
14336.0,0,1,1,1,0.0,0,0.0,0.0,3349,0,Inactive Base
29929.0,0,3,1,1,18032.0,17,150.0,1.0,3344,1,Bonus Accumulators
121390.0,0,1,1,1,8500.0,4,0.0,0.0,3342,0,Inactive Base
23226.0,0,1,1,1,2236.0,2,0.0,0.0,3343,1,Inactive Base
203211.125,0,3,1,1,45907.0,22,500.0,1.0,3347,1,Bonus Accumulators
68012.0,0,1,1,1,247.0,3,0.0,0.0,3342,0,Inactive Base
23589.0,0,1,1,1,0.0,0,0.0,0.0,3336,0,Inactive Base
35033.0,0,1,1,1,1000.0,1,0.0,0.0,2913,0,Inactive Base
19860.0,0,1,1,1,1500.0,5,0.0,0.0,3281,0,Inactive Base
49588.0,0,1,1,1,4960.0,14,100.0,1.0,3299,0,Inactive Base
111442.0,0,4,1,1,30368.0,19,0.0,0.0,3392,1,Bonus Accumulators
87402.0,0,4,1,1,41685.0,21,0.0,0.0,3306,0,Bonus Accumulators
21875.0,0,3,1,1,12398.0,15,0.0,0.0,3299,1,Bonus Accumulators
71459.0,0,4,1,1,36608.0,28,783.75,2.5,3312,0,Frequent Flyers
34049.0,0,1,1,1,2030.0,8,0.0,0.0,3306,1,Inactive Base
39759.0,0,1,1,1,100.0,1,100.0,1.0,3278,1,Inactive Base
64138.0,0,3,1,1,22089.0,19,0.0,0.0,3257,0,Bonus Accumulators
83811.0,0,4,1,1,25936.0,15,500.0,1.0,3281,1,Bonus Accumulators
51864.0,0,2,1,1,6795.0,13,0.0,0.0,3279,0,Inactive Base
168886.0,0,5,1,1,57651.875,21,200.0,1.0,3285,1,Bonus Accumulators
51730.0,0,1,1,1,2875.0,16,0.0,0.0,3264,0,Inactive Base
118141.0,0,4,1,1,46521.0,11,0.0,0.0,3259,1,Bonus Accumulators
76060.0,0,4,1,1,33424.0,30,0.0,0.0,3263,1,Bonus Accumulators
25316.0,0,1,1,1,0.0,0,0.0,0.0,3258,0,Inactive Base
16859.0,0,4,1,1,57651.875,38,783.75,2.5,3266,1,Frequent Flyers
42236.0,0,1,1,1,8639.0,10,783.75,2.5,3259,0,Frequent Flyers
3446.0,0,1,1,1,0.0,0,0.0,0.0,3245,0,Inactive Base
26119.0,0,1,1,1,3189.0,6,0.0,0.0,3257,0,Inactive Base
136732.0,0,5,1,1,57651.875,20,0.0,0.0,3252,1,Bonus Accumulators
14554.0,0,1,1,1,0.0,0,0.0,0.0,3237,0,Inactive Base
165203.0,0,4,1,1,36666.0,20,0.0,0.0,3239,1,Bonus Accumulators
76513.0,0,4,1,1,45265.0,16,0.0,0.0,3235,1,Bonus Accumulators
137076.0,0,5,1,1,57651.875,24,783.75,2.5,3225,1,Frequent Flyers
11952.0,0,1,1,1,0.0,0,0.0,0.0,3244,0,Inactive Base
44742.0,0,1,1,1,2500.0,1,0.0,0.0,3217,1,Inactive Base
94022.0,0,1,1,1,2585.0,14,0.0,0.0,3222,0,Inactive Base
29287.0,0,1,1,1,0.0,0,0.0,0.0,3216,0,Inactive Base
199273.0,0,5,1,1,57651.875,14,0.0,0.0,3217,0,Bonus Accumulators
114868.0,0,4,1,1,45996.0,22,0.0,0.0,3204,0,Bonus Accumulators
37335.0,0,3,1,1,19507.0,17,0.0,0.0,3202,1,Bonus Accumulators
45522.0,0,3,1,1,10728.0,13,0.0,0.0,3197,0,Inactive Base
66524.0,0,4,1,1,34682.0,23,0.0,0.0,3188,0,Bonus Accumulators
38411.0,0,1,1,1,500.0,1,500.0,1.0,3190,0,Inactive Base
38137.0,0,1,1,1,11050.0,3,50.0,1.0,3182,1,Inactive Base
22077.0,0,1,1,1,1385.0,4,0.0,0.0,3187,0,Inactive Base
65784.0,0,1,1,1,10953.0,38,0.0,0.0,3169,1,Bonus Accumulators
95916.0,0,3,1,1,11845.0,11,0.0,0.0,3182,0,Inactive Base
122164.0,0,2,1,1,9944.0,16,0.0,0.0,3182,0,Inactive Base
203211.125,0,4,1,1,57651.875,19,650.0,2.0,3173,1,Frequent Flyers
200089.0,0,5,1,1,57651.875,21,300.0,2.0,3166,0,Bonus Accumulators
161453.0,0,3,1,1,38956.0,38,0.0,0.0,3158,0,Bonus Accumulators
135568.0,0,4,1,1,40051.0,21,0.0,0.0,3166,0,Bonus Accumulators
98339.0,0,3,1,1,16336.0,13,0.0,0.0,3145,0,Bonus Accumulators
26103.0,0,3,1,1,13692.0,18,0.0,0.0,3151,1,Bonus Accumulators
11133.0,0,1,1,1,0.0,0,0.0,0.0,3147,0,Inactive Base
7011.0,0,3,1,1,19791.0,16,0.0,0.0,3152,1,Bonus Accumulators
177232.0,0,3,1,1,14787.0,13,0.0,0.0,3137,0,Bonus Accumulators
29298.0,0,3,1,1,24656.0,13,0.0,0.0,3141,1,Bonus Accumulators
35304.0,0,4,1,1,30532.0,13,0.0,0.0,3131,1,Bonus Accumulators
14952.0,0,1,1,1,250.0,1,250.0,1.0,3099,0,Inactive Base
163315.0,0,1,1,1,8035.0,29,0.0,0.0,3120,0,Bonus Accumulators
23649.0,0,1,1,1,3250.0,16,0.0,0.0,3176,0,Inactive Base
4460.0,0,1,1,1,4741.0,14,783.75,1.0,3113,1,Frequent Flyers
169794.0,0,3,1,1,22824.0,19,767.0,2.0,3119,0,Frequent Flyers
23781.0,0,1,1,1,50.0,1,50.0,1.0,3085,0,Inactive Base
203211.125,0,5,1,1,57651.875,23,0.0,0.0,3082,1,Bonus Accumulators
34942.0,0,3,1,1,19016.0,13,0.0,0.0,3089,1,Bonus Accumulators
5970.0,0,1,1,1,1000.0,1,0.0,0.0,3091,0,Inactive Base
192246.0,0,1,1,1,3170.0,5,500.0,1.0,3083,1,Frequent Flyers
34103.0,0,3,1,1,34630.0,16,0.0,0.0,3115,1,Bonus Accumulators
142152.0,0,3,1,1,19464.0,13,0.0,0.0,3088,0,Bonus Accumulators
12713.0,0,1,1,1,0.0,0,0.0,0.0,3077,0,Inactive Base
28848.0,0,1,1,1,0.0,0,0.0,0.0,3069,0,Inactive Base
10940.0,0,1,1,1,0.0,0,0.0,0.0,3062,0,Inactive Base
24372.0,0,1,1,1,255.0,1,255.0,1.0,3064,0,Inactive Base
29005.0,0,1,1,1,90.0,3,0.0,0.0,3060,1,Inactive Base
203211.125,0,5,1,1,57130.0,15,0.0,0.0,3069,0,Bonus Accumulators
30062.0,0,1,1,1,7373.0,10,783.75,2.5,3057,1,Frequent Flyers
13117.0,0,1,1,1,1972.0,3,0.0,0.0,3027,0,Inactive Base
86341.0,0,3,1,1,20991.0,16,0.0,0.0,3053,1,Bonus Accumulators
142810.0,0,1,1,1,8000.0,4,0.0,0.0,3049,1,Inactive Base
8399.0,0,3,1,1,21136.0,13,0.0,0.0,3052,1,Bonus Accumulators
120622.0,0,4,1,1,25675.0,14,500.0,1.0,3040,0,Bonus Accumulators
86150.0,0,1,1,1,7600.0,34,100.0,1.0,3011,0,Bonus Accumulators
14079.0,0,2,1,1,6503.0,16,0.0,0.0,2999,1,Inactive Base
10036.0,0,3,1,1,13959.0,16,0.0,0.0,3030,1,Bonus Accumulators
80737.0,0,1,1,1,2845.0,5,150.0,1.0,3028,1,Inactive Base
25435.0,0,1,1,1,7147.0,32,0.0,0.0,3027,0,Inactive Base
203211.125,0,1,1,1,1700.0,3,200.0,2.0,3000,1,Frequent Flyers
85826.0,0,4,1,1,33678.0,29,0.0,0.0,3026,0,Bonus Accumulators
654.0,0,3,1,1,14967.0,10,0.0,0.0,3022,1,Inactive Base
11525.0,0,1,1,1,0.0,0,0.0,0.0,3008,0,Inactive Base
40204.0,0,1,1,1,850.0,3,350.0,2.0,3006,0,Inactive Base
22963.0,0,1,1,1,0.0,0,0.0,0.0,2998,0,Inactive Base
47165.0,0,1,1,1,4545.0,4,0.0,0.0,2992,1,Inactive Base
103240.0,0,4,1,1,44627.0,29,50.0,1.0,2993,1,Bonus Accumulators
61737.0,0,2,1,1,6789.0,12,0.0,0.0,2921,0,Inactive Base
25766.0,0,1,1,1,2548.0,16,100.0,2.0,2973,0,Inactive Base
147090.0,0,4,1,1,35511.0,31,783.75,2.5,2927,1,Frequent Flyers
79333.0,0,1,1,1,1500.0,3,783.75,2.5,2977,0,Frequent Flyers
4923.0,0,1,1,1,305.0,2,0.0,0.0,2985,0,Inactive Base
56687.0,0,4,1,1,48989.0,28,0.0,0.0,2973,1,Bonus Accumulators
203211.125,0,4,1,1,37408.0,19,0.0,0.0,2962,0,Bonus Accumulators
45149.0,0,1,1,1,21292.0,10,0.0,0.0,2949,0,Inactive Base
57477.0,0,1,1,1,2607.0,4,0.0,0.0,3038,1,Inactive Base
48265.0,0,1,1,1,1000.0,1,0.0,0.0,2951,0,Inactive Base
34249.0,0,1,1,1,4100.0,12,0.0,0.0,2951,0,Inactive Base
203211.125,0,4,1,1,48287.0,18,0.0,0.0,2958,0,Bonus Accumulators
25671.0,0,2,1,1,10513.0,12,0.0,0.0,2945,1,Inactive Base
191583.0,0,3,1,1,25675.0,18,0.0,0.0,2950,1,Bonus Accumulators
90332.0,0,2,1,1,12845.0,25,0.0,0.0,2927,1,Bonus Accumulators
53532.0,0,4,1,1,30808.0,18,0.0,0.0,2927,1,Bonus Accumulators
71507.0,0,1,1,1,3750.0,6,0.0,0.0,2934,0,Inactive Base
35196.0,0,1,1,1,0.0,0,0.0,0.0,2922,0,Inactive Base
30034.0,0,1,1,1,15816.0,6,0.0,0.0,2908,0,Inactive Base
47787.0,0,4,1,1,47223.0,21,450.0,1.0,2921,1,Bonus Accumulators
46967.0,0,1,1,1,2000.0,9,0.0,0.0,2888,0,Inactive Base
103615.0,0,1,1,1,13668.0,15,783.75,2.5,2896,1,Frequent Flyers
5110.0,0,1,1,1,0.0,0,0.0,0.0,2901,0,Inactive Base
128927.0,0,5,1,1,57651.875,14,0.0,0.0,2882,0,Bonus Accumulators
5000.0,0,1,1,1,5000.0,1,0.0,0.0,2893,0,Inactive Base
126701.0,0,3,1,1,20636.0,15,0.0,0.0,2878,0,Bonus Accumulators
34855.0,0,1,1,1,230.0,3,0.0,0.0,2882,0,Inactive Base
34464.0,0,2,1,1,5312.0,5,0.0,0.0,2886,0,Inactive Base
86638.0,0,4,1,1,45861.0,13,0.0,0.0,2867,1,Bonus Accumulators
140398.0,0,5,1,1,57651.875,26,783.75,2.5,2972,1,Frequent Flyers
65812.0,0,1,1,1,185.0,2,0.0,0.0,2854,0,Inactive Base
34177.0,0,2,1,1,7072.0,16,350.0,1.0,2867,0,Inactive Base
58195.0,0,3,1,1,24808.0,13,0.0,0.0,2838,0,Bonus Accumulators
34781.0,0,3,1,1,11270.0,12,0.0,0.0,2859,1,Bonus Accumulators
22457.0,0,3,1,1,17579.0,15,0.0,0.0,2858,1,Bonus Accumulators
19996.0,0,1,1,1,500.0,1,0.0,0.0,3217,0,Inactive Base
26256.0,0,1,1,1,2000.0,9,0.0,0.0,2847,0,Inactive Base
42966.0,0,1,2,1,7734.0,6,0.0,0.0,2840,1,Inactive Base
3129.0,0,1,1,1,0.0,0,0.0,0.0,2840,0,Inactive Base
138008.0,0,4,1,1,34178.0,14,200.0,1.0,2962,0,Bonus Accumulators
9611.0,0,1,1,1,2250.0,3,0.0,0.0,2845,1,Inactive Base
40702.0,0,4,1,1,39897.0,14,0.0,0.0,2826,1,Bonus Accumulators
105579.0,0,3,1,1,16332.0,12,0.0,0.0,2830,0,Bonus Accumulators
46654.0,0,1,1,1,3215.0,6,0.0,0.0,2830,0,Inactive Base
203211.125,0,1,1,1,15700.0,8,200.0,1.0,2819,1,Frequent Flyers
39715.0,0,3,1,1,17388.0,12,0.0,0.0,2826,0,Inactive Base
199.0,0,1,1,1,0.0,0,0.0,0.0,2822,0,Inactive Base
6345.0,0,2,1,1,7719.0,18,0.0,0.0,2805,1,Inactive Base
72598.0,0,1,1,1,6090.0,8,783.75,1.0,2804,0,Frequent Flyers
59805.0,0,1,1,1,2900.0,7,783.75,2.5,2802,0,Frequent Flyers
10307.0,0,1,1,1,0.0,0,0.0,0.0,2808,1,Inactive Base
37997.0,0,2,1,1,11073.0,5,0.0,0.0,2805,0,Inactive Base
102083.0,0,3,1,1,12978.0,14,150.0,2.0,2780,0,Frequent Flyers
104632.0,0,1,1,1,26700.0,10,783.75,2.5,2791,1,Frequent Flyers
18260.0,0,1,1,1,500.0,1,0.0,0.0,2780,0,Inactive Base
28484.0,0,1,1,1,350.0,3,0.0,0.0,2782,0,Inactive Base
29105.0,0,1,1,1,5000.0,1,0.0,0.0,2774,0,Inactive Base
49560.0,0,1,1,1,0.0,0,0.0,0.0,2770,0,Inactive Base
29346.0,0,1,1,1,150.0,1,150.0,1.0,2773,0,Inactive Base
75288.0,0,4,1,1,36866.0,20,0.0,0.0,2774,0,Bonus Accumulators
42366.0,0,2,1,1,6293.0,9,0.0,0.0,2770,0,Inactive Base
151336.0,0,1,1,1,11400.0,6,783.75,2.5,2742,0,Frequent Flyers
48363.0,0,1,1,1,790.0,3,0.0,0.0,2766,0,Inactive Base
11529.0,0,3,1,1,15738.0,15,0.0,0.0,2768,1,Bonus Accumulators
61956.0,0,1,1,1,17500.0,2,0.0,0.0,2755,0,Inactive Base
15378.0,0,1,1,1,25236.0,9,736.0,2.5,2741,1,Frequent Flyers
85346.0,0,1,1,1,2835.0,3,0.0,0.0,2748,1,Inactive Base
203211.125,0,1,1,1,2125.0,10,0.0,0.0,2740,0,Inactive Base
66539.0,0,3,1,1,27894.0,17,0.0,0.0,2741,0,Bonus Accumulators
97131.0,0,4,1,1,33324.0,19,783.75,2.5,2727,1,Frequent Flyers
14513.0,0,1,1,1,0.0,0,0.0,0.0,2731,0,Inactive Base
203211.125,0,3,1,1,23256.0,30,0.0,0.0,2675,0,Bonus Accumulators
45742.0,0,1,1,1,7625.0,23,250.0,1.0,2712,0,Inactive Base
39862.0,0,3,1,1,14152.0,18,350.0,2.0,2727,1,Frequent Flyers
75132.0,0,4,1,1,53001.0,23,400.0,2.5,2720,1,Frequent Flyers
91296.0,0,3,1,1,19057.0,16,0.0,0.0,2712,0,Bonus Accumulators
117290.0,0,1,1,1,1754.0,8,0.0,0.0,2717,0,Inactive Base
75556.0,0,1,1,1,2790.0,6,0.0,0.0,2712,0,Inactive Base
5103.0,0,1,1,1,5103.0,2,0.0,0.0,2697,0,Inactive Base
10747.0,0,1,1,1,990.0,4,500.0,1.0,2697,1,Inactive Base
31789.0,0,1,1,1,10220.0,17,0.0,0.0,2699,1,Inactive Base
59515.0,0,1,1,1,3170.0,5,0.0,0.0,2705,0,Inactive Base
86913.0,0,2,1,1,23705.0,6,0.0,0.0,2691,0,Inactive Base
49129.0,0,2,1,1,16921.0,18,500.0,1.0,2692,1,Frequent Flyers
135408.0,0,5,1,1,57651.875,15,607.0,1.0,2697,1,Bonus Accumulators
41152.0,0,1,1,1,3250.0,19,0.0,0.0,2669,0,Inactive Base
145750.0,0,2,1,1,10986.0,12,0.0,0.0,2531,0,Inactive Base
7041.0,0,1,1,1,1747.0,12,0.0,0.0,2718,1,Inactive Base
203211.125,0,4,1,1,54625.0,35,783.75,2.5,2676,0,Frequent Flyers
44514.0,0,1,1,1,3577.0,13,0.0,0.0,2657,0,Inactive Base
96490.0,0,1,1,1,2000.0,1,0.0,0.0,2665,1,Inactive Base
45050.0,0,1,1,1,4875.0,10,500.0,1.0,2669,1,Frequent Flyers
91048.0,0,4,1,1,51580.0,20,100.0,1.0,2669,1,Bonus Accumulators
20352.0,0,1,1,1,1900.0,5,500.0,1.0,2658,0,Inactive Base
34294.0,0,3,1,1,17683.0,14,0.0,0.0,2661,1,Bonus Accumulators
59696.0,0,5,1,1,57651.875,22,500.0,1.0,2654,1,Bonus Accumulators
106155.0,0,1,1,1,0.0,0,0.0,0.0,2657,0,Inactive Base
29244.0,0,2,1,1,6252.0,13,0.0,0.0,2650,0,Inactive Base
27592.0,0,1,1,1,335.0,3,0.0,0.0,2633,0,Inactive Base
16128.0,0,1,1,1,475.0,3,0.0,0.0,2643,0,Inactive Base
51353.0,0,1,1,1,8114.0,16,783.75,2.5,2637,1,Frequent Flyers
203211.125,0,2,1,1,30208.0,14,0.0,0.0,2629,1,Bonus Accumulators
7456.0,0,1,1,1,0.0,0,0.0,0.0,2635,0,Inactive Base
33604.0,0,3,1,1,13619.0,16,0.0,0.0,2633,0,Inactive Base
24803.0,0,1,1,1,0.0,0,0.0,0.0,2623,0,Inactive Base
58411.0,0,1,1,1,2500.0,1,0.0,0.0,2619,1,Inactive Base
3273.0,0,1,1,1,500.0,1,0.0,0.0,2749,0,Inactive Base
28480.0,0,1,1,1,2644.0,6,0.0,0.0,2628,0,Inactive Base
46706.0,0,1,1,1,3344.0,16,0.0,0.0,2609,0,Inactive Base
102230.0,0,1,1,1,3406.0,5,500.0,1.0,2620,0,Inactive Base
12096.0,0,1,1,1,50.0,1,50.0,1.0,2607,0,Inactive Base
118487.0,0,1,1,1,3388.0,14,0.0,0.0,2592,0,Inactive Base
20518.0,0,2,1,1,5580.0,10,0.0,0.0,2600,0,Inactive Base
6280.0,0,1,1,1,1220.0,6,200.0,2.0,2578,1,Inactive Base
11700.0,0,1,1,1,0.0,0,0.0,0.0,2585,0,Inactive Base
391.0,0,1,1,1,9000.0,1,0.0,0.0,2581,1,Inactive Base
78305.0,0,1,1,1,130.0,3,0.0,0.0,2580,0,Inactive Base
145214.0,0,1,1,1,3500.0,4,500.0,1.0,2560,1,Frequent Flyers
137760.0,0,5,1,1,57651.875,13,0.0,0.0,2580,0,Bonus Accumulators
88563.0,0,4,1,1,42410.0,27,0.0,0.0,2567,0,Bonus Accumulators
25748.0,0,1,1,1,0.0,0,0.0,0.0,2566,0,Inactive Base
27102.0,0,3,1,1,27102.0,9,0.0,0.0,2563,0,Inactive Base
25824.0,0,3,1,1,17760.0,20,750.0,2.0,2559,1,Frequent Flyers
23054.0,0,1,1,1,400.0,3,300.0,2.0,2553,0,Inactive Base
29150.0,0,3,1,1,13952.0,14,0.0,0.0,2544,1,Bonus Accumulators
37529.0,0,4,1,1,25706.0,14,0.0,0.0,2558,1,Bonus Accumulators
7515.0,0,2,1,1,13681.0,18,0.0,0.0,2552,1,Inactive Base
194576.0,0,4,1,1,41315.0,16,550.0,1.0,2539,1,Bonus Accumulators
24265.0,0,1,1,1,1854.0,12,0.0,0.0,2550,0,Inactive Base
16773.0,0,1,1,1,140.0,2,0.0,0.0,2525,0,Inactive Base
5432.0,0,1,1,1,1000.0,2,783.75,2.0,2535,1,Frequent Flyers
110480.0,0,4,1,1,44191.0,22,500.0,1.0,2539,1,Bonus Accumulators
86273.0,0,3,1,1,35304.0,15,500.0,1.0,2523,0,Bonus Accumulators
20674.0,0,3,1,1,16876.0,22,0.0,0.0,2528,1,Bonus Accumulators
8335.0,0,1,1,1,3750.0,16,0.0,0.0,2522,0,Inactive Base
40893.0,0,1,1,1,1130.0,3,0.0,0.0,2518,0,Inactive Base
203211.125,0,1,1,1,14350.0,28,783.75,2.5,2511,1,Frequent Flyers
61081.0,0,4,1,1,37682.0,21,783.75,2.5,2509,0,Frequent Flyers
27438.0,0,1,1,1,2528.0,6,783.75,2.5,2490,0,Frequent Flyers
14748.0,0,1,1,1,2210.0,7,0.0,0.0,2497,1,Inactive Base
49514.0,0,1,1,1,4500.0,22,0.0,0.0,2569,0,Inactive Base
7457.0,0,1,1,1,17131.0,5,0.0,0.0,2496,1,Inactive Base
97193.0,0,2,1,1,13338.0,12,0.0,0.0,2502,0,Inactive Base
68456.0,0,2,1,1,6317.0,5,0.0,0.0,2488,0,Inactive Base
123842.0,0,3,1,1,24295.0,14,0.0,0.0,2500,0,Bonus Accumulators
61285.0,0,5,1,1,55027.0,22,0.0,0.0,2412,1,Bonus Accumulators
20157.0,0,1,1,1,1450.0,3,150.0,1.0,2455,0,Inactive Base
41073.0,0,3,1,1,13993.0,20,0.0,0.0,2493,0,Bonus Accumulators
21784.0,0,2,1,1,6208.0,14,0.0,0.0,2483,0,Inactive Base
12868.0,0,1,1,1,1875.0,8,0.0,0.0,2483,0,Inactive Base
147862.0,0,4,1,1,44783.0,14,0.0,0.0,2426,1,Bonus Accumulators
11836.0,0,1,1,1,5075.0,14,350.0,1.0,2479,1,Inactive Base
25681.0,0,1,1,1,14941.0,20,783.75,2.5,2468,1,Frequent Flyers
203211.125,0,1,1,1,19314.0,17,783.75,2.5,2460,1,Frequent Flyers
59704.0,0,4,2,1,57404.0,14,0.0,0.0,2440,0,Bonus Accumulators
75279.0,0,1,1,1,5375.0,21,0.0,0.0,2459,0,Inactive Base
66681.0,0,1,1,1,4478.0,16,783.75,2.5,2465,0,Frequent Flyers
72085.0,0,3,1,1,20310.0,12,150.0,1.0,2462,0,Bonus Accumulators
2039.0,0,1,1,1,0.0,0,0.0,0.0,2451,0,Inactive Base
2214.0,0,1,1,1,0.0,0,0.0,0.0,2448,0,Inactive Base
16208.0,0,1,1,1,0.0,0,0.0,0.0,2451,0,Inactive Base
25829.0,0,1,1,1,1375.0,4,0.0,0.0,2444,0,Inactive Base
83217.0,0,1,1,1,3679.0,4,0.0,0.0,2447,1,Inactive Base
9520.0,0,3,1,1,12515.0,13,0.0,0.0,2438,1,Bonus Accumulators
103215.0,0,3,1,1,16726.0,14,0.0,0.0,2427,1,Bonus Accumulators
62629.0,0,4,1,1,36986.0,14,0.0,0.0,2438,0,Bonus Accumulators
45603.0,0,2,1,1,5964.0,13,0.0,0.0,2432,0,Inactive Base
44792.0,0,2,1,1,9463.0,16,0.0,0.0,2430,0,Inactive Base
97535.0,0,1,1,1,0.0,0,0.0,0.0,2418,0,Inactive Base
60085.0,0,3,1,1,14714.0,17,0.0,0.0,2404,1,Bonus Accumulators
76938.0,0,3,1,1,23503.0,13,0.0,0.0,2422,1,Bonus Accumulators
2562.0,0,2,1,1,9075.0,11,783.75,2.5,2412,1,Frequent Flyers
7685.0,0,1,1,1,500.0,4,0.0,0.0,2406,0,Inactive Base
102942.0,0,5,1,1,56780.0,18,0.0,0.0,2405,0,Bonus Accumulators
7029.0,0,1,1,1,495.0,3,0.0,0.0,2565,1,Inactive Base
2119.0,0,1,1,1,0.0,0,0.0,0.0,2399,0,Inactive Base
203211.125,0,1,1,1,31000.0,37,783.75,2.5,2395,1,Frequent Flyers
77753.0,0,3,1,1,12483.0,13,0.0,0.0,2377,0,Inactive Base
171637.0,0,1,1,1,4300.0,8,783.75,2.5,2364,0,Frequent Flyers
35243.0,0,2,1,1,10046.0,15,783.75,2.5,2356,0,Frequent Flyers
46186.0,0,2,1,1,9744.0,14,0.0,0.0,2364,0,Inactive Base
54810.0,0,3,1,1,19665.0,21,0.0,0.0,2368,0,Bonus Accumulators
25637.0,0,1,1,1,445.0,3,0.0,0.0,2367,0,Inactive Base
35088.0,0,1,1,1,320.0,2,0.0,0.0,2362,0,Inactive Base
73899.0,0,1,1,1,2745.0,14,500.0,1.0,2362,0,Inactive Base
81171.0,0,1,1,1,3700.0,4,100.0,1.0,2348,0,Inactive Base
39418.0,0,1,1,1,700.0,3,200.0,2.0,2343,0,Inactive Base
62124.0,0,1,1,1,0.0,0,0.0,0.0,2355,1,Inactive Base
14134.0,0,1,1,1,2125.0,9,0.0,0.0,2312,1,Inactive Base
203211.125,0,4,1,1,57651.875,38,783.75,2.5,2329,1,Frequent Flyers
20353.0,0,1,1,1,1729.0,5,0.0,0.0,2298,0,Inactive Base
93154.0,0,4,1,1,30752.0,21,0.0,0.0,2333,1,Bonus Accumulators
9492.0,0,1,1,1,781.0,6,250.0,1.0,2320,0,Inactive Base
18369.0,0,1,1,1,800.0,4,700.0,2.5,2327,0,Frequent Flyers
32824.0,0,1,1,1,1660.0,5,100.0,1.0,2339,1,Inactive Base
109416.0,0,5,1,1,57651.875,38,783.75,2.5,2327,1,Frequent Flyers
28312.0,0,1,1,1,1726.0,13,0.0,0.0,2335,1,Inactive Base
78462.0,0,3,1,1,20291.0,14,0.0,0.0,2311,0,Bonus Accumulators
32740.0,0,1,1,1,10722.0,4,0.0,0.0,2315,1,Inactive Base
57293.0,0,1,1,1,1000.0,1,0.0,0.0,2319,0,Inactive Base
174743.0,0,1,1,1,27460.0,12,0.0,0.0,2326,0,Bonus Accumulators
59486.0,0,1,1,1,3517.0,4,0.0,0.0,2315,1,Inactive Base
203211.125,0,2,1,1,11238.0,12,0.0,0.0,2294,1,Bonus Accumulators
56805.0,0,3,1,1,16617.0,17,0.0,0.0,2307,0,Bonus Accumulators
203211.125,0,1,1,1,1000.0,1,0.0,0.0,2298,0,Inactive Base
18545.0,0,3,1,1,25053.0,22,0.0,0.0,2304,1,Bonus Accumulators
5570.0,0,1,1,1,9094.0,26,0.0,0.0,2287,1,Inactive Base
44690.0,0,3,1,1,24779.0,15,783.75,2.0,2297,1,Frequent Flyers
127835.0,0,4,1,1,52700.0,21,0.0,0.0,2301,1,Bonus Accumulators
32540.0,0,4,1,1,44283.0,17,100.0,1.0,2297,1,Bonus Accumulators
54396.0,0,4,1,1,34007.0,16,0.0,0.0,2283,0,Bonus Accumulators
162840.0,0,5,1,1,57382.0,15,0.0,0.0,2277,0,Bonus Accumulators
109441.0,0,1,1,1,6500.0,10,783.75,2.5,2237,1,Frequent Flyers
7369.0,0,1,1,1,0.0,0,0.0,0.0,2277,0,Inactive Base
16378.0,0,1,1,1,0.0,0,0.0,0.0,2272,0,Inactive Base
39859.0,0,1,1,1,3675.0,8,0.0,0.0,2272,0,Inactive Base
44214.0,0,3,1,1,24928.0,13,0.0,0.0,2259,0,Bonus Accumulators
73102.0,0,3,1,1,18156.0,20,0.0,0.0,2272,1,Bonus Accumulators
3552.0,0,1,1,1,10597.0,17,0.0,0.0,2264,1,Inactive Base
71593.0,0,3,1,1,22666.0,17,0.0,0.0,2266,0,Bonus Accumulators
74072.0,0,4,1,1,50272.0,38,0.0,0.0,2264,1,Bonus Accumulators
42970.0,0,1,2,1,7889.0,14,0.0,0.0,2256,0,Inactive Base
23385.0,0,3,1,1,18303.0,15,150.0,1.0,2248,1,Bonus Accumulators
51176.0,0,4,1,1,40397.0,16,0.0,0.0,2243,0,Bonus Accumulators
12426.0,0,1,1,1,0.0,0,0.0,0.0,2238,0,Inactive Base
10062.0,0,1,1,1,2000.0,9,0.0,0.0,2242,0,Inactive Base
34790.0,0,1,1,1,0.0,0,0.0,0.0,2272,0,Inactive Base
95759.0,0,1,1,1,9198.0,12,783.75,2.5,2231,0,Frequent Flyers
51592.0,0,1,1,1,18678.0,9,0.0,0.0,2230,0,Inactive Base
23294.0,0,1,1,1,420.0,4,0.0,0.0,2228,0,Inactive Base
33398.0,0,3,1,1,14086.0,15,0.0,0.0,2223,0,Inactive Base
203211.125,0,1,1,1,9030.0,19,783.75,2.5,2217,1,Frequent Flyers
60250.0,0,3,1,1,43071.0,12,0.0,0.0,2214,1,Bonus Accumulators
81871.0,0,3,1,1,23068.0,20,0.0,0.0,2222,1,Bonus Accumulators
203211.125,0,1,1,1,700.0,3,200.0,2.0,2210,1,Frequent Flyers
430.0,0,1,1,1,220.0,1,0.0,0.0,2196,0,Inactive Base
75949.0,0,1,1,1,952.0,4,0.0,0.0,2195,0,Inactive Base
44206.0,0,3,1,1,22598.0,14,500.0,1.0,2247,0,Frequent Flyers
125274.0,0,1,1,1,3150.0,4,550.0,2.0,2194,1,Frequent Flyers
104670.0,0,1,1,1,3993.0,12,0.0,0.0,2202,0,Inactive Base
203211.125,0,1,1,1,5780.0,16,300.0,2.5,2192,1,Frequent Flyers
28731.0,0,4,1,1,29782.0,11,0.0,0.0,2182,1,Bonus Accumulators
16965.0,0,1,1,1,2475.0,13,0.0,0.0,2182,0,Inactive Base
50658.0,0,1,1,1,1600.0,3,500.0,1.0,2174,0,Inactive Base
124681.0,0,1,1,1,23392.0,38,783.75,2.5,2173,1,Frequent Flyers
74352.0,0,3,1,1,17868.0,15,0.0,0.0,2188,0,Bonus Accumulators
70308.0,0,4,1,1,41704.0,19,0.0,0.0,2186,1,Bonus Accumulators
98722.0,0,3,1,1,18012.0,19,50.0,1.0,2178,0,Bonus Accumulators
79020.0,0,1,1,1,3422.0,10,0.0,0.0,2179,0,Inactive Base
28335.0,0,1,1,1,400.0,3,0.0,0.0,2161,0,Inactive Base
22011.0,0,1,1,1,0.0,0,0.0,0.0,2167,0,Inactive Base
49436.0,0,4,1,1,33836.0,13,0.0,0.0,2167,0,Bonus Accumulators
145072.0,0,1,1,1,15000.0,4,0.0,0.0,2152,1,Inactive Base
8992.0,0,2,1,1,9113.0,11,0.0,0.0,2145,1,Inactive Base
72497.0,0,3,1,1,24279.0,13,0.0,0.0,2161,0,Bonus Accumulators
187999.0,0,4,1,1,52429.0,38,783.75,2.5,2184,1,Frequent Flyers
62335.0,0,1,1,1,500.0,1,0.0,0.0,2147,0,Inactive Base
41556.0,0,3,1,1,26682.0,4,0.0,0.0,2131,0,Inactive Base
15436.0,0,1,1,1,6147.0,13,0.0,0.0,2138,0,Inactive Base
109618.0,0,3,1,1,14159.0,11,0.0,0.0,2138,0,Inactive Base
182228.0,0,4,1,1,41048.0,12,0.0,0.0,2139,0,Bonus Accumulators
1000.0,0,1,1,1,0.0,0,0.0,0.0,2126,0,Inactive Base
36699.0,0,1,1,1,2500.0,13,0.0,0.0,2119,0,Inactive Base
135828.0,0,3,1,1,34495.0,28,450.0,2.0,2142,1,Frequent Flyers
39098.0,0,3,1,1,18992.0,14,0.0,0.0,2129,0,Inactive Base
20713.0,0,3,1,1,13421.0,12,400.0,1.0,2104,0,Inactive Base
18959.0,0,1,1,1,0.0,0,0.0,0.0,2115,0,Inactive Base
28010.0,0,1,1,1,150.0,3,0.0,0.0,2115,0,Inactive Base
148976.0,0,1,1,1,2650.0,3,650.0,2.0,2108,0,Frequent Flyers
126680.0,0,1,1,1,18248.0,38,783.75,2.5,2108,1,Frequent Flyers
664.0,0,1,1,1,0.0,0,0.0,0.0,2108,0,Inactive Base
18533.0,0,3,1,1,27904.0,14,0.0,0.0,2102,1,Bonus Accumulators
202168.0,0,3,1,1,12463.0,18,0.0,0.0,2098,1,Bonus Accumulators
4653.0,0,1,1,1,0.0,0,0.0,0.0,2094,0,Inactive Base
37839.0,0,3,1,1,11512.0,16,0.0,0.0,2084,1,Bonus Accumulators
29196.0,0,2,1,1,7011.0,15,0.0,0.0,2082,0,Inactive Base
38378.0,0,1,1,1,1600.0,4,600.0,2.5,2091,0,Frequent Flyers
66716.0,0,3,1,1,22571.0,16,200.0,1.0,2082,0,Bonus Accumulators
7500.0,0,1,1,1,0.0,0,0.0,0.0,2084,0,Inactive Base
47992.0,0,1,1,1,645.0,4,450.0,1.0,2073,0,Inactive Base
85823.0,0,1,1,1,0.0,0,0.0,0.0,2074,0,Inactive Base
32323.0,0,1,1,1,1250.0,3,0.0,0.0,2074,1,Inactive Base
87633.0,0,4,1,1,57651.875,37,783.75,2.5,2068,1,Frequent Flyers
104523.0,0,1,1,1,4000.0,2,0.0,0.0,2073,1,Inactive Base
60856.0,0,2,1,1,17332.0,8,0.0,0.0,2076,0,Inactive Base
15526.0,0,1,1,1,2750.0,15,0.0,0.0,2063,0,Inactive Base
83781.0,0,4,1,1,35151.0,22,200.0,1.0,2066,1,Bonus Accumulators
17681.0,0,1,1,1,500.0,1,0.0,0.0,2059,0,Inactive Base
76909.0,0,3,1,1,18405.0,12,0.0,0.0,2066,0,Inactive Base
22084.0,0,1,1,1,2773.0,10,0.0,0.0,2054,0,Inactive Base
50783.0,0,3,1,1,11595.0,15,0.0,0.0,2060,0,Inactive Base
43220.0,0,1,1,1,4985.0,20,100.0,1.0,2041,0,Inactive Base
41275.0,0,1,1,1,0.0,0,0.0,0.0,2035,0,Inactive Base
13738.0,0,2,1,1,6485.0,18,783.75,2.5,2042,1,Frequent Flyers
32270.0,0,1,1,1,0.0,0,0.0,0.0,2040,0,Inactive Base
22053.0,0,4,1,1,39810.0,27,0.0,0.0,2042,1,Bonus Accumulators
32708.0,0,3,1,1,11556.0,13,0.0,0.0,2035,0,Inactive Base
7108.0,0,1,1,1,5598.0,8,783.75,2.5,2026,1,Frequent Flyers
47056.0,0,1,1,1,0.0,0,0.0,0.0,2031,0,Inactive Base
112197.0,0,4,1,1,32108.0,16,0.0,0.0,2013,1,Bonus Accumulators
106757.0,0,5,1,1,51234.0,13,0.0,0.0,2013,1,Bonus Accumulators
105294.0,0,4,1,1,56281.0,26,783.75,2.5,2021,0,Frequent Flyers
180481.0,0,3,1,1,18315.0,25,783.75,2.5,2019,0,Frequent Flyers
169139.0,0,1,1,1,9500.0,5,0.0,0.0,2019,1,Inactive Base
92406.0,0,2,1,1,9402.0,26,750.0,2.0,1999,0,Frequent Flyers
41150.0,0,1,1,1,0.0,0,0.0,0.0,2000,0,Inactive Base
3831.0,0,1,1,1,2.0,4,0.0,0.0,2013,0,Inactive Base
48014.0,0,1,1,1,0.0,0,0.0,0.0,2005,0,Inactive Base
19078.0,0,1,1,1,200.0,1,200.0,1.0,1999,0,Inactive Base
3965.0,0,2,1,1,8228.0,12,0.0,0.0,2003,1,Inactive Base
37965.0,0,1,1,1,2250.0,5,0.0,0.0,1998,0,Inactive Base
69884.0,0,5,1,1,57651.875,24,450.0,2.0,1990,1,Frequent Flyers
24557.0,0,3,1,1,18957.0,20,0.0,0.0,1996,0,Bonus Accumulators
16733.0,0,1,1,1,1000.0,1,0.0,0.0,1983,0,Inactive Base
41824.0,0,1,1,1,2100.0,3,0.0,0.0,1982,0,Inactive Base
8188.0,0,1,1,1,500.0,1,500.0,1.0,1985,1,Inactive Base
36146.0,0,1,1,1,4091.0,10,783.75,2.5,1975,1,Frequent Flyers
37331.0,0,1,1,1,0.0,0,0.0,0.0,1970,0,Inactive Base
15000.0,0,1,1,1,15000.0,1,0.0,0.0,1976,0,Inactive Base
203211.125,0,4,1,1,46165.0,17,0.0,0.0,1978,0,Bonus Accumulators
8557.0,0,1,1,1,57651.875,5,622.0,2.5,1955,1,Frequent Flyers
1000.0,0,1,1,1,1000.0,1,0.0,0.0,1970,0,Inactive Base
84179.0,0,3,1,1,22397.0,19,0.0,0.0,1976,0,Bonus Accumulators
66590.0,0,1,1,1,1300.0,13,0.0,0.0,1975,0,Inactive Base
66445.0,0,3,1,1,22276.0,13,0.0,0.0,1975,0,Bonus Accumulators
174286.0,0,1,1,1,11850.0,18,783.75,2.5,1950,1,Frequent Flyers
33951.0,0,3,1,1,12279.0,14,0.0,0.0,1963,0,Inactive Base
27204.0,0,2,1,1,7627.0,16,0.0,0.0,1968,0,Inactive Base
16442.0,0,1,1,1,0.0,0,0.0,0.0,1962,1,Inactive Base
39669.0,0,4,1,1,31989.0,14,0.0,0.0,1955,1,Bonus Accumulators
8063.0,0,1,1,1,18250.0,5,0.0,0.0,1950,1,Inactive Base
15243.0,0,1,1,1,675.0,3,0.0,0.0,1944,0,Inactive Base
17603.0,0,2,1,1,7247.0,14,0.0,0.0,1958,1,Inactive Base
66466.0,0,4,1,2,57651.875,22,0.0,0.0,1956,1,Bonus Accumulators
52537.0,0,4,1,1,49146.0,19,100.0,2.0,1944,1,Bonus Accumulators
51172.0,0,1,1,1,500.0,4,0.0,0.0,1939,1,Inactive Base
56186.0,0,3,1,1,27538.0,20,400.0,2.5,1926,1,Frequent Flyers
18074.0,0,1,1,1,1625.0,6,0.0,0.0,1765,0,Inactive Base
31759.0,0,1,1,1,0.0,0,0.0,0.0,1922,0,Inactive Base
34007.0,0,1,1,1,440.0,2,0.0,0.0,1937,0,Inactive Base
28338.0,0,1,1,1,90.0,2,0.0,0.0,1936,0,Inactive Base
28693.0,0,2,1,1,8229.0,20,0.0,0.0,1937,0,Inactive Base
15036.0,0,2,1,1,7917.0,8,0.0,0.0,1935,1,Inactive Base
26797.0,0,1,1,1,0.0,0,0.0,0.0,1928,0,Inactive Base
79192.0,0,3,1,1,14404.0,21,150.0,1.0,2080,1,Bonus Accumulators
83651.0,0,3,1,1,14809.0,18,783.75,2.5,1914,0,Frequent Flyers
19128.0,0,2,1,1,10595.0,27,0.0,0.0,1919,1,Bonus Accumulators
11245.0,0,1,1,1,0.0,0,0.0,0.0,1920,0,Inactive Base
18735.0,0,1,1,1,4100.0,19,0.0,0.0,1913,0,Inactive Base
43310.0,0,3,1,1,11943.0,14,0.0,0.0,1804,0,Inactive Base
51142.0,0,1,1,1,5000.0,3,0.0,0.0,1874,1,Inactive Base
127588.0,0,2,1,1,11297.0,11,0.0,0.0,1906,0,Inactive Base
43304.0,0,1,1,1,3750.0,4,250.0,2.0,1887,1,Inactive Base
33064.0,0,1,1,1,300.0,3,0.0,0.0,1895,0,Inactive Base
10424.0,0,1,1,1,0.0,0,0.0,0.0,1894,0,Inactive Base
6517.0,0,1,1,1,2025.0,8,0.0,0.0,1900,0,Inactive Base
47160.0,0,1,1,1,0.0,0,0.0,0.0,1898,0,Inactive Base
15584.0,0,1,1,1,2875.0,16,0.0,0.0,1894,0,Inactive Base
164222.0,0,1,1,1,7300.0,5,783.75,2.5,1892,1,Frequent Flyers
203211.125,0,1,1,1,500.0,1,0.0,0.0,1888,0,Inactive Base
25853.0,0,3,1,1,23163.0,18,0.0,0.0,1886,0,Bonus Accumulators
113183.0,0,1,1,1,4200.0,8,600.0,2.5,1865,0,Frequent Flyers
153664.0,0,5,1,1,55567.0,17,0.0,0.0,1881,0,Bonus Accumulators
21285.0,0,1,1,1,2375.0,12,0.0,0.0,1879,0,Inactive Base
70353.0,0,1,1,1,2986.0,15,150.0,2.0,1879,0,Inactive Base
39728.0,0,3,1,1,16359.0,11,0.0,0.0,1860,0,Inactive Base
28294.0,0,1,1,1,0.0,0,0.0,0.0,1865,0,Inactive Base
109505.0,0,3,1,1,15766.0,23,0.0,0.0,1867,0,Bonus Accumulators
78317.0,0,3,1,1,34282.0,35,783.75,2.5,1859,1,Frequent Flyers
20969.0,0,3,1,1,40234.0,13,150.0,1.0,1831,1,Bonus Accumulators
36398.0,0,2,1,1,9704.0,22,0.0,0.0,1858,0,Inactive Base
166199.0,0,1,1,1,10550.0,5,50.0,1.0,1851,1,Inactive Base
147770.0,0,4,1,1,57651.875,31,450.0,2.5,1831,1,Frequent Flyers
16875.0,0,1,1,1,500.0,1,0.0,0.0,1838,0,Inactive Base
17060.0,0,1,1,1,0.0,0,0.0,0.0,1836,0,Inactive Base
44101.0,0,5,1,1,57114.0,19,0.0,0.0,1829,1,Bonus Accumulators
142729.0,0,1,1,1,0.0,0,0.0,0.0,1823,1,Inactive Base
23578.0,0,3,1,1,16366.0,17,500.0,1.0,1830,1,Frequent Flyers
19881.0,0,1,1,1,800.0,4,783.75,2.5,1822,0,Frequent Flyers
62960.0,0,5,1,1,50255.0,10,0.0,0.0,1824,1,Bonus Accumulators
16685.0,0,1,1,1,400.0,2,0.0,0.0,1817,0,Inactive Base
33405.0,0,1,1,1,1600.0,3,0.0,0.0,1808,1,Inactive Base
37211.0,0,3,1,1,23007.0,18,0.0,0.0,1817,0,Bonus Accumulators
2900.0,0,1,1,1,2900.0,29,783.75,2.5,1804,0,Frequent Flyers
99226.0,0,2,1,1,5796.0,12,0.0,0.0,1811,0,Inactive Base
31899.0,0,4,1,1,29816.0,20,500.0,1.0,1804,1,Bonus Accumulators
17769.0,0,1,2,1,5165.0,10,0.0,0.0,1807,0,Inactive Base
50212.0,0,1,1,1,1507.0,7,500.0,1.0,1801,0,Inactive Base
32125.0,0,1,1,1,1010.0,4,500.0,2.0,1795,0,Inactive Base
12120.0,0,1,1,1,1000.0,1,0.0,0.0,1802,0,Inactive Base
82352.0,0,1,1,1,5760.0,18,0.0,0.0,1797,0,Inactive Base
6286.0,0,1,1,1,230.0,3,0.0,0.0,1788,0,Inactive Base
17326.0,0,1,1,1,0.0,0,0.0,0.0,1787,0,Inactive Base
32234.0,0,3,1,1,17001.0,13,0.0,0.0,1780,1,Bonus Accumulators
60386.0,0,3,1,1,24356.0,14,783.75,1.0,1785,1,Frequent Flyers
56174.0,0,2,1,1,6589.0,15,0.0,0.0,1768,0,Inactive Base
81144.0,0,1,1,1,34664.0,17,0.0,0.0,1769,0,Inactive Base
51737.0,0,1,1,1,3119.0,19,0.0,0.0,1774,0,Inactive Base
95537.0,0,4,1,1,29226.0,17,150.0,1.0,1774,0,Bonus Accumulators
36311.0,0,1,1,1,100.0,1,100.0,1.0,1766,1,Inactive Base
23518.0,0,3,1,1,11843.0,13,0.0,0.0,1768,0,Inactive Base
34042.0,0,1,1,1,3463.0,14,250.0,1.0,1761,0,Inactive Base
19591.0,0,1,1,1,4437.0,8,0.0,0.0,1772,1,Inactive Base
46455.0,0,1,1,1,6817.0,11,0.0,0.0,1763,0,Inactive Base
89413.0,0,3,1,1,24667.0,21,0.0,0.0,1767,0,Bonus Accumulators
169546.0,0,5,1,1,57651.875,24,600.0,2.0,1761,0,Frequent Flyers
17135.0,0,1,1,1,60.0,2,0.0,0.0,1747,0,Inactive Base
72253.0,0,4,1,1,29227.0,16,0.0,0.0,1752,0,Bonus Accumulators
8344.0,0,1,1,1,1500.0,2,500.0,1.0,1753,0,Inactive Base
52718.0,0,3,1,1,11540.0,11,0.0,0.0,1755,0,Inactive Base
23933.0,0,2,1,1,10144.0,15,0.0,0.0,1804,0,Inactive Base
179207.0,0,1,1,1,7041.0,6,0.0,0.0,3169,0,Inactive Base
76177.0,0,4,1,1,31922.0,16,0.0,0.0,3057,0,Bonus Accumulators
11472.0,0,2,1,1,9068.0,14,0.0,0.0,3290,1,Inactive Base
131635.0,0,5,1,1,57651.875,9,0.0,0.0,2756,0,Bonus Accumulators
124027.0,0,2,1,1,8698.0,12,0.0,0.0,2952,0,Inactive Base
15138.0,0,1,1,1,140.0,3,0.0,0.0,2993,0,Inactive Base
43229.0,0,1,1,1,5000.0,1,0.0,0.0,2644,0,Inactive Base
203211.125,0,4,1,1,57651.875,28,783.75,2.5,2900,1,Frequent Flyers
27043.0,0,1,1,1,0.0,0,0.0,0.0,2814,0,Inactive Base
55381.0,0,1,1,1,0.0,0,0.0,0.0,3600,0,Inactive Base
53983.0,0,3,1,1,24862.0,13,0.0,0.0,3512,0,Bonus Accumulators
59179.0,0,3,1,1,18908.0,15,0.0,0.0,3530,1,Bonus Accumulators
43510.0,0,1,1,1,4850.0,6,350.0,2.0,3328,0,Inactive Base
32886.0,0,1,1,1,3606.0,10,0.0,0.0,3281,0,Inactive Base
7015.0,0,1,1,1,1150.0,3,150.0,2.0,3398,0,Inactive Base
19627.0,0,1,1,1,500.0,1,500.0,1.0,3340,0,Inactive Base
79903.0,0,1,1,1,6600.0,13,783.75,2.5,3162,0,Frequent Flyers
28464.0,0,1,1,1,5167.0,16,0.0,0.0,3344,0,Inactive Base
9768.0,0,1,1,1,7069.0,8,100.0,1.0,3242,0,Inactive Base
18522.0,0,1,1,1,4100.0,8,600.0,2.5,3256,1,Frequent Flyers
55086.0,0,1,1,1,525.0,3,400.0,2.0,3293,0,Inactive Base
158986.0,0,1,1,1,3558.0,14,0.0,0.0,3404,0,Inactive Base
18939.0,0,1,1,1,855.0,3,0.0,0.0,3216,0,Inactive Base
203211.125,0,1,1,1,3050.0,3,550.0,2.0,3218,1,Frequent Flyers
61474.0,0,1,1,4,47717.0,14,0.0,0.0,3354,0,Bonus Accumulators
53892.0,0,3,1,1,28641.0,20,0.0,0.0,3131,1,Bonus Accumulators
23315.0,0,1,1,1,705.0,5,50.0,1.0,3309,1,Inactive Base
33918.0,0,1,1,1,145.0,3,0.0,0.0,3012,0,Inactive Base
65926.0,0,3,1,1,11639.0,17,0.0,0.0,3362,0,Bonus Accumulators
67753.0,0,3,1,1,18303.0,15,0.0,0.0,3134,0,Bonus Accumulators
49280.0,0,1,1,1,22370.0,16,0.0,0.0,3312,0,Inactive Base
97606.0,0,4,1,1,42980.0,24,0.0,0.0,3355,1,Bonus Accumulators
36861.0,0,1,1,1,4642.0,16,783.75,2.5,3350,0,Frequent Flyers
49749.0,0,3,1,1,13609.0,18,0.0,0.0,3265,1,Bonus Accumulators
36300.0,0,1,1,1,450.0,2,350.0,1.0,3329,0,Inactive Base
80500.0,0,3,1,1,16368.0,16,0.0,0.0,3146,0,Bonus Accumulators
8210.0,0,1,2,1,9122.0,16,0.0,0.0,3312,1,Inactive Base
40257.0,0,1,1,1,12885.0,31,0.0,0.0,3237,0,Inactive Base
31930.0,0,1,1,1,1337.0,6,267.0,1.0,3330,0,Inactive Base
9154.0,0,1,1,1,0.0,0,0.0,0.0,3260,0,Inactive Base
54345.0,0,1,1,1,1850.0,8,0.0,0.0,3348,0,Inactive Base
38835.0,0,1,1,1,2625.0,11,500.0,1.0,3378,0,Inactive Base
4858.0,0,1,1,1,0.0,0,0.0,0.0,3294,0,Inactive Base
56745.0,0,1,1,1,6000.0,3,0.0,0.0,3280,1,Inactive Base
87507.0,0,3,1,1,17714.0,19,0.0,0.0,3274,0,Bonus Accumulators
84126.0,0,1,1,1,5858.0,11,783.75,2.5,3159,0,Frequent Flyers
27566.0,0,1,1,1,6362.0,24,0.0,0.0,3279,0,Inactive Base
22805.0,0,1,3,1,26334.0,27,783.75,2.5,3294,1,Frequent Flyers
38508.0,0,3,1,1,13523.0,13,0.0,0.0,3279,0,Inactive Base
8184.0,0,1,1,1,0.0,0,0.0,0.0,2832,0,Inactive Base
12263.0,0,1,1,1,325.0,1,325.0,1.0,3224,0,Inactive Base
89576.0,0,3,1,1,20333.0,15,0.0,0.0,3099,0,Bonus Accumulators
183303.0,0,1,1,1,11500.0,3,500.0,1.0,3281,1,Frequent Flyers
203211.125,0,1,1,1,19350.0,14,0.0,0.0,3119,0,Bonus Accumulators
132894.0,0,4,1,1,34540.0,15,0.0,0.0,3106,0,Bonus Accumulators
12881.0,0,1,1,1,500.0,1,0.0,0.0,3244,0,Inactive Base
114037.0,0,1,1,1,14000.0,7,500.0,1.0,3201,1,Frequent Flyers
71682.0,0,3,1,1,11662.0,11,0.0,0.0,3173,0,Inactive Base
94016.0,0,1,1,1,4773.0,6,0.0,0.0,3161,0,Inactive Base
71263.0,0,5,1,1,57651.875,38,0.0,0.0,2987,1,Bonus Accumulators
16341.0,0,1,1,1,0.0,0,0.0,0.0,3190,0,Inactive Base
60331.0,0,3,1,1,17878.0,27,0.0,0.0,3036,1,Bonus Accumulators
47966.0,0,3,1,1,51615.0,11,650.0,2.5,3145,1,Frequent Flyers
148086.0,0,4,1,1,32551.0,14,0.0,0.0,2913,0,Bonus Accumulators
15279.0,0,3,1,1,17984.0,19,300.0,1.0,3139,1,Bonus Accumulators
0.0,0,1,1,1,5491.0,18,783.75,2.5,3204,1,Frequent Flyers
52885.0,0,1,1,1,1600.0,6,100.0,1.0,3020,0,Inactive Base
36844.0,0,2,1,1,21715.0,16,0.0,0.0,3161,0,Inactive Base
142527.0,0,1,3,1,24091.0,38,783.75,2.5,3206,1,Frequent Flyers
20390.0,0,1,1,1,2500.0,1,0.0,0.0,2528,1,Inactive Base
29182.0,0,5,1,1,50698.0,14,0.0,0.0,2999,1,Bonus Accumulators
65207.0,0,4,1,1,34832.0,18,783.75,2.5,3115,0,Frequent Flyers
568.0,0,1,1,1,710.0,3,0.0,0.0,3053,0,Inactive Base
30759.0,0,1,1,1,510.0,3,0.0,0.0,3195,0,Inactive Base
276.0,0,1,1,1,2396.0,3,396.0,1.0,3042,1,Inactive Base
22496.0,0,1,1,1,9712.0,14,500.0,1.0,3180,1,Frequent Flyers
23846.0,0,1,1,1,9177.0,6,0.0,0.0,2678,0,Inactive Base
26505.0,0,1,1,1,0.0,0,0.0,0.0,3102,0,Inactive Base
72131.0,0,2,1,1,7681.0,17,0.0,0.0,2390,0,Inactive Base
24406.0,0,1,1,1,5005.0,14,0.0,0.0,3127,0,Inactive Base
63193.0,0,3,1,1,20372.0,14,100.0,1.0,3036,1,Bonus Accumulators
23179.0,0,1,1,1,0.0,0,0.0,0.0,2794,0,Inactive Base
14710.0,0,1,1,1,3500.0,2,0.0,0.0,3149,1,Inactive Base
74073.0,0,4,1,1,45526.0,38,200.0,1.0,2976,1,Bonus Accumulators
43348.0,0,4,1,1,57651.875,25,200.0,1.0,2869,1,Bonus Accumulators
97424.0,0,5,1,1,57651.875,17,0.0,0.0,2873,1,Bonus Accumulators
20603.0,0,1,1,1,115.0,5,0.0,0.0,3054,1,Inactive Base
92097.0,0,1,1,1,20450.0,8,783.75,2.5,2825,1,Frequent Flyers
31520.0,0,1,1,1,130.0,2,0.0,0.0,2858,0,Inactive Base
29350.0,0,4,1,1,27703.0,15,0.0,0.0,3020,1,Bonus Accumulators
20537.0,0,3,1,1,44791.0,21,783.75,2.5,1569,1,Frequent Flyers
17376.0,0,1,1,1,4920.0,11,0.0,0.0,2265,0,Inactive Base
24563.0,0,1,1,1,5718.0,8,783.75,2.5,1776,0,Frequent Flyers
52562.0,0,3,1,1,23773.0,15,600.0,2.0,3021,0,Frequent Flyers
48224.0,0,1,1,1,0.0,0,0.0,0.0,2888,0,Inactive Base
13271.0,0,1,1,1,0.0,0,0.0,0.0,1435,1,Inactive Base
129919.0,0,1,1,1,7150.0,5,650.0,2.0,3053,1,Frequent Flyers
17893.0,0,2,1,1,9623.0,13,0.0,0.0,3074,0,Inactive Base
52693.0,0,1,1,1,947.0,4,0.0,0.0,2374,0,Inactive Base
50895.0,0,4,1,1,29618.0,15,0.0,0.0,2980,1,Bonus Accumulators
36459.0,0,1,1,1,7573.0,17,783.75,2.5,2885,1,Frequent Flyers
68532.0,0,5,1,1,57651.875,21,0.0,0.0,2822,1,Bonus Accumulators
34862.0,0,1,1,1,2725.0,5,0.0,0.0,3004,0,Inactive Base
20391.0,0,1,1,1,90.0,3,0.0,0.0,2884,0,Inactive Base
178010.0,0,1,1,1,5500.0,4,500.0,1.0,2777,1,Frequent Flyers
20773.0,0,3,1,1,13619.0,14,0.0,0.0,2765,1,Bonus Accumulators
203211.125,0,2,1,1,6980.0,17,0.0,0.0,2894,1,Bonus Accumulators
45883.0,0,1,1,1,5647.0,11,0.0,0.0,1464,0,Inactive Base
36978.0,0,1,1,1,100.0,1,100.0,1.0,3033,0,Inactive Base
203211.125,0,1,1,1,4750.0,9,783.75,2.5,3071,1,Frequent Flyers
45005.0,0,1,1,1,0.0,0,0.0,0.0,2934,0,Inactive Base
45533.0,0,5,1,1,56208.0,16,0.0,0.0,2963,1,Bonus Accumulators
26513.0,0,1,1,1,7670.0,14,0.0,0.0,2678,1,Inactive Base
20417.0,0,1,1,1,5000.0,1,0.0,0.0,3013,0,Inactive Base
7490.0,0,1,1,1,0.0,0,0.0,0.0,3042,0,Inactive Base
14394.0,0,1,1,1,935.0,4,150.0,2.0,2754,0,Inactive Base
103888.0,0,1,1,1,4379.0,3,783.75,2.5,2238,0,Frequent Flyers
61191.0,0,2,1,1,8502.0,17,0.0,0.0,2112,0,Inactive Base
7329.0,0,2,1,1,10639.0,16,0.0,0.0,2993,1,Inactive Base
12688.0,0,1,1,1,0.0,0,0.0,0.0,2993,0,Inactive Base
106921.0,0,4,1,1,26666.0,13,0.0,0.0,2581,0,Bonus Accumulators
31668.0,0,1,1,1,1800.0,3,300.0,2.0,2271,0,Inactive Base
34996.0,0,2,1,1,6313.0,14,150.0,1.0,2909,1,Inactive Base
23099.0,0,1,1,1,300.0,3,300.0,2.5,2292,0,Inactive Base
109133.0,0,3,1,1,21378.0,16,0.0,0.0,2989,0,Bonus Accumulators
103586.0,0,1,1,1,4000.0,7,783.75,2.5,2726,0,Frequent Flyers
45575.0,0,3,1,1,23223.0,17,0.0,0.0,2964,1,Bonus Accumulators
76430.0,0,3,1,1,13653.0,17,0.0,0.0,3018,1,Bonus Accumulators
18059.0,0,1,1,1,0.0,0,0.0,0.0,2019,0,Inactive Base
188759.0,0,1,1,1,3082.0,3,0.0,0.0,2817,0,Inactive Base
36953.0,0,3,1,1,25598.0,16,0.0,0.0,2997,1,Bonus Accumulators
27155.0,0,4,1,1,47252.0,15,300.0,1.0,3001,1,Bonus Accumulators
89112.0,0,2,1,1,28670.0,29,0.0,0.0,2680,0,Bonus Accumulators
72768.0,0,1,1,1,290.0,3,0.0,0.0,2762,0,Inactive Base
23178.0,0,1,1,1,0.0,0,0.0,0.0,2351,0,Inactive Base
25676.0,0,1,1,1,0.0,0,0.0,0.0,1597,0,Inactive Base
63190.0,0,3,1,1,18950.0,13,250.0,1.0,3041,0,Bonus Accumulators
1666.0,0,1,1,1,980.0,3,0.0,0.0,2761,0,Inactive Base
105544.0,0,4,1,1,31001.0,16,500.0,1.0,2888,1,Bonus Accumulators
203211.125,0,2,1,1,11294.0,20,150.0,1.0,2819,1,Bonus Accumulators
40255.0,0,1,1,1,2975.0,13,750.0,2.0,2880,0,Frequent Flyers
5317.0,0,1,1,1,0.0,0,0.0,0.0,2992,0,Inactive Base
7606.0,0,4,1,1,29307.0,17,0.0,0.0,2930,1,Bonus Accumulators
43255.0,0,1,1,1,2691.0,3,750.0,1.0,2864,0,Inactive Base
22414.0,0,1,1,1,1094.0,3,0.0,0.0,2957,1,Inactive Base
92225.0,0,4,1,1,48276.0,19,350.0,1.0,2972,0,Bonus Accumulators
127199.0,0,1,1,1,2563.0,14,0.0,0.0,2917,0,Inactive Base
12176.0,0,1,1,1,875.0,7,0.0,0.0,2268,0,Inactive Base
142929.0,0,4,1,1,40826.0,23,0.0,0.0,2803,0,Bonus Accumulators
28670.0,0,2,1,1,11727.0,11,0.0,0.0,2980,1,Inactive Base
82122.0,0,1,1,1,700.0,3,700.0,2.5,3044,0,Frequent Flyers
54637.0,0,1,1,1,21181.0,27,783.75,2.5,2927,1,Frequent Flyers
6181.0,0,1,1,1,2000.0,9,0.0,0.0,2878,0,Inactive Base
25485.0,0,1,1,1,9655.0,10,783.75,2.5,2798,1,Frequent Flyers
16136.0,0,1,1,1,0.0,0,0.0,0.0,1177,0,Inactive Base
128213.0,0,2,1,1,7956.0,13,500.0,1.0,2522,0,Frequent Flyers
92492.0,0,1,1,1,11029.0,6,0.0,0.0,2839,0,Inactive Base
85412.0,0,3,1,1,25102.0,16,500.0,1.0,2816,0,Frequent Flyers
46003.0,0,1,1,1,1340.0,7,0.0,0.0,2698,0,Inactive Base
95982.0,0,1,1,1,3630.0,3,0.0,0.0,2623,0,Inactive Base
20529.0,0,1,1,1,0.0,0,0.0,0.0,2644,0,Inactive Base
28254.0,0,3,1,1,17117.0,19,783.75,2.5,2692,1,Frequent Flyers
26101.0,0,1,1,1,3900.0,15,783.75,2.5,2222,0,Frequent Flyers
50939.0,0,3,1,1,16453.0,16,0.0,0.0,2753,0,Inactive Base
35039.0,0,1,1,1,174.0,1,0.0,0.0,2314,0,Inactive Base
175501.0,0,3,1,1,34318.0,36,783.75,2.5,2691,0,Frequent Flyers
1439.0,0,1,1,1,80.0,2,0.0,0.0,2684,0,Inactive Base
203211.125,0,1,1,1,25688.0,23,783.75,2.5,2607,1,Frequent Flyers
38429.0,0,1,1,1,1004.0,2,783.75,2.0,2521,0,Frequent Flyers
22865.0,0,1,1,1,1750.0,7,0.0,0.0,2375,0,Inactive Base
23033.0,0,2,1,1,7910.0,15,0.0,0.0,2765,1,Inactive Base
103172.0,0,1,1,1,3125.0,3,0.0,0.0,2416,0,Inactive Base
23448.0,0,4,1,1,36941.0,18,700.0,2.5,2675,1,Frequent Flyers
115161.0,0,1,1,1,9050.0,18,783.75,2.5,2417,0,Frequent Flyers
58382.0,0,1,1,1,11327.0,32,783.75,2.5,2480,1,Frequent Flyers
156766.0,0,3,1,1,23375.0,27,0.0,0.0,2840,0,Bonus Accumulators
34137.0,0,1,1,1,335.0,5,0.0,0.0,2593,0,Inactive Base
17219.0,0,1,1,1,6167.0,10,783.75,2.5,2627,1,Frequent Flyers
43823.0,0,1,1,1,500.0,1,0.0,0.0,2717,0,Inactive Base
63364.0,0,3,1,1,15415.0,11,0.0,0.0,2560,0,Inactive Base
18497.0,0,3,1,1,14138.0,12,0.0,0.0,2643,0,Inactive Base
23173.0,0,2,1,1,7843.0,8,0.0,0.0,2565,0,Inactive Base
51367.0,0,4,1,1,40004.0,24,0.0,0.0,2434,1,Bonus Accumulators
34894.0,0,3,1,1,13955.0,17,0.0,0.0,2447,0,Inactive Base
7422.0,0,1,1,1,2229.0,3,0.0,0.0,2653,0,Inactive Base
16090.0,0,1,1,1,850.0,6,783.75,2.5,2592,0,Frequent Flyers
2784.0,0,1,1,1,0.0,0,0.0,0.0,2066,0,Inactive Base
54177.0,0,3,1,1,45403.0,15,500.0,1.0,2123,1,Bonus Accumulators
29326.0,0,2,1,1,23061.0,7,0.0,0.0,2497,1,Inactive Base
26164.0,0,1,1,1,0.0,0,0.0,0.0,2566,0,Inactive Base
29518.0,0,1,1,1,2702.0,12,0.0,0.0,2532,0,Inactive Base
29754.0,0,1,1,1,500.0,1,0.0,0.0,2655,0,Inactive Base
8000.0,0,1,1,1,0.0,0,0.0,0.0,941,0,Inactive Base
69788.0,0,1,1,1,1500.0,3,783.75,2.5,2705,0,Frequent Flyers
38042.0,0,1,1,1,7658.0,17,0.0,0.0,2606,0,Inactive Base
23894.0,0,1,1,1,6000.0,3,0.0,0.0,2705,1,Inactive Base
110628.0,0,5,1,1,57651.875,13,0.0,0.0,2654,0,Bonus Accumulators
10839.0,0,1,1,1,190.0,1,190.0,1.0,2341,0,Inactive Base
47513.0,0,3,1,1,19904.0,13,0.0,0.0,2516,1,Bonus Accumulators
16321.0,0,1,1,1,0.0,0,0.0,0.0,2710,0,Inactive Base
37550.0,0,1,1,1,0.0,0,0.0,0.0,2579,0,Inactive Base
37936.0,0,2,1,1,6211.0,12,0.0,0.0,2719,0,Inactive Base
38061.0,0,3,1,1,34227.0,18,783.75,2.5,2649,1,Frequent Flyers
25934.0,0,1,1,1,370.0,3,0.0,0.0,2565,0,Inactive Base
54942.0,0,1,1,1,4200.0,10,783.75,2.5,2610,0,Frequent Flyers
139423.0,0,4,1,1,54152.0,25,500.0,2.5,2677,1,Frequent Flyers
203211.125,0,5,1,1,57651.875,32,600.0,2.0,2483,1,Frequent Flyers
98753.0,0,1,1,1,1475.0,5,0.0,0.0,2619,1,Inactive Base
25157.0,0,1,1,1,830.0,3,0.0,0.0,2732,0,Inactive Base
24134.0,0,1,1,1,1250.0,3,0.0,0.0,2390,0,Inactive Base
6628.0,0,1,1,1,2125.0,8,0.0,0.0,2539,0,Inactive Base
14504.0,0,1,1,1,0.0,0,0.0,0.0,2329,0,Inactive Base
36665.0,0,1,1,1,3250.0,19,0.0,0.0,2951,0,Inactive Base
17481.0,0,1,1,1,1396.0,3,0.0,0.0,586,0,Inactive Base
33111.0,0,1,1,1,0.0,0,0.0,0.0,2461,0,Inactive Base
89237.0,0,4,1,2,37668.0,18,0.0,0.0,2533,0,Bonus Accumulators
93028.0,0,4,1,1,40887.0,22,0.0,0.0,2507,1,Bonus Accumulators
89094.0,0,5,1,1,55865.0,13,0.0,0.0,2404,0,Bonus Accumulators
11109.0,0,5,1,1,53627.0,13,0.0,0.0,2623,1,Bonus Accumulators
14957.0,0,1,1,1,0.0,0,0.0,0.0,2634,0,Inactive Base
17823.0,0,1,1,1,15323.0,8,0.0,0.0,1453,0,Inactive Base
8485.0,0,1,1,1,0.0,0,0.0,0.0,2111,0,Inactive Base
56756.0,0,3,1,1,10851.0,14,0.0,0.0,2068,0,Inactive Base
99196.0,0,4,1,1,28334.0,16,0.0,0.0,2595,0,Bonus Accumulators
21736.0,0,1,2,1,6672.0,10,0.0,0.0,2544,0,Inactive Base
11324.0,0,3,1,1,11082.0,11,0.0,0.0,2661,1,Inactive Base
60109.0,0,1,1,1,2300.0,6,783.75,2.5,2501,1,Frequent Flyers
129887.0,0,1,1,1,26810.0,10,783.75,2.5,2566,1,Frequent Flyers
18150.0,0,1,1,1,240.0,2,0.0,0.0,2538,0,Inactive Base
57432.0,0,2,1,1,13422.0,19,783.75,2.5,2546,1,Frequent Flyers
32659.0,0,1,1,1,3614.0,14,0.0,0.0,2553,0,Inactive Base
103203.0,0,1,1,1,3200.0,4,200.0,2.0,1556,1,Frequent Flyers
27122.0,0,1,1,1,0.0,0,0.0,0.0,2630,0,Inactive Base
40252.0,0,1,1,1,1375.0,4,0.0,0.0,2565,0,Inactive Base
194816.0,0,1,1,1,20822.0,25,783.75,2.5,2424,1,Frequent Flyers
65460.0,0,1,1,1,0.0,0,0.0,0.0,2493,0,Inactive Base
17863.0,0,1,1,1,0.0,0,0.0,0.0,2028,1,Inactive Base
28443.0,0,4,1,1,53065.0,18,150.0,1.0,2462,1,Bonus Accumulators
15655.0,0,1,1,1,2807.0,12,783.75,2.5,2476,1,Frequent Flyers
38307.0,0,1,1,1,1500.0,3,783.75,2.5,2151,0,Frequent Flyers
15135.0,0,3,1,1,13357.0,14,0.0,0.0,2579,1,Bonus Accumulators
73601.0,0,2,1,1,12902.0,36,783.75,2.5,2624,0,Frequent Flyers
31489.0,0,3,1,1,21950.0,21,0.0,0.0,2216,1,Bonus Accumulators
48852.0,0,1,1,1,1058.0,3,0.0,0.0,2278,1,Inactive Base
188883.0,0,1,1,1,5500.0,3,0.0,0.0,2613,1,Inactive Base
37212.0,0,1,1,1,0.0,0,0.0,0.0,2455,0,Inactive Base
43285.0,0,1,1,1,745.0,3,0.0,0.0,2436,1,Inactive Base
10758.0,0,1,1,1,0.0,0,0.0,0.0,1777,0,Inactive Base
40926.0,0,1,1,1,1725.0,7,0.0,0.0,2453,0,Inactive Base
10915.0,0,1,1,1,5455.0,15,0.0,0.0,2473,1,Inactive Base
38580.0,0,1,1,1,4337.0,7,0.0,0.0,2168,0,Inactive Base
26650.0,0,1,1,1,4652.0,11,783.75,2.5,1958,0,Frequent Flyers
25268.0,0,1,1,1,4566.0,8,783.75,2.5,2126,1,Frequent Flyers
9338.0,0,1,1,1,200.0,1,200.0,1.0,2371,0,Inactive Base
67070.0,0,4,1,1,34600.0,27,783.75,2.5,2416,1,Frequent Flyers
19382.0,0,1,1,1,195.0,2,0.0,0.0,2545,0,Inactive Base
25205.0,0,1,1,1,0.0,0,0.0,0.0,2532,0,Inactive Base
9634.0,0,1,1,1,9634.0,5,0.0,0.0,2146,0,Inactive Base
18954.0,0,1,1,1,550.0,3,550.0,2.5,2465,0,Frequent Flyers
41279.0,0,2,1,1,8682.0,14,0.0,0.0,2241,0,Inactive Base
56624.0,0,1,2,1,12311.0,14,0.0,0.0,2491,0,Inactive Base
11021.0,0,1,1,1,115.0,2,0.0,0.0,2449,0,Inactive Base
4096.0,0,1,1,1,3802.0,8,0.0,0.0,2433,1,Inactive Base
5199.0,0,3,1,1,28100.0,16,0.0,0.0,2592,1,Bonus Accumulators
41072.0,0,1,1,1,3751.0,15,0.0,0.0,2378,0,Inactive Base
83623.0,0,1,1,1,2692.0,6,783.75,2.5,2395,0,Frequent Flyers
15920.0,0,1,1,1,2500.0,1,0.0,0.0,2466,1,Inactive Base
50674.0,0,2,1,1,22073.0,12,0.0,0.0,1615,0,Inactive Base
55461.0,0,4,1,1,31658.0,17,500.0,2.0,2315,0,Frequent Flyers
93264.0,0,1,1,1,3250.0,19,0.0,0.0,2369,0,Inactive Base
115154.0,0,3,1,1,13466.0,17,500.0,1.0,2440,0,Frequent Flyers
24920.0,0,1,1,1,375.0,3,0.0,0.0,2067,0,Inactive Base
64924.0,0,1,3,1,14971.0,13,0.0,0.0,1989,0,Inactive Base
25210.0,0,1,1,1,14500.0,5,500.0,1.0,2138,0,Inactive Base
41247.0,0,1,1,1,0.0,0,0.0,0.0,2407,0,Inactive Base
5929.0,0,1,1,1,168.0,7,0.0,0.0,2371,0,Inactive Base
14457.0,0,1,1,1,1875.0,8,0.0,0.0,2409,0,Inactive Base
29067.0,0,1,1,1,485.0,3,250.0,1.0,2147,1,Inactive Base
112164.0,0,3,1,1,16802.0,14,0.0,0.0,2188,0,Bonus Accumulators
44764.0,0,2,1,1,5539.0,6,0.0,0.0,2081,0,Inactive Base
38997.0,0,1,1,1,5158.0,18,0.0,0.0,2399,0,Inactive Base
115215.0,0,2,1,1,5824.0,7,0.0,0.0,2096,1,Inactive Base
96714.0,0,3,1,1,17026.0,15,0.0,0.0,2185,0,Bonus Accumulators
32988.0,0,4,1,1,49484.0,14,0.0,0.0,2161,1,Bonus Accumulators
11552.0,0,1,1,1,0.0,0,0.0,0.0,481,0,Inactive Base
38739.0,0,1,1,1,3050.0,3,550.0,2.0,1976,0,Inactive Base
142989.0,0,4,1,1,26210.0,14,500.0,1.0,2340,0,Bonus Accumulators
1724.0,0,3,1,1,27305.0,20,0.0,0.0,1784,1,Bonus Accumulators
56395.0,0,5,1,1,57651.875,24,783.75,2.5,2344,1,Frequent Flyers
11845.0,0,1,1,1,625.0,2,0.0,0.0,2334,0,Inactive Base
46378.0,0,1,1,1,2358.0,5,783.75,2.5,1766,0,Frequent Flyers
85071.0,0,1,1,1,6600.0,4,0.0,0.0,2322,0,Inactive Base
53543.0,0,1,1,1,21183.0,11,563.0,2.0,1149,0,Frequent Flyers
33834.0,0,1,1,1,3920.0,12,0.0,0.0,1850,0,Inactive Base
36839.0,0,1,1,1,4436.0,6,0.0,0.0,2275,1,Inactive Base
42042.0,0,2,1,1,9846.0,14,0.0,0.0,1606,0,Inactive Base
72027.0,0,1,1,1,0.0,0,0.0,0.0,2386,0,Inactive Base
2692.0,0,1,1,1,800.0,4,50.0,1.0,2447,0,Inactive Base
17818.0,0,1,1,1,0.0,0,0.0,0.0,1709,0,Inactive Base
70927.0,0,1,1,1,12011.0,12,783.75,2.5,2096,1,Frequent Flyers
57622.0,0,1,1,1,1250.0,3,0.0,0.0,2337,0,Inactive Base
323.0,0,1,1,1,0.0,0,0.0,0.0,1975,0,Inactive Base
33530.0,0,1,1,1,0.0,0,0.0,0.0,1777,0,Inactive Base
16452.0,0,1,1,1,9181.0,5,0.0,0.0,2108,0,Inactive Base
203211.125,0,1,1,1,26161.0,38,783.75,2.5,2272,1,Frequent Flyers
55487.0,0,3,1,1,23123.0,19,783.75,2.5,1986,1,Frequent Flyers
14648.0,0,3,1,1,21157.0,12,0.0,0.0,1843,1,Bonus Accumulators
10621.0,0,1,1,1,90.0,3,0.0,0.0,2223,0,Inactive Base
23224.0,0,1,1,1,1750.0,7,0.0,0.0,2322,0,Inactive Base
17684.0,0,1,1,1,93.0,1,0.0,0.0,2012,0,Inactive Base
2477.0,0,1,1,1,2319.0,6,500.0,1.0,2137,1,Inactive Base
44668.0,0,1,1,1,872.0,2,0.0,0.0,1557,0,Inactive Base
22461.0,0,1,1,1,150.0,1,150.0,1.0,2223,0,Inactive Base
103200.0,0,1,1,1,500.0,1,500.0,1.0,2062,1,Inactive Base
74007.0,0,2,1,1,9259.0,13,0.0,0.0,2181,0,Inactive Base
22134.0,0,1,1,1,0.0,0,0.0,0.0,2161,0,Inactive Base
203211.125,0,1,1,1,5125.0,18,0.0,0.0,2150,0,Inactive Base
24683.0,0,1,1,1,600.0,2,0.0,0.0,2117,0,Inactive Base
51680.0,0,4,1,1,54926.0,38,783.75,2.5,2112,1,Frequent Flyers
8819.0,0,3,1,1,12472.0,15,0.0,0.0,1920,1,Bonus Accumulators
61545.0,0,3,1,1,18351.0,18,0.0,0.0,1973,0,Bonus Accumulators
124837.0,0,1,1,1,4400.0,7,783.75,2.5,2053,1,Frequent Flyers
50848.0,0,1,1,1,0.0,0,0.0,0.0,1773,0,Inactive Base
19661.0,0,1,1,1,0.0,0,0.0,0.0,2175,0,Inactive Base
32156.0,0,2,1,1,23928.0,29,783.75,2.5,2257,1,Frequent Flyers
123055.0,0,1,1,1,11564.0,5,783.75,2.0,2209,1,Frequent Flyers
63331.0,0,1,1,1,4200.0,4,700.0,2.0,2060,0,Frequent Flyers
9646.0,0,1,1,1,3445.0,11,0.0,0.0,2140,0,Inactive Base
16569.0,0,1,1,1,3204.0,8,0.0,0.0,2120,0,Inactive Base
194111.0,0,1,1,1,12350.0,30,783.75,2.5,1777,1,Frequent Flyers
147128.0,0,5,1,1,57651.875,38,783.75,1.0,2279,1,Frequent Flyers
59177.0,0,1,1,1,2300.0,6,700.0,2.5,1869,1,Frequent Flyers
26693.0,0,3,1,1,22057.0,14,0.0,0.0,1863,1,Bonus Accumulators
2912.0,0,1,1,1,510.0,1,0.0,0.0,2132,0,Inactive Base
13982.0,0,1,1,1,500.0,1,0.0,0.0,2117,0,Inactive Base
14428.0,0,1,1,1,3475.0,21,0.0,0.0,1599,0,Inactive Base
21740.0,0,1,1,1,5625.0,11,0.0,0.0,2048,0,Inactive Base
8811.0,0,1,1,1,600.0,5,0.0,0.0,2032,0,Inactive Base
48256.0,0,2,1,1,8942.0,14,0.0,0.0,2121,0,Inactive Base
10994.0,0,3,1,1,10492.0,15,0.0,0.0,2215,1,Bonus Accumulators
27320.0,0,1,1,1,0.0,0,0.0,0.0,1725,0,Inactive Base
66614.0,0,1,1,1,0.0,0,0.0,0.0,1992,0,Inactive Base
78105.0,0,2,1,1,49364.0,14,0.0,0.0,2070,0,Bonus Accumulators
120860.0,0,1,1,1,2000.0,1,0.0,0.0,1761,0,Inactive Base
77382.0,0,1,1,1,4950.0,13,0.0,0.0,2256,0,Inactive Base
19290.0,0,1,1,1,0.0,0,0.0,0.0,2331,0,Inactive Base
50987.0,0,1,1,1,0.0,0,0.0,0.0,2259,0,Inactive Base
101290.0,0,4,1,1,33876.0,22,500.0,1.0,2291,1,Bonus Accumulators
17377.0,0,1,1,1,500.0,1,0.0,0.0,2010,1,Inactive Base
11711.0,0,1,1,1,500.0,1,500.0,1.0,1922,0,Inactive Base
28712.0,0,1,1,1,1500.0,3,783.75,2.5,2256,1,Frequent Flyers
110839.0,0,1,1,1,17550.0,24,783.75,2.5,2272,1,Frequent Flyers
65633.0,0,1,1,1,3100.0,10,783.75,2.5,1791,0,Frequent Flyers
69106.0,0,1,1,1,17832.0,10,0.0,0.0,2007,0,Inactive Base
66009.0,0,1,1,1,0.0,0,0.0,0.0,1603,1,Inactive Base
16843.0,0,1,1,1,780.0,3,0.0,0.0,2112,0,Inactive Base
27071.0,0,1,1,1,2125.0,10,0.0,0.0,2059,0,Inactive Base
25807.0,0,1,1,1,550.0,3,550.0,2.5,1838,0,Frequent Flyers
132871.0,0,1,1,1,300.0,3,200.0,2.0,1719,0,Inactive Base
24065.0,0,3,1,1,29586.0,9,0.0,0.0,1045,1,Bonus Accumulators
92533.0,0,1,1,1,2220.0,4,783.75,2.5,1905,0,Frequent Flyers
14513.0,0,1,1,1,50.0,2,0.0,0.0,1710,0,Inactive Base
162365.0,0,5,1,1,57651.875,15,0.0,0.0,1948,0,Bonus Accumulators
4834.0,0,2,1,1,13441.0,17,0.0,0.0,1851,1,Inactive Base
21311.0,0,1,1,1,2000.0,9,0.0,0.0,1990,0,Inactive Base
49804.0,0,1,1,1,0.0,0,0.0,0.0,2157,0,Inactive Base
135567.0,0,1,1,1,3650.0,5,783.75,2.5,1967,0,Frequent Flyers
135374.0,0,3,1,1,23835.0,22,783.75,2.0,2294,0,Frequent Flyers
140914.0,0,1,1,1,0.0,0,0.0,0.0,1791,0,Inactive Base
6789.0,0,1,1,1,0.0,0,0.0,0.0,2237,0,Inactive Base
61893.0,0,1,1,1,0.0,0,0.0,0.0,2320,0,Inactive Base
83082.0,0,1,1,1,16207.0,13,250.0,1.0,2003,1,Inactive Base
16962.0,0,1,1,1,0.0,0,0.0,0.0,2206,0,Inactive Base
85955.0,0,4,1,1,34197.0,22,600.0,2.0,2046,0,Frequent Flyers
22215.0,0,1,1,1,2375.0,12,0.0,0.0,1857,0,Inactive Base
105898.0,0,1,1,1,4444.0,5,783.75,2.5,2332,0,Frequent Flyers
66807.0,0,3,1,1,23456.0,14,0.0,0.0,1575,0,Bonus Accumulators
131366.0,0,1,1,1,1500.0,2,500.0,1.0,1999,0,Inactive Base
31929.0,0,1,1,1,3500.0,3,783.75,2.0,2019,1,Frequent Flyers
20540.0,0,1,1,1,5731.0,15,500.0,1.0,1970,0,Inactive Base
48131.0,0,5,1,1,57651.875,18,0.0,0.0,2161,1,Bonus Accumulators
16346.0,0,1,1,1,5930.0,15,0.0,0.0,2108,1,Inactive Base
15540.0,0,1,1,1,209.0,3,104.0,1.0,1761,0,Inactive Base
17828.0,0,4,1,1,35099.0,14,0.0,0.0,2115,1,Bonus Accumulators
203211.125,0,5,1,1,57651.875,27,150.0,2.5,2047,0,Bonus Accumulators
66300.0,0,1,1,1,4750.0,6,783.75,2.5,1884,0,Frequent Flyers
28446.0,0,1,1,1,0.0,0,0.0,0.0,1920,0,Inactive Base
80906.0,0,3,1,1,23548.0,15,0.0,0.0,2140,0,Bonus Accumulators
12153.0,0,1,1,1,1050.0,9,783.75,2.5,2041,0,Frequent Flyers
37569.0,0,1,1,1,3850.0,4,250.0,1.0,1597,1,Inactive Base
98151.0,0,3,1,1,38812.0,11,500.0,1.0,1976,0,Bonus Accumulators
203211.125,0,1,1,1,7750.0,32,750.0,2.5,2102,0,Frequent Flyers
19881.0,0,1,1,1,2472.0,15,0.0,0.0,2186,0,Inactive Base
13490.0,0,1,1,1,0.0,0,0.0,0.0,2032,1,Inactive Base
46672.0,0,3,1,1,22404.0,22,0.0,0.0,2021,0,Bonus Accumulators
119735.0,0,3,1,1,22432.0,17,783.75,2.0,1996,1,Frequent Flyers
18317.0,0,1,1,1,2375.0,12,0.0,0.0,2032,0,Inactive Base
26334.0,0,1,1,1,0.0,0,0.0,0.0,2258,0,Inactive Base
143441.0,0,5,1,1,57651.875,27,0.0,0.0,2238,0,Bonus Accumulators
10697.0,0,1,1,1,1000.0,8,0.0,0.0,2111,0,Inactive Base
14072.0,0,3,1,1,20700.0,16,0.0,0.0,1949,1,Bonus Accumulators
35661.0,0,1,1,1,600.0,3,500.0,2.0,1759,1,Frequent Flyers
54697.0,0,1,1,1,1625.0,6,0.0,0.0,1809,0,Inactive Base
18359.0,0,1,1,1,0.0,0,0.0,0.0,1748,0,Inactive Base
47764.0,0,2,1,1,23122.0,11,400.0,1.0,1872,1,Frequent Flyers
51169.0,0,3,1,1,13080.0,13,0.0,0.0,1809,0,Inactive Base
32099.0,0,3,1,1,10534.0,6,0.0,0.0,1929,0,Inactive Base
84148.0,0,1,1,5,57651.875,7,0.0,0.0,1054,0,Bonus Accumulators
45137.0,0,1,1,1,2000.0,1,0.0,0.0,1319,1,Inactive Base
18179.0,0,1,1,1,5488.0,3,0.0,0.0,1877,1,Inactive Base
39566.0,0,2,1,1,23755.0,18,0.0,0.0,1763,0,Inactive Base
46809.0,0,1,1,1,125.0,1,0.0,0.0,1878,0,Inactive Base
41628.0,0,3,1,1,16771.0,12,0.0,0.0,1818,0,Inactive Base
20891.0,0,1,1,1,150.0,3,0.0,0.0,1920,0,Inactive Base
36513.0,0,1,1,1,825.0,3,725.0,2.0,1611,0,Frequent Flyers
116923.0,0,5,1,1,57651.875,38,0.0,0.0,1738,0,Bonus Accumulators
7879.0,0,1,1,1,1815.0,5,0.0,0.0,1849,0,Inactive Base
40091.0,0,1,1,1,0.0,0,0.0,0.0,1803,0,Inactive Base
45842.0,0,1,1,1,8253.0,15,128.0,1.0,1805,1,Inactive Base
500.0,0,1,1,1,0.0,0,0.0,0.0,396,0,Inactive Base
43595.0,0,1,1,1,4375.0,14,0.0,0.0,1867,0,Inactive Base
29291.0,0,4,1,1,31357.0,32,783.75,2.5,1391,1,Frequent Flyers
63392.0,0,3,1,1,20553.0,17,0.0,0.0,1087,0,Bonus Accumulators
19578.0,0,2,1,1,5208.0,11,0.0,0.0,1632,1,Inactive Base
10926.0,0,1,1,1,0.0,0,0.0,0.0,1851,0,Inactive Base
19839.0,0,4,1,1,36375.0,15,0.0,0.0,1535,1,Bonus Accumulators
64594.0,0,2,1,1,9295.0,14,0.0,0.0,1869,0,Inactive Base
24580.0,0,1,1,1,255.0,3,0.0,0.0,1926,0,Inactive Base
20318.0,0,1,2,1,6990.0,13,0.0,0.0,1956,0,Inactive Base
24579.0,0,1,1,1,2100.0,10,0.0,0.0,1967,0,Inactive Base
71713.0,0,1,1,1,2135.0,4,0.0,0.0,1845,0,Inactive Base
73501.0,0,3,1,1,21014.0,26,783.75,2.5,1720,0,Frequent Flyers
61479.0,0,1,1,1,6050.0,4,50.0,1.0,1755,0,Inactive Base
21915.0,0,1,1,1,1875.0,8,0.0,0.0,1518,0,Inactive Base
16465.0,0,1,1,1,16165.0,5,0.0,0.0,1631,0,Inactive Base
61841.0,0,1,1,1,48700.0,38,0.0,0.0,1659,1,Bonus Accumulators
23197.0,0,1,3,1,10587.0,13,150.0,1.0,1747,0,Inactive Base
26069.0,0,1,1,1,0.0,0,0.0,0.0,1278,0,Inactive Base
5690.0,0,2,1,1,11612.0,15,0.0,0.0,1549,1,Inactive Base
1000.0,0,1,1,1,0.0,0,0.0,0.0,1597,0,Inactive Base
14052.0,0,1,1,1,0.0,0,0.0,0.0,1808,0,Inactive Base
2143.0,0,1,1,1,0.0,0,0.0,0.0,1672,0,Inactive Base
18239.0,0,1,1,1,0.0,0,0.0,0.0,1683,0,Inactive Base
4892.0,0,1,1,1,0.0,0,0.0,0.0,1282,0,Inactive Base
34412.0,0,3,1,1,14734.0,13,0.0,0.0,1524,1,Bonus Accumulators
34535.0,0,1,1,1,2719.0,12,0.0,0.0,1358,0,Inactive Base
23720.0,0,1,1,1,4000.0,3,500.0,1.0,1678,1,Inactive Base
11816.0,0,1,1,1,0.0,0,0.0,0.0,1596,0,Inactive Base
11218.0,0,1,1,1,3850.0,14,0.0,0.0,1604,0,Inactive Base
12568.0,0,1,1,1,350.0,3,0.0,0.0,1664,0,Inactive Base
13188.0,0,1,1,1,1500.0,3,783.75,2.5,1955,0,Frequent Flyers
39983.0,0,3,1,1,39983.0,11,0.0,0.0,1569,0,Bonus Accumulators
28526.0,0,1,1,1,4167.0,15,0.0,0.0,1360,0,Inactive Base
68359.0,0,3,1,1,15803.0,17,0.0,0.0,1293,0,Inactive Base
22048.0,0,1,1,1,100.0,1,0.0,0.0,1702,0,Inactive Base
1866.0,0,1,1,1,1128.0,8,0.0,0.0,1782,0,Inactive Base
40408.0,0,2,1,1,9612.0,12,0.0,0.0,913,0,Inactive Base
20642.0,0,1,1,1,4977.0,13,0.0,0.0,1614,0,Inactive Base
66574.0,0,1,1,1,2500.0,6,400.0,2.5,1791,0,Frequent Flyers
18656.0,0,1,1,1,4752.0,11,0.0,0.0,968,0,Inactive Base
57374.0,0,1,1,1,2100.0,5,783.75,2.5,1440,0,Frequent Flyers
25898.0,0,1,1,1,7834.0,3,0.0,0.0,1588,0,Inactive Base
42481.0,0,3,1,1,24617.0,16,0.0,0.0,678,0,Bonus Accumulators
62492.0,0,1,1,1,3725.0,11,783.75,2.5,1536,0,Frequent Flyers
4431.0,0,1,1,1,0.0,0,0.0,0.0,1582,0,Inactive Base
25090.0,0,4,1,1,25860.0,9,0.0,0.0,1786,1,Bonus Accumulators
95728.0,0,5,1,1,56111.0,14,0.0,0.0,1372,0,Bonus Accumulators
11631.0,0,1,1,1,3289.0,22,0.0,0.0,1157,0,Inactive Base
54039.0,0,1,1,1,5250.0,22,783.75,2.5,1709,1,Frequent Flyers
5625.0,0,1,1,1,2350.0,12,0.0,0.0,1270,0,Inactive Base
22966.0,0,1,1,1,3950.0,8,450.0,2.5,1443,1,Frequent Flyers
5544.0,0,1,1,1,350.0,3,0.0,0.0,1713,0,Inactive Base
37171.0,0,1,1,1,3450.0,5,783.75,2.5,1341,1,Frequent Flyers
40425.0,0,1,1,1,3300.0,8,783.75,2.5,1753,0,Frequent Flyers
9805.0,0,1,1,1,4403.0,11,0.0,0.0,1559,1,Inactive Base
29417.0,0,1,1,1,16011.0,3,0.0,0.0,1582,0,Inactive Base
37093.0,0,1,1,1,4250.0,13,0.0,0.0,1810,0,Inactive Base
21461.0,0,1,1,1,4010.0,26,0.0,0.0,1509,0,Inactive Base
21950.0,0,1,1,1,5739.0,16,0.0,0.0,1668,0,Inactive Base
14233.0,0,1,1,1,160.0,3,0.0,0.0,1687,0,Inactive Base
105737.0,0,5,1,1,57651.875,13,0.0,0.0,1705,0,Bonus Accumulators
22551.0,0,1,1,1,0.0,0,0.0,0.0,1794,0,Inactive Base
35474.0,0,1,1,1,15086.0,6,0.0,0.0,1479,0,Inactive Base
21854.0,0,1,1,1,500.0,1,500.0,1.0,1100,0,Inactive Base
50386.0,0,1,1,1,2750.0,8,0.0,0.0,1721,0,Inactive Base
28502.0,0,1,1,1,2375.0,12,0.0,0.0,1732,0,Inactive Base
203211.125,0,4,1,1,37766.0,28,783.75,2.5,890,1,Frequent Flyers
20516.0,0,1,1,1,3500.0,20,0.0,0.0,1429,0,Inactive Base
97391.0,0,1,1,1,26299.0,8,0.0,0.0,1607,0,Inactive Base
29253.0,0,1,1,1,7625.0,5,0.0,0.0,1630,0,Inactive Base
139982.0,0,1,1,1,14500.0,6,0.0,0.0,1430,0,Inactive Base
68192.0,0,1,1,1,1300.0,9,783.75,2.5,1640,0,Frequent Flyers
21615.0,0,1,1,1,5043.0,13,783.75,2.0,1069,0,Frequent Flyers
36829.0,0,4,1,1,42497.0,19,783.75,1.0,1015,1,Frequent Flyers
152178.0,0,4,1,1,39760.0,15,248.0,1.0,1073,0,Bonus Accumulators
17397.0,0,1,1,1,1750.0,7,0.0,0.0,1215,0,Inactive Base
45006.0,0,1,1,1,1400.0,6,300.0,2.5,925,0,Inactive Base
4289.0,0,1,1,1,2350.0,4,750.0,2.0,1083,0,Frequent Flyers
133351.0,0,5,1,1,57651.875,38,783.75,2.5,1529,1,Frequent Flyers
42093.0,0,1,1,1,1831.0,4,0.0,0.0,1526,0,Inactive Base
74331.0,0,3,1,1,15779.0,14,0.0,0.0,1514,0,Inactive Base
120462.0,0,1,1,1,10500.0,9,750.0,2.0,1503,0,Frequent Flyers
14243.0,0,1,1,1,6654.0,17,0.0,0.0,1487,0,Inactive Base
6803.0,0,1,1,1,1644.0,11,0.0,0.0,1296,0,Inactive Base
8885.0,0,1,1,1,1500.0,5,0.0,0.0,1386,0,Inactive Base
38761.0,0,2,1,1,9015.0,12,0.0,0.0,1533,0,Inactive Base
5500.0,0,1,1,1,0.0,0,0.0,0.0,989,0,Inactive Base
76660.0,0,3,1,1,38807.0,24,783.75,1.0,1193,0,Frequent Flyers
30463.0,0,1,1,1,4619.0,9,0.0,0.0,1275,0,Inactive Base
6914.0,0,1,1,1,0.0,0,0.0,0.0,812,0,Inactive Base
67495.0,0,2,1,1,8620.0,8,0.0,0.0,1302,0,Inactive Base
15339.0,0,1,1,1,1375.0,4,0.0,0.0,628,0,Inactive Base
5745.0,0,1,1,1,400.0,4,400.0,2.5,1067,0,Inactive Base
81155.0,0,4,1,1,49904.0,38,0.0,0.0,1276,0,Bonus Accumulators
45432.0,0,3,1,1,12833.0,15,0.0,0.0,1322,0,Inactive Base
39386.0,0,1,1,1,18722.0,7,0.0,0.0,1359,0,Inactive Base
69647.0,0,4,1,1,45175.0,20,783.75,2.5,854,1,Frequent Flyers
25849.0,0,1,1,1,0.0,0,0.0,0.0,996,0,Inactive Base
3625.0,0,1,1,1,0.0,0,0.0,0.0,1369,0,Inactive Base
4057.0,0,1,1,1,23050.0,11,783.75,2.5,1135,1,Frequent Flyers
30273.0,0,1,1,1,1720.0,8,0.0,0.0,1117,0,Inactive Base
24750.0,0,1,1,1,0.0,0,0.0,0.0,968,1,Inactive Base
12471.0,0,1,1,1,0.0,0,0.0,0.0,666,0,Inactive Base
2000.0,0,1,1,1,0.0,0,0.0,0.0,1479,0,Inactive Base
2827.0,0,1,1,1,0.0,0,0.0,0.0,1375,0,Inactive Base
63121.0,0,3,1,1,16634.0,16,150.0,1.0,1349,0,Inactive Base
19694.0,0,1,1,1,2125.0,10,0.0,0.0,1436,0,Inactive Base
11571.0,0,1,1,1,0.0,0,0.0,0.0,1116,0,Inactive Base
26933.0,0,1,1,1,750.0,6,0.0,0.0,1299,0,Inactive Base
1456.0,0,1,1,1,500.0,1,0.0,0.0,1130,0,Inactive Base
16188.0,0,1,1,1,3726.0,7,300.0,2.5,900,1,Frequent Flyers
12088.0,0,4,1,1,27292.0,17,100.0,1.0,1298,1,Bonus Accumulators
119214.0,0,1,1,1,19633.0,23,783.75,2.5,1041,1,Frequent Flyers
66956.0,0,1,1,1,4520.0,5,783.75,1.0,1342,0,Inactive Base
4360.0,0,1,1,1,2000.0,9,0.0,0.0,1355,0,Inactive Base
7056.0,0,1,1,1,0.0,0,0.0,0.0,1057,0,Inactive Base
32934.0,0,1,1,1,500.0,1,0.0,0.0,858,1,Inactive Base
6551.0,0,1,1,1,300.0,3,300.0,2.5,1117,0,Inactive Base
24915.0,0,1,1,1,265.0,3,0.0,0.0,1184,0,Inactive Base
10100.0,0,1,1,1,4400.0,12,783.75,2.5,1032,0,Frequent Flyers
20691.0,0,1,1,1,16448.0,6,0.0,0.0,1227,0,Inactive Base
11676.0,0,1,1,1,1000.0,1,0.0,0.0,1158,0,Inactive Base
31504.0,0,1,1,1,7358.0,2,0.0,0.0,1022,0,Inactive Base
12093.0,0,1,1,1,1605.0,4,0.0,0.0,1411,0,Inactive Base
44353.0,0,1,1,1,2500.0,1,0.0,0.0,138,0,Inactive Base
35557.0,0,1,1,1,350.0,3,0.0,0.0,1135,0,Inactive Base
38465.0,0,1,1,1,10550.0,3,550.0,2.0,1580,1,Frequent Flyers
3258.0,0,1,1,1,0.0,0,0.0,0.0,106,0,Inactive Base
31224.0,0,1,1,1,1150.0,7,650.0,2.5,1508,0,Frequent Flyers
93191.0,0,1,1,1,10463.0,17,783.75,2.5,1539,0,Frequent Flyers
20010.0,0,1,1,1,0.0,0,0.0,0.0,1302,0,Inactive Base
37866.0,0,2,1,1,9200.0,18,0.0,0.0,1230,0,Inactive Base
65664.0,0,2,1,1,11899.0,5,0.0,0.0,1121,0,Inactive Base
59967.0,0,1,1,1,10000.0,4,0.0,0.0,959,1,Inactive Base
12134.0,0,4,1,1,57651.875,25,783.75,2.5,974,1,Frequent Flyers
19892.0,0,1,1,1,3505.0,13,0.0,0.0,1240,0,Inactive Base
38292.0,0,1,2,1,12487.0,13,250.0,2.0,531,0,Inactive Base
68224.0,0,4,1,1,28916.0,16,0.0,0.0,1258,0,Bonus Accumulators
103645.0,0,1,1,1,3450.0,3,783.75,2.0,1374,0,Frequent Flyers
189077.0,0,4,1,1,54353.0,27,100.0,1.0,542,0,Bonus Accumulators
3246.0,0,1,1,1,0.0,0,0.0,0.0,1401,0,Inactive Base
33323.0,0,1,1,1,0.0,0,0.0,0.0,1405,0,Inactive Base
114719.0,0,1,1,1,0.0,0,0.0,0.0,1136,1,Inactive Base
60319.0,0,3,1,1,22051.0,19,50.0,1.0,817,0,Bonus Accumulators
25705.0,0,1,1,1,0.0,0,0.0,0.0,1180,0,Inactive Base
52475.0,0,3,1,1,14447.0,13,0.0,0.0,962,0,Inactive Base
151265.0,0,5,1,1,57651.875,13,0.0,0.0,1213,0,Bonus Accumulators
960.0,0,1,1,1,6000.0,1,0.0,0.0,1262,1,Inactive Base
17036.0,0,1,1,1,0.0,0,0.0,0.0,1210,0,Inactive Base
34458.0,0,1,1,1,1883.0,8,0.0,0.0,843,0,Inactive Base
177785.0,0,5,1,1,57651.875,15,0.0,0.0,1251,1,Bonus Accumulators
13125.0,0,1,1,1,550.0,4,550.0,2.5,268,0,Inactive Base
14494.0,0,1,1,1,500.0,1,0.0,0.0,575,0,Inactive Base
13460.0,0,1,1,1,0.0,0,0.0,0.0,271,0,Inactive Base
9216.0,0,1,1,1,340.0,3,0.0,0.0,1466,0,Inactive Base
22840.0,0,1,1,1,0.0,0,0.0,0.0,773,0,Inactive Base
22289.0,0,3,1,1,18105.0,34,189.0,1.0,1501,1,Bonus Accumulators
9389.0,0,1,1,1,4195.0,5,695.0,2.0,1509,1,Frequent Flyers
26375.0,0,1,1,1,7875.0,38,0.0,0.0,1431,0,Inactive Base
3625.0,0,1,1,1,2000.0,9,0.0,0.0,1431,0,Inactive Base
16200.0,0,1,1,1,5375.0,28,0.0,0.0,1407,0,Inactive Base
40465.0,0,1,1,1,6540.0,28,0.0,0.0,1408,0,Inactive Base
1000.0,0,1,1,1,375.0,3,0.0,0.0,1382,0,Inactive Base
4750.0,0,1,1,1,1875.0,8,0.0,0.0,1416,0,Inactive Base
74280.0,0,3,1,1,23735.0,18,0.0,0.0,1425,0,Bonus Accumulators
1250.0,0,1,1,1,625.0,5,0.0,0.0,1071,0,Inactive Base
60014.0,0,4,1,1,45105.0,32,500.0,2.0,669,0,Frequent Flyers
12250.0,0,1,1,1,4875.0,32,0.0,0.0,1346,0,Inactive Base
8250.0,0,1,1,1,3000.0,17,0.0,0.0,915,0,Inactive Base
15732.0,0,1,1,1,6875.0,33,0.0,0.0,666,0,Inactive Base
9300.0,0,1,1,1,3250.0,18,0.0,0.0,1396,0,Inactive Base
9500.0,0,1,1,1,3125.0,18,0.0,0.0,1415,0,Inactive Base
3750.0,0,1,1,1,1500.0,5,0.0,0.0,1397,0,Inactive Base
12350.0,0,1,1,1,4125.0,26,0.0,0.0,1314,0,Inactive Base
13623.0,0,1,1,1,2625.0,14,0.0,0.0,1330,0,Inactive Base
10824.0,0,1,1,1,3375.0,19,0.0,0.0,867,0,Inactive Base
1250.0,0,1,1,1,1250.0,3,0.0,0.0,679,0,Inactive Base
17215.0,0,1,1,1,1750.0,7,0.0,0.0,1423,0,Inactive Base
16825.0,0,1,1,1,4250.0,27,0.0,0.0,1431,0,Inactive Base
2125.0,0,1,1,1,875.0,7,0.0,0.0,1396,0,Inactive Base
9175.0,0,1,1,1,4000.0,25,0.0,0.0,1428,0,Inactive Base
23717.0,0,1,1,1,3375.0,19,0.0,0.0,1404,0,Inactive Base
18750.0,0,1,1,1,7000.0,38,0.0,0.0,1036,0,Inactive Base
6125.0,0,1,1,1,2750.0,8,0.0,0.0,144,0,Inactive Base
4399.0,0,1,1,1,750.0,6,0.0,0.0,1369,0,Inactive Base
10200.0,0,1,1,1,3625.0,15,0.0,0.0,1408,0,Inactive Base
49151.0,0,2,1,1,12931.0,38,0.0,0.0,1423,0,Bonus Accumulators
9375.0,0,1,1,1,3250.0,19,0.0,0.0,1410,0,Inactive Base
8992.0,0,1,1,1,1250.0,3,0.0,0.0,1417,0,Inactive Base
13936.0,0,1,1,1,1625.0,6,0.0,0.0,1418,0,Inactive Base
5250.0,0,1,1,1,1875.0,8,0.0,0.0,1418,0,Inactive Base
5500.0,0,1,1,1,2875.0,9,0.0,0.0,1428,0,Inactive Base
29182.0,0,1,1,1,3517.0,18,642.0,2.0,1404,0,Frequent Flyers
7400.0,0,1,1,1,2600.0,14,0.0,0.0,1394,0,Inactive Base
4350.0,0,1,1,1,2100.0,10,0.0,0.0,1409,0,Inactive Base
6875.0,0,1,1,1,4625.0,30,0.0,0.0,581,0,Inactive Base
6000.0,0,1,1,1,2250.0,4,0.0,0.0,713,0,Inactive Base
11927.0,0,1,1,1,4000.0,15,500.0,1.0,1188,0,Inactive Base
11864.0,0,1,1,1,2500.0,13,0.0,0.0,1397,0,Inactive Base
10000.0,0,1,1,1,3375.0,19,0.0,0.0,1418,0,Inactive Base
5375.0,0,1,1,1,1375.0,11,0.0,0.0,1396,0,Inactive Base
4500.0,0,1,1,1,1500.0,5,0.0,0.0,1033,0,Inactive Base
4150.0,0,1,1,1,375.0,3,0.0,0.0,1424,0,Inactive Base
9125.0,0,1,1,1,750.0,6,0.0,0.0,1174,0,Inactive Base
13301.0,0,1,1,1,3500.0,21,0.0,0.0,1400,0,Inactive Base
16504.0,0,1,1,1,500.0,4,0.0,0.0,1397,0,Inactive Base
10400.0,0,1,1,1,1840.0,10,0.0,0.0,1397,0,Inactive Base
3750.0,0,1,1,1,1750.0,7,0.0,0.0,1178,0,Inactive Base
8725.0,0,1,1,1,5600.0,14,0.0,0.0,1426,0,Inactive Base
7388.0,0,1,1,1,3958.0,15,150.0,1.0,446,0,Inactive Base
16700.0,0,1,1,1,1500.0,5,0.0,0.0,1269,0,Inactive Base
11850.0,0,1,1,1,4475.0,29,0.0,0.0,893,0,Inactive Base
62705.0,0,1,1,1,2750.0,15,0.0,0.0,1422,0,Inactive Base
2125.0,0,1,1,1,625.0,5,0.0,0.0,1248,0,Inactive Base
11875.0,0,1,1,1,3625.0,22,0.0,0.0,1408,0,Inactive Base
7375.0,0,1,1,1,2750.0,13,0.0,0.0,714,0,Inactive Base
54264.0,0,3,1,1,15178.0,17,0.0,0.0,1397,1,Bonus Accumulators
49482.0,0,4,1,1,33147.0,23,0.0,0.0,1255,0,Bonus Accumulators
48607.0,0,3,1,1,18284.0,37,0.0,0.0,1339,0,Bonus Accumulators
3967.0,0,1,1,1,375.0,3,0.0,0.0,1337,0,Inactive Base
6250.0,0,1,1,1,2250.0,11,0.0,0.0,1365,0,Inactive Base
11572.0,0,1,1,1,7164.0,22,0.0,0.0,1163,0,Inactive Base
12000.0,0,1,1,1,5625.0,34,0.0,0.0,859,0,Inactive Base
1500.0,0,1,1,1,500.0,4,0.0,0.0,893,0,Inactive Base
5875.0,0,1,1,1,2125.0,10,0.0,0.0,997,0,Inactive Base
13350.0,0,1,1,1,3850.0,24,0.0,0.0,1071,0,Inactive Base
10197.0,0,1,1,1,3098.0,10,0.0,0.0,723,0,Inactive Base
3250.0,0,1,1,1,2125.0,10,0.0,0.0,1117,0,Inactive Base
12375.0,0,1,1,1,3875.0,24,0.0,0.0,863,0,Inactive Base
7625.0,0,1,1,1,4375.0,21,0.0,0.0,1393,0,Inactive Base
11875.0,0,1,1,1,3625.0,22,0.0,0.0,1388,0,Inactive Base
1625.0,0,1,1,1,1250.0,3,0.0,0.0,1381,0,Inactive Base
160114.0,0,1,1,1,57651.875,38,783.75,2.5,1373,1,Frequent Flyers
4500.0,0,1,1,1,2250.0,11,0.0,0.0,666,0,Inactive Base
2625.0,0,1,1,1,1375.0,4,0.0,0.0,850,0,Inactive Base
5400.0,0,1,1,1,1875.0,8,0.0,0.0,1324,0,Inactive Base
28745.0,0,1,1,1,10375.0,38,0.0,0.0,1323,0,Inactive Base
12675.0,0,1,1,1,4875.0,25,0.0,0.0,1390,0,Inactive Base
2875.0,0,1,1,1,1375.0,4,0.0,0.0,1381,0,Inactive Base
4500.0,0,1,1,1,2125.0,10,0.0,0.0,1271,0,Inactive Base
500.0,0,1,1,1,125.0,1,0.0,0.0,1355,0,Inactive Base
11361.0,0,1,1,1,3375.0,20,0.0,0.0,1367,0,Inactive Base
9794.0,0,1,1,1,2250.0,11,0.0,0.0,968,0,Inactive Base
27619.0,0,4,1,1,57651.875,38,783.75,2.5,1325,1,Frequent Flyers
21842.0,0,1,1,1,3250.0,19,0.0,0.0,929,0,Inactive Base
37478.0,0,1,1,1,5409.0,4,783.75,2.5,429,0,Frequent Flyers
6305.0,0,1,1,1,0.0,0,0.0,0.0,1031,0,Inactive Base
13749.0,0,1,1,1,400.0,4,400.0,2.5,996,0,Inactive Base
7591.0,0,1,1,1,0.0,0,0.0,0.0,926,0,Inactive Base
10508.0,0,1,1,1,0.0,0,0.0,0.0,309,0,Inactive Base
74093.0,0,3,1,1,20055.0,37,0.0,0.0,949,0,Bonus Accumulators
11692.0,0,1,1,1,0.0,0,0.0,0.0,95,0,Inactive Base
1022.0,0,1,1,1,0.0,0,0.0,0.0,463,0,Inactive Base
12964.0,0,1,1,1,450.0,3,350.0,2.0,943,0,Inactive Base
265.0,0,1,1,1,6000.0,1,0.0,0.0,1012,1,Inactive Base
17191.0,0,1,1,1,2484.0,6,783.75,2.5,922,0,Frequent Flyers
29836.0,0,1,1,1,16165.0,3,0.0,0.0,815,0,Inactive Base
22647.0,0,1,1,1,1136.0,9,0.0,0.0,883,0,Inactive Base
33087.0,0,2,1,1,24761.0,9,500.0,1.0,724,1,Frequent Flyers
5931.0,0,1,1,1,0.0,0,0.0,0.0,882,0,Inactive Base
37300.0,0,1,3,1,23760.0,19,0.0,0.0,676,0,Inactive Base
23704.0,0,3,1,1,14935.0,14,0.0,0.0,868,1,Bonus Accumulators
44038.0,0,2,1,1,21634.0,11,0.0,0.0,872,0,Inactive Base
31011.0,0,1,1,1,0.0,0,0.0,0.0,1130,0,Inactive Base
64956.0,0,3,1,1,36694.0,11,0.0,0.0,1012,0,Bonus Accumulators
12078.0,0,1,1,1,500.0,1,500.0,1.0,983,0,Inactive Base
141554.0,0,4,1,1,41685.0,15,783.75,2.0,1139,1,Frequent Flyers
24847.0,0,1,1,1,1550.0,4,0.0,0.0,1022,0,Inactive Base
46207.0,0,3,1,1,16093.0,32,0.0,0.0,1130,0,Bonus Accumulators
121779.0,0,1,1,1,3500.0,3,783.75,2.0,634,0,Frequent Flyers
28049.0,0,1,1,1,100.0,2,0.0,0.0,1164,0,Inactive Base
11690.0,0,1,1,1,0.0,0,0.0,0.0,360,0,Inactive Base
36491.0,0,1,1,1,500.0,1,500.0,1.0,1027,0,Inactive Base
33413.0,0,3,1,1,31605.0,8,0.0,0.0,647,1,Bonus Accumulators
9446.0,0,1,1,1,0.0,0,0.0,0.0,667,0,Inactive Base
48944.0,0,3,1,1,17988.0,12,0.0,0.0,1005,0,Inactive Base
68092.0,0,3,1,1,16524.0,14,500.0,2.0,652,0,Frequent Flyers
1000.0,0,1,1,1,1000.0,1,0.0,0.0,148,0,Inactive Base
1884.0,0,1,1,1,0.0,0,0.0,0.0,31,0,Inactive Base
22027.0,0,1,1,1,1225.0,3,0.0,0.0,653,0,Inactive Base
4130.0,0,1,1,1,100.0,1,0.0,0.0,673,0,Inactive Base
3447.0,0,1,1,1,1000.0,1,0.0,0.0,872,0,Inactive Base
59317.0,0,1,1,1,4794.0,3,783.75,1.0,660,0,Inactive Base
2886.0,0,1,1,1,500.0,1,0.0,0.0,557,0,Inactive Base
4028.0,0,1,1,1,0.0,0,0.0,0.0,346,0,Inactive Base
45485.0,0,1,1,1,8417.0,4,0.0,0.0,759,1,Inactive Base
31539.0,0,1,1,1,6406.0,16,200.0,1.0,721,0,Inactive Base
4586.0,0,1,1,1,1000.0,1,0.0,0.0,249,0,Inactive Base
20335.0,0,1,1,1,5115.0,2,0.0,0.0,768,0,Inactive Base
2250.0,0,1,1,1,1750.0,7,0.0,0.0,817,0,Inactive Base
25418.0,0,1,1,1,50.0,1,50.0,1.0,720,0,Inactive Base
2686.0,0,1,1,1,7500.0,4,500.0,1.0,301,1,Inactive Base
47662.0,0,1,1,1,100.0,1,100.0,1.0,760,0,Inactive Base
4224.0,0,1,1,1,0.0,0,0.0,0.0,336,0,Inactive Base
4375.0,0,1,1,1,2875.0,16,0.0,0.0,248,0,Inactive Base
76210.0,0,4,1,1,37937.0,29,783.75,2.5,798,1,Frequent Flyers
10512.0,0,1,1,1,0.0,0,0.0,0.0,836,0,Inactive Base
3834.0,0,1,1,1,500.0,1,0.0,0.0,524,0,Inactive Base
41537.0,0,1,1,1,3000.0,3,250.0,1.0,669,1,Inactive Base
4584.0,0,1,1,1,0.0,0,0.0,0.0,652,0,Inactive Base
19870.0,0,1,1,1,11075.0,4,0.0,0.0,892,0,Inactive Base
18088.0,0,1,1,1,16697.0,6,0.0,0.0,501,0,Inactive Base
20765.0,0,1,1,1,15949.0,4,0.0,0.0,319,0,Inactive Base
7138.0,0,1,1,1,0.0,0,0.0,0.0,293,0,Inactive Base
17539.0,0,1,1,1,500.0,3,400.0,2.0,628,0,Inactive Base
7038.0,0,1,1,1,1336.0,3,783.75,2.5,309,0,Frequent Flyers
5459.0,0,2,1,1,9864.0,14,0.0,0.0,880,1,Inactive Base
1125.0,0,1,1,1,0.0,0,0.0,0.0,898,0,Inactive Base
8994.0,0,1,1,1,0.0,0,0.0,0.0,1104,0,Inactive Base
44780.0,0,1,1,1,2100.0,3,783.75,2.0,968,0,Frequent Flyers
12286.0,0,2,1,1,7972.0,11,250.0,1.0,1018,1,Inactive Base
25047.0,0,1,1,1,500.0,1,500.0,1.0,443,0,Inactive Base
16844.0,0,1,1,1,0.0,0,0.0,0.0,483,0,Inactive Base
49271.0,0,3,1,1,20695.0,11,0.0,0.0,852,0,Inactive Base
9157.0,0,2,1,1,22802.0,10,783.75,2.5,901,1,Frequent Flyers
86588.0,0,1,1,1,4537.0,4,0.0,0.0,1072,0,Inactive Base
53027.0,0,2,1,1,30627.0,16,0.0,0.0,1290,0,Inactive Base
24765.0,0,1,1,1,19969.0,5,0.0,0.0,595,0,Inactive Base
29174.0,0,1,1,1,100.0,1,0.0,0.0,1087,0,Inactive Base
1100.0,0,1,1,1,1100.0,2,0.0,0.0,438,0,Inactive Base
56712.0,0,3,1,1,15685.0,14,500.0,1.0,997,0,Frequent Flyers
8232.0,0,1,1,1,0.0,0,0.0,0.0,258,0,Inactive Base
58816.0,0,1,1,1,4600.0,5,783.75,2.5,570,0,Frequent Flyers
24295.0,0,1,1,1,250.0,2,250.0,2.0,621,0,Inactive Base
20198.0,0,1,1,1,3139.0,2,783.75,2.0,601,0,Frequent Flyers
24454.0,0,1,1,1,1919.0,7,0.0,0.0,732,0,Inactive Base
7847.0,0,1,1,1,0.0,0,0.0,0.0,284,0,Inactive Base
29056.0,0,1,1,1,4354.0,14,0.0,0.0,715,0,Inactive Base
42071.0,0,1,1,1,500.0,1,0.0,0.0,502,0,Inactive Base
570.0,0,1,1,1,180.0,4,0.0,0.0,785,0,Inactive Base
8904.0,0,1,1,1,3740.0,14,0.0,0.0,898,1,Inactive Base
4354.0,0,1,1,1,1000.0,1,0.0,0.0,706,0,Inactive Base
2000.0,0,1,1,1,0.0,0,0.0,0.0,165,0,Inactive Base
57346.0,0,1,1,1,7946.0,6,783.75,2.5,492,0,Frequent Flyers
11303.0,0,1,1,1,0.0,0,0.0,0.0,119,0,Inactive Base
642.0,0,1,1,1,0.0,0,0.0,0.0,355,0,Inactive Base
1000.0,0,1,1,1,0.0,0,0.0,0.0,500,0,Inactive Base
5269.0,0,3,1,1,22697.0,13,0.0,0.0,604,1,Bonus Accumulators
38995.0,0,1,1,1,1200.0,2,200.0,1.0,563,0,Inactive Base
4652.0,0,1,1,1,0.0,0,0.0,0.0,207,0,Inactive Base
500.0,0,1,1,1,0.0,0,0.0,0.0,340,0,Inactive Base
4546.0,0,1,1,1,1000.0,1,0.0,0.0,239,0,Inactive Base
31673.0,0,1,1,1,2500.0,1,0.0,0.0,283,0,Inactive Base
8684.0,0,1,1,1,0.0,0,0.0,0.0,544,0,Inactive Base
2104.0,0,1,1,1,0.0,0,0.0,0.0,466,0,Inactive Base
862.0,0,1,1,1,0.0,0,0.0,0.0,8,0,Inactive Base
972.0,0,1,1,1,0.0,0,0.0,0.0,2,0,Inactive Base
4490.0,0,1,1,1,0.0,0,0.0,0.0,107,0,Inactive Base
13560.0,0,1,1,1,0.0,0,0.0,0.0,368,0,Inactive Base
2000.0,0,1,1,1,0.0,0,0.0,0.0,520,0,Inactive Base
8964.0,0,1,1,1,0.0,0,0.0,0.0,594,0,Inactive Base
1837.0,0,1,1,1,1000.0,1,0.0,0.0,219,0,Inactive Base
500.0,0,1,1,1,0.0,0,0.0,0.0,122,0,Inactive Base
4090.0,0,1,1,1,0.0,0,0.0,0.0,59,0,Inactive Base
12264.0,0,1,1,1,0.0,0,0.0,0.0,267,0,Inactive Base
54950.0,0,3,1,1,30500.0,9,0.0,0.0,450,0,Inactive Base
16094.0,0,1,1,1,0.0,0,0.0,0.0,199,0,Inactive Base
1000.0,0,1,1,1,0.0,0,0.0,0.0,594,0,Inactive Base
6705.0,0,1,1,1,600.0,2,0.0,0.0,507,0,Inactive Base
6338.0,0,1,1,1,0.0,0,0.0,0.0,322,0,Inactive Base
3110.0,0,1,1,1,1100.0,2,0.0,0.0,345,0,Inactive Base
3000.0,0,1,1,1,1000.0,1,0.0,0.0,270,0,Inactive Base
23257.0,0,1,1,1,0.0,0,0.0,0.0,361,0,Inactive Base
18933.0,0,1,1,1,0.0,0,0.0,0.0,284,0,Inactive Base
93198.0,0,3,1,1,28923.0,18,0.0,0.0,500,0,Bonus Accumulators
9862.0,0,1,1,1,1693.0,3,693.0,2.0,309,0,Inactive Base
16501.0,0,1,1,1,0.0,0,0.0,0.0,360,0,Inactive Base
9264.0,0,1,1,1,4830.0,15,0.0,0.0,424,0,Inactive Base
4676.0,0,1,1,1,0.0,0,0.0,0.0,141,0,Inactive Base
4636.0,0,1,1,1,0.0,0,0.0,0.0,42,0,Inactive Base
3065.0,0,1,1,1,0.0,0,0.0,0.0,87,0,Inactive Base
3230.0,0,1,1,1,0.0,0,0.0,0.0,10,0,Inactive Base
8660.0,0,1,1,1,0.0,0,0.0,0.0,172,0,Inactive Base
1500.0,0,1,1,1,0.0,0,0.0,0.0,60,0,Inactive Base
2627.0,0,1,1,1,0.0,0,0.0,0.0,25,0,Inactive Base
1224.0,0,1,1,1,0.0,0,0.0,0.0,269,0,Inactive Base
12602.0,0,1,1,1,5632.0,5,500.0,1.0,158,0,Inactive Base
1022.0,0,1,1,1,0.0,0,0.0,0.0,277,0,Inactive Base
3788.0,0,1,1,1,0.0,0,0.0,0.0,61,0,Inactive Base
1446.0,0,1,1,1,0.0,0,0.0,0.0,99,0,Inactive Base
20882.0,0,1,1,1,1000.0,1,0.0,0.0,328,0,Inactive Base
5450.0,0,1,1,1,125.0,3,0.0,0.0,687,0,Inactive Base
25730.0,0,1,1,1,1431.0,3,783.75,2.0,630,0,Frequent Flyers
6835.0,0,1,1,1,765.0,3,0.0,0.0,596,0,Inactive Base
16936.0,0,1,1,1,14970.0,2,0.0,0.0,580,0,Inactive Base
20410.0,0,1,1,1,0.0,0,0.0,0.0,541,0,Inactive Base
1500.0,0,1,1,1,0.0,0,0.0,0.0,480,0,Inactive Base
27759.0,0,1,1,1,7195.0,5,0.0,0.0,499,0,Inactive Base
500.0,0,1,1,1,500.0,1,0.0,0.0,493,0,Inactive Base
25054.0,0,3,1,1,32592.0,17,783.75,2.5,486,1,Frequent Flyers
4751.0,0,1,1,1,0.0,0,0.0,0.0,334,0,Inactive Base
5354.0,0,1,1,1,0.0,0,0.0,0.0,32,0,Inactive Base
1500.0,0,1,1,1,1500.0,1,0.0,0.0,235,0,Inactive Base
6356.0,0,1,1,1,5000.0,1,0.0,0.0,180,0,Inactive Base
642.0,0,1,1,1,642.0,3,0.0,0.0,170,0,Inactive Base
7504.0,0,1,1,1,0.0,0,0.0,0.0,100,0,Inactive Base
6015.0,0,1,1,1,0.0,0,0.0,0.0,30,0,Inactive Base
27488.0,0,3,1,1,23927.0,21,0.0,0.0,2273,1,Bonus Accumulators
39956.0,0,1,1,1,0.0,0,0.0,0.0,3206,0,Inactive Base
35569.0,0,2,1,1,27119.0,21,0.0,0.0,3357,0,Bonus Accumulators
55472.0,0,3,1,1,17848.0,18,783.75,2.5,3566,1,Frequent Flyers
15682.0,0,1,1,1,5025.0,6,500.0,1.0,3298,1,Inactive Base
70178.0,0,5,1,1,57651.875,12,783.75,2.5,3306,1,Frequent Flyers
203211.125,0,1,1,1,10300.0,5,200.0,2.5,3554,1,Frequent Flyers
77978.0,0,1,1,1,1373.0,10,650.0,2.5,3753,1,Frequent Flyers
203211.125,0,1,1,1,14000.0,13,783.75,2.5,3557,1,Frequent Flyers
68684.0,0,2,1,1,5756.0,13,0.0,0.0,2892,0,Inactive Base
23352.0,0,1,1,1,3600.0,8,783.75,2.5,1459,0,Frequent Flyers
24228.0,0,1,1,1,2850.0,15,0.0,0.0,3452,0,Inactive Base
19483.0,0,1,1,1,4263.0,18,0.0,0.0,3589,1,Inactive Base
78231.0,0,3,1,1,19182.0,13,0.0,0.0,3102,1,Bonus Accumulators
74531.0,0,1,2,1,10914.0,17,750.0,2.5,3456,1,Frequent Flyers
83276.0,0,3,1,1,22539.0,8,650.0,2.0,3424,0,Frequent Flyers
21216.0,0,2,1,1,7787.0,12,0.0,0.0,3378,0,Inactive Base
17967.0,0,1,1,1,1500.0,5,0.0,0.0,3340,0,Inactive Base
4000.0,0,1,1,1,0.0,0,0.0,0.0,3453,0,Inactive Base
74651.0,0,2,1,1,10893.0,22,0.0,0.0,3456,0,Inactive Base
400.0,0,1,1,1,160.0,1,0.0,0.0,3460,0,Inactive Base
35766.0,0,4,1,1,49702.0,20,783.75,1.0,3503,1,Frequent Flyers
2000.0,0,1,1,1,0.0,0,0.0,0.0,3188,0,Inactive Base
48296.0,0,3,1,1,31329.0,9,500.0,1.0,3061,0,Bonus Accumulators
203211.125,0,5,1,1,57651.875,26,600.0,2.0,3288,1,Frequent Flyers
140544.0,0,1,1,1,1021.0,3,500.0,1.0,3342,0,Inactive Base
43971.0,0,1,1,1,1491.0,11,0.0,0.0,2350,0,Inactive Base
10635.0,0,4,1,1,45212.0,20,0.0,0.0,2131,1,Bonus Accumulators
13986.0,0,1,1,1,400.0,1,400.0,1.0,3398,0,Inactive Base
46269.0,0,3,1,1,20594.0,14,0.0,0.0,3487,1,Bonus Accumulators
27712.0,0,1,1,1,750.0,2,750.0,2.0,3491,0,Frequent Flyers
35850.0,0,1,3,1,17759.0,18,0.0,0.0,3439,0,Inactive Base
7630.0,0,1,1,1,220.0,3,0.0,0.0,3403,0,Inactive Base
31541.0,0,1,1,1,5101.0,12,0.0,0.0,3488,0,Inactive Base
8009.0,0,1,1,1,8102.0,12,783.75,2.5,3279,1,Frequent Flyers
14791.0,0,3,1,1,23956.0,26,300.0,2.0,2689,1,Frequent Flyers
65141.0,0,4,1,1,31463.0,26,783.75,2.0,3452,0,Frequent Flyers
68907.0,0,4,1,1,33434.0,10,0.0,0.0,3365,0,Bonus Accumulators
27669.0,0,1,1,1,3219.0,7,0.0,0.0,3413,0,Inactive Base
62589.0,0,1,1,1,10000.0,4,0.0,0.0,2803,1,Inactive Base
203211.125,0,1,2,1,23592.0,31,783.75,2.5,3463,1,Frequent Flyers
97768.0,0,4,1,1,26734.0,13,0.0,0.0,3119,0,Bonus Accumulators
73159.0,0,1,1,1,358.0,4,358.0,2.5,3237,0,Frequent Flyers
48577.0,0,4,1,1,34224.0,16,0.0,0.0,2794,0,Bonus Accumulators
70614.0,0,4,1,1,32417.0,18,0.0,0.0,3519,1,Bonus Accumulators
38827.0,0,1,1,1,0.0,0,0.0,0.0,2993,0,Inactive Base
29919.0,0,1,1,1,1225.0,3,0.0,0.0,2949,0,Inactive Base
9673.0,0,1,1,1,0.0,0,0.0,0.0,2501,0,Inactive Base
72309.0,0,4,1,1,41949.0,20,289.0,2.0,1735,1,Frequent Flyers
55473.0,0,2,1,1,10156.0,7,0.0,0.0,1751,0,Inactive Base
706.0,0,1,1,1,730.0,3,100.0,1.0,1739,1,Inactive Base
7698.0,0,1,1,1,0.0,0,0.0,0.0,1734,0,Inactive Base
72019.0,0,3,1,1,20430.0,8,0.0,0.0,1789,1,Bonus Accumulators
89876.0,0,4,1,1,51620.0,17,0.0,0.0,1739,0,Bonus Accumulators
19821.0,0,1,1,1,2525.0,3,425.0,1.0,1731,0,Inactive Base
6850.0,0,1,1,1,2225.0,11,0.0,0.0,1719,0,Inactive Base
32091.0,0,1,1,1,8426.0,17,783.75,2.0,1731,1,Frequent Flyers
26055.0,0,1,1,1,3320.0,14,0.0,0.0,1727,0,Inactive Base
122488.0,0,1,1,1,2800.0,17,783.75,2.5,1718,1,Frequent Flyers
126028.0,0,3,1,1,23974.0,19,668.0,1.0,1716,0,Frequent Flyers
94201.0,0,3,1,1,21559.0,13,0.0,0.0,1716,0,Bonus Accumulators
6240.0,0,1,1,1,0.0,0,0.0,0.0,1679,0,Inactive Base
13899.0,0,1,1,1,5125.0,31,0.0,0.0,1705,0,Inactive Base
15832.0,0,1,1,1,8130.0,20,500.0,1.0,1698,1,Frequent Flyers
891.0,0,1,1,1,891.0,8,0.0,0.0,1703,0,Inactive Base
21787.0,0,1,1,1,1500.0,5,0.0,0.0,1704,0,Inactive Base
71502.0,0,2,1,1,9482.0,13,0.0,0.0,1699,0,Inactive Base
3420.0,0,1,1,1,1750.0,7,0.0,0.0,1690,0,Inactive Base
7535.0,0,3,1,1,18487.0,20,0.0,0.0,1678,1,Bonus Accumulators
28132.0,0,1,1,1,465.0,5,0.0,0.0,1702,0,Inactive Base
67329.0,0,1,1,1,6500.0,3,0.0,0.0,1696,1,Inactive Base
20971.0,0,4,1,1,43527.0,34,0.0,0.0,1695,1,Bonus Accumulators
11500.0,0,1,1,1,0.0,0,0.0,0.0,1695,0,Inactive Base
15275.0,0,1,1,1,2750.0,8,0.0,0.0,1694,0,Inactive Base
166638.0,0,5,1,1,57651.875,22,0.0,0.0,1697,0,Bonus Accumulators
86500.0,0,4,1,1,51740.0,20,0.0,0.0,1691,0,Bonus Accumulators
5500.0,0,1,1,1,5500.0,11,783.75,2.5,1690,0,Frequent Flyers
62121.0,0,1,1,1,3602.0,9,0.0,0.0,1692,0,Inactive Base
66315.0,0,1,1,1,8096.0,9,0.0,0.0,1689,0,Inactive Base
4342.0,0,1,1,1,0.0,0,0.0,0.0,1678,0,Inactive Base
24838.0,0,1,1,1,500.0,1,0.0,0.0,1684,0,Inactive Base
23165.0,0,1,1,1,5990.0,15,150.0,1.0,1678,1,Inactive Base
25992.0,0,3,1,1,24333.0,10,0.0,0.0,1678,1,Bonus Accumulators
59782.0,0,1,1,1,7500.0,7,783.75,2.5,1681,1,Frequent Flyers
64131.0,0,1,1,1,7676.0,15,783.75,2.5,1681,1,Frequent Flyers
96179.0,0,3,1,1,32069.0,14,400.0,2.0,1667,0,Frequent Flyers
101431.0,0,4,1,1,49801.0,19,0.0,0.0,1677,0,Bonus Accumulators
12824.0,0,1,1,1,500.0,4,0.0,0.0,1677,0,Inactive Base
130595.0,0,1,1,1,0.0,0,0.0,0.0,1677,0,Inactive Base
8150.0,0,1,2,1,14135.0,38,500.0,2.0,1676,1,Frequent Flyers
22291.0,0,1,1,1,3812.0,11,578.0,2.0,1675,0,Frequent Flyers
203211.125,0,1,1,1,5159.0,5,0.0,0.0,1672,0,Inactive Base
16079.0,0,1,1,1,6085.0,4,0.0,0.0,1670,0,Inactive Base
10630.0,0,1,1,1,550.0,6,0.0,0.0,1670,0,Inactive Base
23027.0,0,1,1,1,3375.0,15,0.0,0.0,1669,0,Inactive Base
112345.0,0,4,1,1,36640.0,14,0.0,0.0,1669,0,Bonus Accumulators
7500.0,0,1,1,1,2950.0,8,783.75,2.5,1668,0,Frequent Flyers
4351.0,0,1,1,1,0.0,0,0.0,0.0,1659,0,Inactive Base
97510.0,0,5,1,1,57651.875,38,783.75,2.5,1665,1,Frequent Flyers
104656.0,0,1,1,1,5000.0,3,0.0,0.0,1663,0,Inactive Base
9575.0,0,1,1,1,0.0,0,0.0,0.0,1835,0,Inactive Base
55152.0,0,3,1,1,14630.0,14,0.0,0.0,1662,0,Inactive Base
12855.0,0,1,1,1,0.0,0,0.0,0.0,1653,0,Inactive Base
11947.0,0,1,2,1,8099.0,14,783.75,2.0,1656,1,Frequent Flyers
24893.0,0,1,1,1,0.0,0,0.0,0.0,1652,0,Inactive Base
17534.0,0,1,1,1,0.0,0,0.0,0.0,1656,0,Inactive Base
37165.0,0,3,1,1,19715.0,15,0.0,0.0,1654,0,Inactive Base
190730.0,0,5,1,1,57651.875,28,783.75,2.5,1648,1,Frequent Flyers
4680.0,0,1,1,1,135.0,3,0.0,0.0,1646,1,Inactive Base
10845.0,0,1,1,1,0.0,0,0.0,0.0,1621,0,Inactive Base
22998.0,0,1,1,1,0.0,0,0.0,0.0,1644,0,Inactive Base
15635.0,0,1,1,1,410.0,3,0.0,0.0,1612,0,Inactive Base
35650.0,0,3,1,1,23130.0,34,0.0,0.0,1640,0,Bonus Accumulators
3126.0,0,1,1,1,100.0,1,0.0,0.0,1634,0,Inactive Base
33245.0,0,3,1,1,31390.0,17,0.0,0.0,1628,1,Bonus Accumulators
16152.0,0,1,1,1,6129.0,19,500.0,2.5,1635,1,Frequent Flyers
15624.0,0,1,1,1,0.0,0,0.0,0.0,1634,0,Inactive Base
59151.0,0,3,1,1,11110.0,13,0.0,0.0,1636,0,Inactive Base
30500.0,0,1,1,1,0.0,0,0.0,0.0,1628,0,Inactive Base
88404.0,0,4,1,1,37304.0,29,500.0,1.0,1628,0,Bonus Accumulators
33017.0,0,2,1,1,10333.0,18,0.0,0.0,1622,0,Inactive Base
16883.0,0,1,1,1,4398.0,12,500.0,2.0,1626,1,Frequent Flyers
23188.0,0,1,1,1,1291.0,8,0.0,0.0,1627,0,Inactive Base
56289.0,0,3,1,1,24051.0,15,0.0,0.0,1628,1,Bonus Accumulators
5346.0,0,1,1,1,0.0,0,0.0,0.0,1621,0,Inactive Base
24475.0,0,1,1,1,800.0,8,783.75,2.5,1614,0,Frequent Flyers
25753.0,0,1,1,1,3400.0,21,0.0,0.0,1614,0,Inactive Base
70659.0,0,2,1,1,9178.0,8,0.0,0.0,1622,0,Inactive Base
63162.0,0,3,1,1,27564.0,8,0.0,0.0,1600,1,Bonus Accumulators
17472.0,0,1,1,1,500.0,1,0.0,0.0,1618,0,Inactive Base
6058.0,0,1,1,1,0.0,0,0.0,0.0,1608,0,Inactive Base
11005.0,0,1,1,1,5736.0,3,0.0,0.0,1609,0,Inactive Base
32424.0,0,4,1,1,39635.0,16,0.0,0.0,1584,1,Bonus Accumulators
31784.0,0,1,1,1,350.0,1,350.0,1.0,1604,0,Inactive Base
126167.0,0,5,1,1,57651.875,15,0.0,0.0,1612,1,Bonus Accumulators
17079.0,0,1,1,1,4000.0,3,0.0,0.0,1605,0,Inactive Base
35493.0,0,1,1,1,0.0,0,0.0,0.0,1602,0,Inactive Base
84979.0,0,4,1,1,36702.0,16,0.0,0.0,1600,0,Bonus Accumulators
22029.0,0,1,1,1,2882.0,14,0.0,0.0,1597,0,Inactive Base
771.0,0,1,1,1,13160.0,4,0.0,0.0,1601,1,Inactive Base
50416.0,0,1,1,1,4574.0,13,450.0,1.0,1597,0,Inactive Base
81866.0,0,1,1,1,10000.0,4,0.0,0.0,1591,1,Inactive Base
85696.0,0,3,1,1,18603.0,14,0.0,0.0,1591,0,Bonus Accumulators
134882.0,0,3,1,1,15717.0,14,0.0,0.0,1597,0,Bonus Accumulators
3919.0,0,1,1,1,500.0,1,0.0,0.0,1591,0,Inactive Base
43310.0,0,1,1,1,10058.0,13,0.0,0.0,1589,0,Inactive Base
18148.0,0,1,1,1,26.0,3,0.0,0.0,1565,0,Inactive Base
51653.0,0,2,1,1,11052.0,14,0.0,0.0,1571,0,Inactive Base
179832.0,0,3,1,1,18218.0,20,783.75,2.5,1569,1,Frequent Flyers
44324.0,0,1,1,1,650.0,4,650.0,2.5,1583,0,Frequent Flyers
90666.0,0,4,1,1,32474.0,14,0.0,0.0,1582,0,Bonus Accumulators
10741.0,0,1,1,1,6593.0,8,783.75,2.0,1579,1,Frequent Flyers
69954.0,0,1,1,1,8500.0,5,500.0,1.0,1578,0,Inactive Base
13004.0,0,1,1,1,13890.0,38,0.0,0.0,1572,1,Bonus Accumulators
29657.0,0,1,1,1,8092.0,4,0.0,0.0,1592,0,Inactive Base
11974.0,0,1,1,1,4025.0,12,783.75,2.5,1565,1,Frequent Flyers
18601.0,0,2,1,1,5899.0,12,0.0,0.0,1600,0,Inactive Base
27604.0,0,1,1,1,1570.0,6,0.0,0.0,1555,0,Inactive Base
126490.0,0,1,1,1,8808.0,15,783.75,2.5,1566,0,Frequent Flyers
57642.0,0,4,1,1,52176.0,15,0.0,0.0,1564,1,Bonus Accumulators
14598.0,0,1,1,1,625.0,5,0.0,0.0,1562,0,Inactive Base
6822.0,0,1,1,1,0.0,0,0.0,0.0,1559,0,Inactive Base
55922.0,0,1,1,1,8104.0,19,783.75,2.5,1552,0,Frequent Flyers
9620.0,0,1,1,1,500.0,1,0.0,0.0,1523,0,Inactive Base
12966.0,0,3,1,1,15021.0,16,783.75,2.5,1553,1,Frequent Flyers
39450.0,0,1,1,1,0.0,0,0.0,0.0,1529,0,Inactive Base
121156.0,0,1,1,1,12245.0,6,783.75,2.0,1538,1,Frequent Flyers
28028.0,0,1,1,1,0.0,0,0.0,0.0,1548,0,Inactive Base
130748.0,0,4,1,1,57651.875,37,783.75,2.5,1545,0,Frequent Flyers
17481.0,0,1,1,1,0.0,0,0.0,0.0,1535,0,Inactive Base
5000.0,0,1,1,1,5000.0,1,0.0,0.0,1537,0,Inactive Base
22885.0,0,1,1,1,1060.0,2,0.0,0.0,1541,0,Inactive Base
26065.0,0,1,1,1,5600.0,6,783.75,2.5,1530,1,Frequent Flyers
10760.0,0,1,1,1,0.0,0,0.0,0.0,1534,0,Inactive Base
9312.0,0,1,1,1,3405.0,8,250.0,1.0,1527,1,Inactive Base
14775.0,0,1,1,1,14275.0,9,0.0,0.0,1519,0,Inactive Base
8060.0,0,1,1,1,1750.0,4,0.0,0.0,1534,0,Inactive Base
89222.0,0,1,1,1,0.0,0,0.0,0.0,1528,0,Inactive Base
16148.0,0,1,1,1,2625.0,14,0.0,0.0,1529,0,Inactive Base
4316.0,0,1,1,1,1375.0,4,0.0,0.0,1515,0,Inactive Base
9372.0,0,1,1,1,0.0,0,0.0,0.0,1524,1,Inactive Base
40424.0,0,4,1,1,44110.0,26,343.0,2.5,1523,1,Frequent Flyers
49519.0,0,3,1,1,25762.0,18,0.0,0.0,1522,1,Bonus Accumulators
37305.0,0,2,1,1,10205.0,13,0.0,0.0,1513,1,Inactive Base
7273.0,0,1,1,1,375.0,3,0.0,0.0,1517,0,Inactive Base
76595.0,0,1,1,1,10577.0,2,783.75,1.0,1515,0,Inactive Base
33629.0,0,1,1,1,4970.0,10,150.0,1.0,1500,0,Inactive Base
14440.0,0,1,1,1,365.0,2,0.0,0.0,1502,1,Inactive Base
62339.0,0,1,1,1,0.0,0,0.0,0.0,1507,0,Inactive Base
53040.0,0,1,1,1,3960.0,9,0.0,0.0,1595,0,Inactive Base
40346.0,0,2,1,1,5412.0,13,0.0,0.0,1483,0,Inactive Base
23835.0,0,1,1,1,0.0,0,0.0,0.0,1488,0,Inactive Base
17613.0,0,1,1,1,5030.0,9,0.0,0.0,1495,1,Inactive Base
2131.0,0,1,1,1,405.0,3,0.0,0.0,1480,0,Inactive Base
20885.0,0,1,1,1,751.0,12,0.0,0.0,1494,0,Inactive Base
2124.0,0,1,1,1,2324.0,2,0.0,0.0,1487,1,Inactive Base
62645.0,0,1,1,1,19602.0,11,0.0,0.0,1474,0,Inactive Base
139032.0,0,3,1,1,19565.0,17,783.75,2.5,1481,0,Frequent Flyers
45533.0,0,2,1,1,12247.0,20,0.0,0.0,1486,0,Inactive Base
35509.0,0,3,1,1,14204.0,13,0.0,0.0,1486,0,Inactive Base
170632.0,0,1,1,1,4650.0,3,0.0,0.0,1480,0,Inactive Base
59650.0,0,1,1,1,5050.0,16,783.75,2.5,1476,0,Frequent Flyers
8273.0,0,1,1,1,0.0,0,0.0,0.0,1474,0,Inactive Base
5425.0,0,1,1,1,2000.0,9,0.0,0.0,1412,0,Inactive Base
59927.0,0,1,1,1,3100.0,3,0.0,0.0,1464,1,Inactive Base
33972.0,0,3,1,1,21029.0,29,0.0,0.0,1467,1,Bonus Accumulators
71794.0,0,1,1,1,6000.0,3,0.0,0.0,1453,0,Inactive Base
47301.0,0,1,1,1,4561.0,4,0.0,0.0,1464,0,Inactive Base
60854.0,0,1,1,1,5240.0,5,0.0,0.0,1457,0,Inactive Base
11680.0,0,1,1,1,1460.0,3,0.0,0.0,1459,0,Inactive Base
13942.0,0,1,2,1,5822.0,12,0.0,0.0,1458,0,Inactive Base
24917.0,0,1,1,1,3948.0,14,0.0,0.0,1457,0,Inactive Base
131125.0,0,1,1,1,4993.0,11,50.0,1.0,1443,0,Inactive Base
19640.0,0,1,1,1,935.0,3,0.0,0.0,1451,0,Inactive Base
31611.0,0,1,1,1,4030.0,12,0.0,0.0,1457,0,Inactive Base
16014.0,0,1,1,1,0.0,0,0.0,0.0,1450,0,Inactive Base
16063.0,0,1,1,1,2330.0,9,0.0,0.0,1447,0,Inactive Base
91605.0,0,4,1,1,37840.0,18,0.0,0.0,1444,0,Bonus Accumulators
26504.0,0,2,1,1,10599.0,29,783.75,2.5,1445,0,Frequent Flyers
62907.0,0,1,1,1,3200.0,3,200.0,1.0,1431,0,Inactive Base
12532.0,0,1,1,1,2069.0,9,0.0,0.0,1445,0,Inactive Base
52584.0,0,1,1,1,2500.0,1,0.0,0.0,1439,0,Inactive Base
20954.0,0,1,1,1,375.0,3,0.0,0.0,1438,0,Inactive Base
35185.0,0,2,1,1,5957.0,7,0.0,0.0,1439,0,Inactive Base
72297.0,0,3,1,1,16241.0,16,0.0,0.0,1587,1,Bonus Accumulators
58387.0,0,3,1,1,14581.0,38,0.0,0.0,1435,0,Bonus Accumulators
9128.0,0,1,1,1,0.0,0,0.0,0.0,1424,0,Inactive Base
37520.0,0,1,1,1,19924.0,6,0.0,0.0,1432,0,Inactive Base
9399.0,0,1,1,1,2125.0,10,0.0,0.0,1430,0,Inactive Base
10071.0,0,2,1,1,27701.0,16,0.0,0.0,1421,1,Bonus Accumulators
57793.0,0,3,1,1,20959.0,15,783.75,2.5,1424,1,Frequent Flyers
28867.0,0,3,1,1,19169.0,28,0.0,0.0,1425,0,Bonus Accumulators
1010.0,0,1,1,1,0.0,0,0.0,0.0,1423,0,Inactive Base
11463.0,0,1,1,1,339.0,4,0.0,0.0,1425,0,Inactive Base
26173.0,0,1,1,1,305.0,1,0.0,0.0,1418,0,Inactive Base
404.0,0,1,1,1,550.0,3,0.0,0.0,1418,0,Inactive Base
59017.0,0,4,1,1,34746.0,25,0.0,0.0,1418,0,Bonus Accumulators
34235.0,0,1,1,1,18910.0,7,250.0,1.0,1415,0,Inactive Base
11933.0,0,1,1,1,249.0,3,79.0,1.0,1412,1,Inactive Base
5000.0,0,1,1,1,2125.0,3,0.0,0.0,1412,0,Inactive Base
2622.0,0,1,1,1,1625.0,6,0.0,0.0,1404,1,Inactive Base
11310.0,0,1,1,1,5021.0,2,0.0,0.0,1409,0,Inactive Base
39142.0,0,3,1,1,14981.0,28,0.0,0.0,1408,0,Bonus Accumulators
11181.0,0,1,1,1,929.0,12,0.0,0.0,1407,0,Inactive Base
3974.0,0,1,1,1,365.0,3,0.0,0.0,1397,0,Inactive Base
18476.0,0,1,1,1,8525.0,4,200.0,1.0,1403,1,Inactive Base
64385.0,0,1,1,1,981.0,5,0.0,0.0,1395,1,Inactive Base
73597.0,0,3,1,1,25447.0,8,0.0,0.0,1402,1,Bonus Accumulators
54899.0,0,1,1,1,500.0,1,500.0,1.0,1401,0,Inactive Base
3016.0,0,1,1,1,0.0,0,0.0,0.0,1398,0,Inactive Base
